map,pair,start_r,start_c,goal_r,goal_c,method,admissible,found,path_cost,optimal_cost,optimal,cost_excess_pct,path_len,expanded,expanded_ratio,efficiency,h_start_ratio,time_ms
tmc16,0,10,15,0,11,BranchAndBound,true,true,114,114,true,0.000,15,137,1.0000,0.1095,0.0000,0.121
tmc16,0,10,15,0,11,AStar-Euclidean,true,true,114,114,true,0.000,15,106,0.7737,0.1415,0.0877,0.079
tmc16,0,10,15,0,11,AStar-Manhattan,true,true,114,114,true,0.000,15,105,0.7664,0.1429,0.1228,0.075
tmc16,0,10,15,0,11,AStar-Ascent,true,true,114,114,true,0.000,15,96,0.7007,0.1563,0.8772,0.054
tmc16,0,10,15,0,11,AStar-Manhattan+Ascent,true,true,114,114,true,0.000,15,50,0.3650,0.3000,1.0000,0.022
tmc16,0,10,15,0,11,AStar-AbsHeight,false,true,114,114,true,0.000,15,96,0.7007,0.1563,0.8772,0.051
tmc16,1,11,8,2,14,BranchAndBound,true,true,17,17,true,0.000,18,59,1.0000,0.3051,0.0000,0.041
tmc16,1,11,8,2,14,AStar-Euclidean,true,true,17,17,true,0.000,18,39,0.6610,0.4615,0.5882,0.025
tmc16,1,11,8,2,14,AStar-Manhattan,true,true,17,17,true,0.000,18,29,0.4915,0.6207,0.8824,0.016
tmc16,1,11,8,2,14,AStar-Ascent,true,true,17,17,true,0.000,18,59,1.0000,0.3051,0.0000,0.036
tmc16,1,11,8,2,14,AStar-Manhattan+Ascent,true,true,17,17,true,0.000,18,29,0.4915,0.6207,0.8824,0.014
tmc16,1,11,8,2,14,AStar-AbsHeight,false,true,17,17,true,0.000,18,51,0.8644,0.3529,4.1176,0.029
tmc16,2,0,13,7,5,BranchAndBound,true,true,55,55,true,0.000,16,134,1.0000,0.1194,0.0000,0.116
tmc16,2,0,13,7,5,AStar-Euclidean,true,true,55,55,true,0.000,16,130,0.9701,0.1231,0.1818,0.109
tmc16,2,0,13,7,5,AStar-Manhattan,true,true,55,55,true,0.000,16,130,0.9701,0.1231,0.2727,0.102
tmc16,2,0,13,7,5,AStar-Ascent,true,true,55,55,true,0.000,16,132,0.9851,0.1212,0.0000,0.099
tmc16,2,0,13,7,5,AStar-Manhattan+Ascent,true,true,55,55,true,0.000,16,127,0.9478,0.1260,0.2727,0.094
tmc16,2,0,13,7,5,AStar-AbsHeight,false,true,77,55,false,40.000,18,129,0.9627,0.1395,1.4545,0.098
tmc16,3,11,2,5,9,BranchAndBound,true,true,105,105,true,0.000,16,179,1.0000,0.0894,0.0000,0.173
tmc16,3,11,2,5,9,AStar-Euclidean,true,true,105,105,true,0.000,16,177,0.9888,0.0904,0.0857,0.174
tmc16,3,11,2,5,9,AStar-Manhattan,true,true,105,105,true,0.000,16,176,0.9832,0.0909,0.1238,0.169
tmc16,3,11,2,5,9,AStar-Ascent,true,true,105,105,true,0.000,16,120,0.6704,0.1333,0.0000,0.087
tmc16,3,11,2,5,9,AStar-Manhattan+Ascent,true,true,105,105,true,0.000,16,119,0.6648,0.1345,0.1238,0.087
tmc16,3,11,2,5,9,AStar-AbsHeight,false,true,123,105,false,17.143,24,157,0.8771,0.1529,0.1905,0.138
tmc16,4,1,5,7,1,BranchAndBound,true,true,22,22,true,0.000,13,26,1.0000,0.5000,0.0000,0.017
tmc16,4,1,5,7,1,AStar-Euclidean,true,true,22,22,true,0.000,13,23,0.8846,0.5652,0.3182,0.012
tmc16,4,1,5,7,1,AStar-Manhattan,true,true,22,22,true,0.000,13,22,0.8462,0.5909,0.4545,0.010
tmc16,4,1,5,7,1,AStar-Ascent,true,true,22,22,true,0.000,13,26,1.0000,0.5000,0.0000,0.011
tmc16,4,1,5,7,1,AStar-Manhattan+Ascent,true,true,22,22,true,0.000,13,22,0.8462,0.5909,0.4545,0.008
tmc16,4,1,5,7,1,AStar-AbsHeight,false,true,42,22,false,90.909,13,21,0.8077,0.6190,3.1818,0.010
tmc16,5,6,3,15,4,BranchAndBound,true,true,126,126,true,0.000,17,195,1.0000,0.0872,0.0000,0.208
tmc16,5,6,3,15,4,AStar-Euclidean,true,true,126,126,true,0.000,17,163,0.8359,0.1043,0.0714,0.160
tmc16,5,6,3,15,4,AStar-Manhattan,true,true,126,126,true,0.000,17,161,0.8256,0.1056,0.0794,0.158
tmc16,5,6,3,15,4,AStar-Ascent,true,true,126,126,true,0.000,17,106,0.5436,0.1604,0.4762,0.080
tmc16,5,6,3,15,4,AStar-Manhattan+Ascent,true,true,126,126,true,0.000,17,65,0.3333,0.2615,0.5556,0.041
tmc16,5,6,3,15,4,AStar-AbsHeight,false,true,126,126,true,0.000,17,100,0.5128,0.1700,0.4762,0.066
tmc16,6,14,13,15,1,BranchAndBound,true,true,113,113,true,0.000,14,134,1.0000,0.1045,0.0000,0.119
tmc16,6,14,13,15,1,AStar-Euclidean,true,true,113,113,true,0.000,14,114,0.8507,0.1228,0.1062,0.091
tmc16,6,14,13,15,1,AStar-Manhattan,true,true,113,113,true,0.000,14,109,0.8134,0.1284,0.1150,0.078
tmc16,6,14,13,15,1,AStar-Ascent,true,true,113,113,true,0.000,14,76,0.5672,0.1842,0.8850,0.044
tmc16,6,14,13,15,1,AStar-Manhattan+Ascent,true,true,113,113,true,0.000,14,17,0.1269,0.8235,1.0000,0.007
tmc16,6,14,13,15,1,AStar-AbsHeight,false,true,113,113,true,0.000,14,76,0.5672,0.1842,0.8850,0.036
tmc16,7,12,14,0,0,BranchAndBound,true,true,126,126,true,0.000,27,195,1.0000,0.1385,0.0000,0.200
tmc16,7,12,14,0,0,AStar-Euclidean,true,true,126,126,true,0.000,27,156,0.8000,0.1731,0.1429,0.143
tmc16,7,12,14,0,0,AStar-Manhattan,true,true,126,126,true,0.000,27,141,0.7231,0.1915,0.2063,0.126
tmc16,7,12,14,0,0,AStar-Ascent,true,true,126,126,true,0.000,27,122,0.6256,0.2213,0.7937,0.082
tmc16,7,12,14,0,0,AStar-Manhattan+Ascent,true,true,126,126,true,0.000,27,73,0.3744,0.3699,1.0000,0.049
tmc16,7,12,14,0,0,AStar-AbsHeight,false,true,126,126,true,0.000,27,121,0.6205,0.2231,0.7937,0.077
tmc16,8,8,1,0,12,BranchAndBound,true,true,121,121,true,0.000,22,194,1.0000,0.1134,0.0000,0.211
tmc16,8,8,1,0,12,AStar-Euclidean,true,true,121,121,true,0.000,22,142,0.7320,0.1549,0.1074,0.120
tmc16,8,8,1,0,12,AStar-Manhattan,true,true,121,121,true,0.000,22,135,0.6959,0.1630,0.1570,0.112
tmc16,8,8,1,0,12,AStar-Ascent,true,true,121,121,true,0.000,22,89,0.4588,0.2472,0.8264,0.057
tmc16,8,8,1,0,12,AStar-Manhattan+Ascent,true,true,121,121,true,0.000,22,35,0.1804,0.6286,0.9835,0.017
tmc16,8,8,1,0,12,AStar-AbsHeight,false,true,121,121,true,0.000,22,87,0.4485,0.2529,0.8264,0.051
tmc16,9,5,10,1,3,BranchAndBound,true,true,125,125,true,0.000,16,203,1.0000,0.0788,0.0000,0.206
tmc16,9,5,10,1,3,AStar-Euclidean,true,true,125,125,true,0.000,16,169,0.8325,0.0947,0.0640,0.158
tmc16,9,5,10,1,3,AStar-Manhattan,true,true,125,125,true,0.000,16,167,0.8227,0.0958,0.0880,0.155
tmc16,9,5,10,1,3,AStar-Ascent,true,true,125,125,true,0.000,16,115,0.5665,0.1391,0.7200,0.081
tmc16,9,5,10,1,3,AStar-Manhattan+Ascent,true,true,125,125,true,0.000,16,37,0.1823,0.4324,0.8080,0.020
tmc16,9,5,10,1,3,AStar-AbsHeight,false,true,125,125,true,0.000,16,108,0.5320,0.1481,0.7200,0.074
tmc16,10,10,7,2,5,BranchAndBound,true,true,110,110,true,0.000,11,214,1.0000,0.0514,0.0000,0.221
tmc16,10,10,7,2,5,AStar-Euclidean,true,true,110,110,true,0.000,11,210,0.9813,0.0524,0.0727,0.215
tmc16,10,10,7,2,5,AStar-Manhattan,true,true,110,110,true,0.000,11,210,0.9813,0.0524,0.0909,0.217
tmc16,10,10,7,2,5,AStar-Ascent,true,true,110,110,true,0.000,11,192,0.8972,0.0573,0.0000,0.183
tmc16,10,10,7,2,5,AStar-Manhattan+Ascent,true,true,110,110,true,0.000,11,179,0.8364,0.0615,0.0909,0.166
tmc16,10,10,7,2,5,AStar-AbsHeight,false,true,130,110,false,18.182,21,194,0.9065,0.1082,0.5455,0.191
tmc16,11,13,14,1,8,BranchAndBound,true,true,130,130,true,0.000,21,199,1.0000,0.1055,0.0000,0.206
tmc16,11,13,14,1,8,AStar-Euclidean,true,true,130,130,true,0.000,21,175,0.8794,0.1200,0.1000,0.167
tmc16,11,13,14,1,8,AStar-Manhattan,true,true,130,130,true,0.000,21,159,0.7990,0.1321,0.1385,0.144
tmc16,11,13,14,1,8,AStar-Ascent,true,true,130,130,true,0.000,21,113,0.5678,0.1858,0.8462,0.071
tmc16,11,13,14,1,8,AStar-Manhattan+Ascent,true,true,130,130,true,0.000,21,91,0.4573,0.2308,0.9846,0.061
tmc16,11,13,14,1,8,AStar-AbsHeight,false,true,130,130,true,0.000,21,111,0.5578,0.1892,0.8462,0.066
tmc16,12,5,7,12,12,BranchAndBound,true,true,24,24,true,0.000,15,66,1.0000,0.2273,0.0000,0.050
tmc16,12,5,7,12,12,AStar-Euclidean,true,true,24,24,true,0.000,15,38,0.5758,0.3947,0.3333,0.024
tmc16,12,5,7,12,12,AStar-Manhattan,true,true,24,24,true,0.000,15,27,0.4091,0.5556,0.5000,0.016
tmc16,12,5,7,12,12,AStar-Ascent,true,true,24,24,true,0.000,15,66,1.0000,0.2273,0.0000,0.042
tmc16,12,5,7,12,12,AStar-Manhattan+Ascent,true,true,24,24,true,0.000,15,27,0.4091,0.5556,0.5000,0.013
tmc16,12,5,7,12,12,AStar-AbsHeight,false,true,24,24,true,0.000,15,88,1.3333,0.1705,2.5000,0.070
tmc16,13,12,10,2,13,BranchAndBound,true,true,13,13,true,0.000,14,42,1.0000,0.3333,0.0000,0.025
tmc16,13,12,10,2,13,AStar-Euclidean,true,true,13,13,true,0.000,14,14,0.3333,1.0000,0.7692,0.007
tmc16,13,12,10,2,13,AStar-Manhattan,true,true,13,13,true,0.000,14,14,0.3333,1.0000,1.0000,0.006
tmc16,13,12,10,2,13,AStar-Ascent,true,true,13,13,true,0.000,14,42,1.0000,0.3333,0.0000,0.019
tmc16,13,12,10,2,13,AStar-Manhattan+Ascent,true,true,13,13,true,0.000,14,14,0.3333,1.0000,1.0000,0.005
tmc16,13,12,10,2,13,AStar-AbsHeight,false,true,13,13,true,0.000,14,41,0.9762,0.3415,3.0769,0.018
tmc16,14,12,13,1,3,BranchAndBound,true,true,133,133,true,0.000,24,209,1.0000,0.1148,0.0000,0.222
tmc16,14,12,13,1,3,AStar-Euclidean,true,true,133,133,true,0.000,24,197,0.9426,0.1218,0.1053,0.204
tmc16,14,12,13,1,3,AStar-Manhattan,true,true,133,133,true,0.000,24,194,0.9282,0.1237,0.1579,0.198
tmc16,14,12,13,1,3,AStar-Ascent,true,true,133,133,true,0.000,24,121,0.5789,0.1983,0.8271,0.083
tmc16,14,12,13,1,3,AStar-Manhattan+Ascent,true,true,133,133,true,0.000,24,77,0.3684,0.3117,0.9850,0.053
tmc16,14,12,13,1,3,AStar-AbsHeight,false,true,133,133,true,0.000,24,119,0.5694,0.2017,0.8271,0.075
tmc16,15,10,15,7,1,BranchAndBound,true,true,111,111,true,0.000,22,125,1.0000,0.1760,0.0000,0.114
tmc16,15,10,15,7,1,AStar-Euclidean,true,true,111,111,true,0.000,22,105,0.8400,0.2095,0.1261,0.076
tmc16,15,10,15,7,1,AStar-Manhattan,true,true,111,111,true,0.000,22,105,0.8400,0.2095,0.1532,0.086
tmc16,15,10,15,7,1,AStar-Ascent,true,true,111,111,true,0.000,22,125,1.0000,0.1760,0.0000,0.089
tmc16,15,10,15,7,1,AStar-Manhattan+Ascent,true,true,111,111,true,0.000,22,105,0.8400,0.2095,0.1532,0.068
tmc16,15,10,15,7,1,AStar-AbsHeight,false,true,131,111,false,18.018,22,81,0.6480,0.2716,0.0000,0.041
tmc16,16,5,10,15,4,BranchAndBound,true,true,122,122,true,0.000,23,192,1.0000,0.1198,0.0000,0.186
tmc16,16,5,10,15,4,AStar-Euclidean,true,true,122,122,true,0.000,23,157,0.8177,0.1465,0.0902,0.138
tmc16,16,5,10,15,4,AStar-Manhattan,true,true,122,122,true,0.000,23,155,0.8073,0.1484,0.1311,0.135
tmc16,16,5,10,15,4,AStar-Ascent,true,true,122,122,true,0.000,23,122,0.6354,0.1885,0.6557,0.080
tmc16,16,5,10,15,4,AStar-Manhattan+Ascent,true,true,122,122,true,0.000,23,55,0.2865,0.4182,0.7869,0.031
tmc16,16,5,10,15,4,AStar-AbsHeight,false,true,122,122,true,0.000,23,117,0.6094,0.1966,0.6557,0.071
tmc16,17,5,10,3,1,BranchAndBound,true,true,91,91,true,0.000,12,119,1.0000,0.1008,0.0000,0.088
tmc16,17,5,10,3,1,AStar-Euclidean,true,true,91,91,true,0.000,12,101,0.8487,0.1188,0.0989,0.068
tmc16,17,5,10,3,1,AStar-Manhattan,true,true,91,91,true,0.000,12,95,0.7983,0.1263,0.1209,0.061
tmc16,17,5,10,3,1,AStar-Ascent,true,true,91,91,true,0.000,12,107,0.8992,0.1121,0.1099,0.081
tmc16,17,5,10,3,1,AStar-Manhattan+Ascent,true,true,91,91,true,0.000,12,89,0.7479,0.1348,0.2308,0.059
tmc16,17,5,10,3,1,AStar-AbsHeight,false,true,91,91,true,0.000,12,76,0.6387,0.1579,0.1099,0.042
tmc16,18,7,13,9,1,BranchAndBound,true,true,126,126,true,0.000,27,199,1.0000,0.1357,0.0000,0.215
tmc16,18,7,13,9,1,AStar-Euclidean,true,true,126,126,true,0.000,27,186,0.9347,0.1452,0.0952,0.184
tmc16,18,7,13,9,1,AStar-Manhattan,true,true,126,126,true,0.000,27,163,0.8191,0.1656,0.1111,0.147
tmc16,18,7,13,9,1,AStar-Ascent,true,true,126,126,true,0.000,27,184,0.9246,0.1467,0.1587,0.166
tmc16,18,7,13,9,1,AStar-Manhattan+Ascent,true,true,126,126,true,0.000,27,146,0.7337,0.1849,0.2698,0.122
tmc16,18,7,13,9,1,AStar-AbsHeight,false,true,130,126,false,3.175,21,101,0.5075,0.2079,0.1587,0.064
tmc16,19,7,3,1,8,BranchAndBound,true,true,127,127,true,0.000,18,217,1.0000,0.0829,0.0000,0.212
tmc16,19,7,3,1,8,AStar-Euclidean,true,true,127,127,true,0.000,18,191,0.8802,0.0942,0.0551,0.174
tmc16,19,7,3,1,8,AStar-Manhattan,true,true,127,127,true,0.000,18,186,0.8571,0.0968,0.0866,0.167
tmc16,19,7,3,1,8,AStar-Ascent,true,true,127,127,true,0.000,18,109,0.5023,0.1651,0.3150,0.070
tmc16,19,7,3,1,8,AStar-Manhattan+Ascent,true,true,127,127,true,0.000,18,57,0.2627,0.3158,0.4016,0.030
tmc16,19,7,3,1,8,AStar-AbsHeight,false,true,127,127,true,0.000,18,105,0.4839,0.1714,0.3150,0.063
tmc16,20,4,14,10,5,BranchAndBound,true,true,89,89,true,0.000,20,87,1.0000,0.2299,0.0000,0.053
tmc16,20,4,14,10,5,AStar-Euclidean,true,true,89,89,true,0.000,20,81,0.9310,0.2469,0.1124,0.046
tmc16,20,4,14,10,5,AStar-Manhattan,true,true,89,89,true,0.000,20,80,0.9195,0.2500,0.1685,0.045
tmc16,20,4,14,10,5,AStar-Ascent,true,true,89,89,true,0.000,20,81,0.9310,0.2469,0.3371,0.043
tmc16,20,4,14,10,5,AStar-Manhattan+Ascent,true,true,89,89,true,0.000,20,76,0.8736,0.2632,0.5056,0.040
tmc16,20,4,14,10,5,AStar-AbsHeight,false,true,89,89,true,0.000,20,70,0.8046,0.2857,0.3371,0.042
tmc16,21,6,15,2,4,BranchAndBound,true,true,119,119,true,0.000,20,168,1.0000,0.1190,0.0000,0.161
tmc16,21,6,15,2,4,AStar-Euclidean,true,true,119,119,true,0.000,20,141,0.8393,0.1418,0.0924,0.126
tmc16,21,6,15,2,4,AStar-Manhattan,true,true,119,119,true,0.000,20,135,0.8036,0.1481,0.1261,0.118
tmc16,21,6,15,2,4,AStar-Ascent,true,true,119,119,true,0.000,20,121,0.7202,0.1653,0.6723,0.084
tmc16,21,6,15,2,4,AStar-Manhattan+Ascent,true,true,119,119,true,0.000,20,96,0.5714,0.2083,0.7983,0.061
tmc16,21,6,15,2,4,AStar-AbsHeight,false,true,119,119,true,0.000,20,126,0.7500,0.1587,0.6723,0.092
tmc16,22,7,12,7,3,BranchAndBound,true,true,93,93,true,0.000,14,175,1.0000,0.0800,0.0000,0.169
tmc16,22,7,12,7,3,AStar-Euclidean,true,true,93,93,true,0.000,14,159,0.9086,0.0881,0.0968,0.147
tmc16,22,7,12,7,3,AStar-Manhattan,true,true,93,93,true,0.000,14,158,0.9029,0.0886,0.0968,0.146
tmc16,22,7,12,7,3,AStar-Ascent,true,true,93,93,true,0.000,14,136,0.7771,0.1029,0.0000,0.114
tmc16,22,7,12,7,3,AStar-Manhattan+Ascent,true,true,93,93,true,0.000,14,106,0.6057,0.1321,0.0968,0.082
tmc16,22,7,12,7,3,AStar-AbsHeight,false,true,93,93,true,0.000,14,135,0.7714,0.1037,0.5376,0.113
tmc16,23,2,12,10,7,BranchAndBound,true,true,145,145,true,0.000,16,226,1.0000,0.0708,0.0000,0.226
tmc16,23,2,12,10,7,AStar-Euclidean,true,true,145,145,true,0.000,16,220,0.9735,0.0727,0.0621,0.209
tmc16,23,2,12,10,7,AStar-Manhattan,true,true,145,145,true,0.000,16,216,0.9558,0.0741,0.0897,0.205
tmc16,23,2,12,10,7,AStar-Ascent,true,true,145,145,true,0.000,16,133,0.5885,0.1203,0.8276,0.083
tmc16,23,2,12,10,7,AStar-Manhattan+Ascent,true,true,145,145,true,0.000,16,111,0.4912,0.1441,0.9172,0.069
tmc16,23,2,12,10,7,AStar-AbsHeight,false,true,149,145,false,2.759,20,134,0.5929,0.1493,0.8276,0.080
tmc16,24,7,9,1,15,BranchAndBound,true,true,12,12,true,0.000,13,81,1.0000,0.1605,0.0000,0.054
tmc16,24,7,9,1,15,AStar-Euclidean,true,true,12,12,true,0.000,13,48,0.5926,0.2708,0.6667,0.025
tmc16,24,7,9,1,15,AStar-Manhattan,true,true,12,12,true,0.000,13,40,0.4938,0.3250,1.0000,0.018
tmc16,24,7,9,1,15,AStar-Ascent,true,true,12,12,true,0.000,13,81,1.0000,0.1605,0.0000,0.049
tmc16,24,7,9,1,15,AStar-Manhattan+Ascent,true,true,12,12,true,0.000,13,40,0.4938,0.3250,1.0000,0.016
tmc16,24,7,9,1,15,AStar-AbsHeight,false,true,12,12,true,0.000,13,45,0.5556,0.2889,12.5000,0.024
tmc16,25,9,15,8,0,BranchAndBound,true,true,112,112,true,0.000,23,134,1.0000,0.1716,0.0000,0.111
tmc16,25,9,15,8,0,AStar-Euclidean,true,true,112,112,true,0.000,23,110,0.8209,0.2091,0.1339,0.079
tmc16,25,9,15,8,0,AStar-Manhattan,true,true,112,112,true,0.000,23,110,0.8209,0.2091,0.1429,0.079
tmc16,25,9,15,8,0,AStar-Ascent,true,true,112,112,true,0.000,23,134,1.0000,0.1716,0.0000,0.098
tmc16,25,9,15,8,0,AStar-Manhattan+Ascent,true,true,112,112,true,0.000,23,110,0.8209,0.2091,0.1429,0.076
tmc16,25,9,15,8,0,AStar-AbsHeight,false,true,132,112,false,17.857,23,82,0.6119,0.2805,0.0000,0.042
tmc16,26,13,7,8,1,BranchAndBound,true,true,35,35,true,0.000,16,90,1.0000,0.1778,0.0000,0.064
tmc16,26,13,7,8,1,AStar-Euclidean,true,true,35,35,true,0.000,16,41,0.4556,0.3902,0.2000,0.022
tmc16,26,13,7,8,1,AStar-Manhattan,true,true,35,35,true,0.000,16,37,0.4111,0.4324,0.3143,0.018
tmc16,26,13,7,8,1,AStar-Ascent,true,true,35,35,true,0.000,16,90,1.0000,0.1778,0.0000,0.056
tmc16,26,13,7,8,1,AStar-Manhattan+Ascent,true,true,35,35,true,0.000,16,37,0.4111,0.4324,0.3143,0.015
tmc16,26,13,7,8,1,AStar-AbsHeight,false,true,61,35,false,74.286,12,15,0.1667,0.8000,3.1429,0.006
tmc16,27,6,6,13,14,BranchAndBound,true,true,87,87,true,0.000,18,95,1.0000,0.1895,0.0000,0.077
tmc16,27,6,6,13,14,AStar-Euclidean,true,true,87,87,true,0.000,18,62,0.6526,0.2903,0.1149,0.044
tmc16,27,6,6,13,14,AStar-Manhattan,true,true,87,87,true,0.000,18,47,0.4947,0.3830,0.1724,0.031
tmc16,27,6,6,13,14,AStar-Ascent,true,true,87,87,true,0.000,18,95,1.0000,0.1895,0.0000,0.070
tmc16,27,6,6,13,14,AStar-Manhattan+Ascent,true,true,87,87,true,0.000,18,47,0.4947,0.3830,0.1724,0.027
tmc16,27,6,6,13,14,AStar-AbsHeight,false,true,87,87,true,0.000,18,106,1.1158,0.1698,0.0000,0.089
tmc16,28,7,10,5,1,BranchAndBound,true,true,31,31,true,0.000,12,102,1.0000,0.1176,0.0000,0.076
tmc16,28,7,10,5,1,AStar-Euclidean,true,true,31,31,true,0.000,12,100,0.9804,0.1200,0.2903,0.077
tmc16,28,7,10,5,1,AStar-Manhattan,true,true,31,31,true,0.000,12,93,0.9118,0.1290,0.3548,0.070
tmc16,28,7,10,5,1,AStar-Ascent,true,true,31,31,true,0.000,12,41,0.4020,0.2927,0.0000,0.023
tmc16,28,7,10,5,1,AStar-Manhattan+Ascent,true,true,31,31,true,0.000,12,35,0.3431,0.3429,0.3548,0.018
tmc16,28,7,10,5,1,AStar-AbsHeight,false,true,73,31,false,135.484,14,103,1.0098,0.1359,3.5484,0.078
tmc16,29,8,14,0,13,BranchAndBound,true,true,109,109,true,0.000,10,120,1.0000,0.0833,0.0000,0.099
tmc16,29,8,14,0,13,AStar-Euclidean,true,true,109,109,true,0.000,10,99,0.8250,0.1010,0.0734,0.074
tmc16,29,8,14,0,13,AStar-Manhattan,true,true,109,109,true,0.000,10,95,0.7917,0.1053,0.0826,0.068
tmc16,29,8,14,0,13,AStar-Ascent,true,true,109,109,true,0.000,10,79,0.6583,0.1266,0.9174,0.040
tmc16,29,8,14,0,13,AStar-Manhattan+Ascent,true,true,109,109,true,0.000,10,18,0.1500,0.5556,1.0000,0.007
tmc16,29,8,14,0,13,AStar-AbsHeight,false,true,109,109,true,0.000,10,79,0.6583,0.1266,0.9174,0.036
tmc16,30,7,8,0,6,BranchAndBound,true,true,91,91,true,0.000,12,223,1.0000,0.0538,0.0000,0.244
tmc16,30,7,8,0,6,AStar-Euclidean,true,true,91,91,true,0.000,12,187,0.8386,0.0642,0.0769,0.171
tmc16,30,7,8,0,6,AStar-Manhattan,true,true,91,91,true,0.000,12,182,0.8161,0.0659,0.0989,0.167
tmc16,30,7,8,0,6,AStar-Ascent,true,true,91,91,true,0.000,12,109,0.4888,0.1101,0.0000,0.077
tmc16,30,7,8,0,6,AStar-Manhattan+Ascent,true,true,91,91,true,0.000,12,64,0.2870,0.1875,0.0989,0.036
tmc16,30,7,8,0,6,AStar-AbsHeight,false,true,91,91,true,0.000,12,90,0.4036,0.1333,0.6593,0.060
tmc16,31,3,0,12,4,BranchAndBound,true,true,113,113,true,0.000,14,176,1.0000,0.0795,0.0000,0.152
tmc16,31,3,0,12,4,AStar-Euclidean,true,true,113,113,true,0.000,14,173,0.9830,0.0809,0.0796,0.143
tmc16,31,3,0,12,4,AStar-Manhattan,true,true,113,113,true,0.000,14,173,0.9830,0.0809,0.1150,0.144
tmc16,31,3,0,12,4,AStar-Ascent,true,true,113,113,true,0.000,14,92,0.5227,0.1522,0.6195,0.052
tmc16,31,3,0,12,4,AStar-Manhattan+Ascent,true,true,113,113,true,0.000,14,72,0.4091,0.1944,0.7345,0.034
tmc16,31,3,0,12,4,AStar-AbsHeight,false,true,113,113,true,0.000,14,91,0.5170,0.1538,0.6195,0.048
tmc16,32,15,6,4,14,BranchAndBound,true,true,19,19,true,0.000,20,90,1.0000,0.2222,0.0000,0.058
tmc16,32,15,6,4,14,AStar-Euclidean,true,true,19,19,true,0.000,20,51,0.5667,0.3922,0.6842,0.029
tmc16,32,15,6,4,14,AStar-Manhattan,true,true,19,19,true,0.000,20,42,0.4667,0.4762,1.0000,0.021
tmc16,32,15,6,4,14,AStar-Ascent,true,true,19,19,true,0.000,20,90,1.0000,0.2222,0.0000,0.052
tmc16,32,15,6,4,14,AStar-Manhattan+Ascent,true,true,19,19,true,0.000,20,42,0.4667,0.4762,1.0000,0.019
tmc16,32,15,6,4,14,AStar-AbsHeight,false,true,59,19,false,210.526,20,90,1.0000,0.2222,5.2632,0.071
tmc16,33,5,13,1,1,BranchAndBound,true,true,138,138,true,0.000,19,218,1.0000,0.0872,0.0000,0.214
tmc16,33,5,13,1,1,AStar-Euclidean,true,true,138,138,true,0.000,19,206,0.9450,0.0922,0.0870,0.196
tmc16,33,5,13,1,1,AStar-Manhattan,true,true,138,138,true,0.000,19,201,0.9220,0.0945,0.1159,0.191
tmc16,33,5,13,1,1,AStar-Ascent,true,true,138,138,true,0.000,19,123,0.5642,0.1545,0.8696,0.074
tmc16,33,5,13,1,1,AStar-Manhattan+Ascent,true,true,138,138,true,0.000,19,49,0.2248,0.3878,0.9855,0.022
tmc16,33,5,13,1,1,AStar-AbsHeight,false,true,138,138,true,0.000,19,120,0.5505,0.1583,0.8696,0.066
tmc16,34,4,6,13,8,BranchAndBound,true,true,191,191,true,0.000,22,253,1.0000,0.0870,0.0000,0.271
tmc16,34,4,6,13,8,AStar-Euclidean,true,true,191,191,true,0.000,22,253,1.0000,0.0870,0.0471,0.305
tmc16,34,4,6,13,8,AStar-Manhattan,true,true,191,191,true,0.000,22,253,1.0000,0.0870,0.0576,0.283
tmc16,34,4,6,13,8,AStar-Ascent,true,true,191,191,true,0.000,22,239,0.9447,0.0921,0.5236,0.233
tmc16,34,4,6,13,8,AStar-Manhattan+Ascent,true,true,191,191,true,0.000,22,187,0.7391,0.1176,0.5812,0.173
tmc16,34,4,6,13,8,AStar-AbsHeight,false,true,191,191,true,0.000,22,232,0.9170,0.0948,0.5236,0.253
tmc16,35,1,10,11,12,BranchAndBound,true,true,54,54,true,0.000,15,126,1.0000,0.1190,0.0000,0.090
tmc16,35,1,10,11,12,AStar-Euclidean,true,true,54,54,true,0.000,15,118,0.9365,0.1271,0.1852,0.080
tmc16,35,1,10,11,12,AStar-Manhattan,true,true,54,54,true,0.000,15,117,0.9286,0.1282,0.2222,0.079
tmc16,35,1,10,11,12,AStar-Ascent,true,true,54,54,true,0.000,15,97,0.7698,0.1546,0.0000,0.066
tmc16,35,1,10,11,12,AStar-Manhattan+Ascent,true,true,54,54,true,0.000,15,69,0.5476,0.2174,0.2222,0.047
tmc16,35,1,10,11,12,AStar-AbsHeight,false,true,54,54,true,0.000,15,50,0.3968,0.3000,0.9259,0.025
tmc16,36,0,10,2,0,BranchAndBound,true,true,22,22,true,0.000,13,113,1.0000,0.1150,0.0000,0.081
tmc16,36,0,10,2,0,AStar-Euclidean,true,true,22,22,true,0.000,13,72,0.6372,0.1806,0.4545,0.042
tmc16,36,0,10,2,0,AStar-Manhattan,true,true,22,22,true,0.000,13,64,0.5664,0.2031,0.5455,0.037
tmc16,36,0,10,2,0,AStar-Ascent,true,true,22,22,true,0.000,13,39,0.3451,0.3333,0.0000,0.018
tmc16,36,0,10,2,0,AStar-Manhattan+Ascent,true,true,22,22,true,0.000,13,37,0.3274,0.3514,0.5455,0.018
tmc16,36,0,10,2,0,AStar-AbsHeight,false,true,44,22,false,100.000,15,44,0.3894,0.3409,2.2727,0.021
tmc16,37,13,5,9,13,BranchAndBound,true,true,32,32,true,0.000,13,61,1.0000,0.2131,0.0000,0.037
tmc16,37,13,5,9,13,AStar-Euclidean,true,true,32,32,true,0.000,13,52,0.8525,0.2500,0.2500,0.031
tmc16,37,13,5,9,13,AStar-Manhattan,true,true,32,32,true,0.000,13,50,0.8197,0.2600,0.3750,0.030
tmc16,37,13,5,9,13,AStar-Ascent,true,true,32,32,true,0.000,13,61,1.0000,0.2131,0.0000,0.034
tmc16,37,13,5,9,13,AStar-Manhattan+Ascent,true,true,32,32,true,0.000,13,50,0.8197,0.2600,0.3750,0.025
tmc16,37,13,5,9,13,AStar-AbsHeight,false,true,32,32,true,0.000,13,70,1.1475,0.1857,3.1250,0.048
tmc16,38,4,5,8,13,BranchAndBound,true,true,62,62,true,0.000,13,72,1.0000,0.1806,0.0000,0.048
tmc16,38,4,5,8,13,AStar-Euclidean,true,true,62,62,true,0.000,13,51,0.7083,0.2549,0.1290,0.029
tmc16,38,4,5,8,13,AStar-Manhattan,true,true,62,62,true,0.000,13,49,0.6806,0.2653,0.1935,0.030
tmc16,38,4,5,8,13,AStar-Ascent,true,true,62,62,true,0.000,13,72,1.0000,0.1806,0.0000,0.052
tmc16,38,4,5,8,13,AStar-Manhattan+Ascent,true,true,62,62,true,0.000,13,49,0.6806,0.2653,0.1935,0.042
tmc16,38,4,5,8,13,AStar-AbsHeight,false,true,62,62,true,0.000,13,91,1.2639,0.1429,0.3226,0.073
tmc16,39,3,13,12,5,BranchAndBound,true,true,137,137,true,0.000,18,212,1.0000,0.0849,0.0000,0.222
tmc16,39,3,13,12,5,AStar-Euclidean,true,true,137,137,true,0.000,18,203,0.9575,0.0887,0.0876,0.208
tmc16,39,3,13,12,5,AStar-Manhattan,true,true,137,137,true,0.000,18,201,0.9481,0.0896,0.1241,0.209
tmc16,39,3,13,12,5,AStar-Ascent,true,true,137,137,true,0.000,18,139,0.6557,0.1295,0.7299,0.099
tmc16,39,3,13,12,5,AStar-Manhattan+Ascent,true,true,137,137,true,0.000,18,131,0.6179,0.1374,0.8540,0.095
tmc16,39,3,13,12,5,AStar-AbsHeight,false,true,137,137,true,0.000,18,132,0.6226,0.1364,0.7299,0.088
tmc16,40,11,9,0,8,BranchAndBound,true,true,120,120,true,0.000,21,228,1.0000,0.0921,0.0000,0.235
tmc16,40,11,9,0,8,AStar-Euclidean,true,true,120,120,true,0.000,21,224,0.9825,0.0938,0.0917,0.248
tmc16,40,11,9,0,8,AStar-Manhattan,true,true,120,120,true,0.000,21,224,0.9825,0.0938,0.1000,0.233
tmc16,40,11,9,0,8,AStar-Ascent,true,true,120,120,true,0.000,21,168,0.7368,0.1250,0.0000,0.146
tmc16,40,11,9,0,8,AStar-Manhattan+Ascent,true,true,120,120,true,0.000,21,126,0.5526,0.1667,0.1000,0.108
tmc16,40,11,9,0,8,AStar-AbsHeight,false,true,120,120,true,0.000,21,150,0.6579,0.1400,0.1667,0.135
tmc16,41,8,12,4,7,BranchAndBound,true,true,119,119,true,0.000,10,231,1.0000,0.0433,0.0000,0.239
tmc16,41,8,12,4,7,AStar-Euclidean,true,true,119,119,true,0.000,10,217,0.9394,0.0461,0.0504,0.217
tmc16,41,8,12,4,7,AStar-Manhattan,true,true,119,119,true,0.000,10,210,0.9091,0.0476,0.0756,0.210
tmc16,41,8,12,4,7,AStar-Ascent,true,true,119,119,true,0.000,10,41,0.1775,0.2439,0.2521,0.023
tmc16,41,8,12,4,7,AStar-Manhattan+Ascent,true,true,119,119,true,0.000,10,40,0.1732,0.2500,0.3277,0.022
tmc16,41,8,12,4,7,AStar-AbsHeight,false,true,119,119,true,0.000,10,35,0.1515,0.2857,0.2521,0.018
tmc16,42,3,10,8,4,BranchAndBound,true,true,113,113,true,0.000,14,174,1.0000,0.0805,0.0000,0.166
tmc16,42,3,10,8,4,AStar-Euclidean,true,true,113,113,true,0.000,14,172,0.9885,0.0814,0.0619,0.153
tmc16,42,3,10,8,4,AStar-Manhattan,true,true,113,113,true,0.000,14,172,0.9885,0.0814,0.0973,0.151
tmc16,42,3,10,8,4,AStar-Ascent,true,true,113,113,true,0.000,14,173,0.9943,0.0809,0.0000,0.151
tmc16,42,3,10,8,4,AStar-Manhattan+Ascent,true,true,113,113,true,0.000,14,169,0.9713,0.0828,0.0973,0.152
tmc16,42,3,10,8,4,AStar-AbsHeight,false,true,113,113,true,0.000,14,96,0.5517,0.1458,0.1770,0.071
tmc16,43,3,8,11,13,BranchAndBound,true,true,13,13,true,0.000,14,63,1.0000,0.2222,0.0000,0.044
tmc16,43,3,8,11,13,AStar-Euclidean,true,true,13,13,true,0.000,14,33,0.5238,0.4242,0.6923,0.018
tmc16,43,3,8,11,13,AStar-Manhattan,true,true,13,13,true,0.000,14,24,0.3810,0.5833,1.0000,0.013
tmc16,43,3,8,11,13,AStar-Ascent,true,true,13,13,true,0.000,14,63,1.0000,0.2222,0.0000,0.035
tmc16,43,3,8,11,13,AStar-Manhattan+Ascent,true,true,13,13,true,0.000,14,24,0.3810,0.5833,1.0000,0.008
tmc16,43,3,8,11,13,AStar-AbsHeight,false,true,55,13,false,323.077,16,120,1.9048,0.1333,10.7692,0.087
tmc16,44,4,3,8,13,BranchAndBound,true,true,84,84,true,0.000,15,87,1.0000,0.1724,0.0000,0.076
tmc16,44,4,3,8,13,AStar-Euclidean,true,true,84,84,true,0.000,15,63,0.7241,0.2381,0.1190,0.039
tmc16,44,4,3,8,13,AStar-Manhattan,true,true,84,84,true,0.000,15,60,0.6897,0.2500,0.1667,0.033
tmc16,44,4,3,8,13,AStar-Ascent,true,true,84,84,true,0.000,15,87,1.0000,0.1724,0.0000,0.054
tmc16,44,4,3,8,13,AStar-Manhattan+Ascent,true,true,84,84,true,0.000,15,60,0.6897,0.2500,0.1667,0.028
tmc16,44,4,3,8,13,AStar-AbsHeight,false,true,84,84,true,0.000,15,98,1.1264,0.1531,0.0000,0.069
tmc16,45,8,15,7,7,BranchAndBound,true,true,169,169,true,0.000,10,246,1.0000,0.0407,0.0000,0.264
tmc16,45,8,15,7,7,AStar-Euclidean,true,true,169,169,true,0.000,10,245,0.9959,0.0408,0.0473,0.255
tmc16,45,8,15,7,7,AStar-Manhattan,true,true,169,169,true,0.000,10,244,0.9919,0.0410,0.0533,0.259
tmc16,45,8,15,7,7,AStar-Ascent,true,true,169,169,true,0.000,10,132,0.5366,0.0758,0.8876,0.092
tmc16,45,8,15,7,7,AStar-Manhattan+Ascent,true,true,169,169,true,0.000,10,92,0.3740,0.1087,0.9408,0.058
tmc16,45,8,15,7,7,AStar-AbsHeight,false,true,171,169,false,1.183,12,137,0.5569,0.0876,0.8876,0.085
tmc16,46,13,1,3,15,BranchAndBound,true,true,88,88,true,0.000,29,157,1.0000,0.1847,0.0000,0.133
tmc16,46,13,1,3,15,AStar-Euclidean,true,true,88,88,true,0.000,29,131,0.8344,0.2214,0.1932,0.118
tmc16,46,13,1,3,15,AStar-Manhattan,true,true,88,88,true,0.000,29,127,0.8089,0.2283,0.2727,0.100
tmc16,46,13,1,3,15,AStar-Ascent,true,true,88,88,true,0.000,29,157,1.0000,0.1847,0.0000,0.125
tmc16,46,13,1,3,15,AStar-Manhattan+Ascent,true,true,88,88,true,0.000,29,127,0.8089,0.2283,0.2727,0.091
tmc16,46,13,1,3,15,AStar-AbsHeight,false,true,120,88,false,36.364,31,139,0.8854,0.2230,0.4545,0.129
tmc16,47,1,13,11,0,BranchAndBound,true,true,113,113,true,0.000,24,142,1.0000,0.1690,0.0000,0.131
tmc16,47,1,13,11,0,AStar-Euclidean,true,true,113,113,true,0.000,24,113,0.7958,0.2124,0.1416,0.089
tmc16,47,1,13,11,0,AStar-Manhattan,true,true,113,113,true,0.000,24,111,0.7817,0.2162,0.2035,0.087
tmc16,47,1,13,11,0,AStar-Ascent,true,true,113,113,true,0.000,24,142,1.0000,0.1690,0.0000,0.121
tmc16,47,1,13,11,0,AStar-Manhattan+Ascent,true,true,113,113,true,0.000,24,111,0.7817,0.2162,0.2035,0.081
tmc16,47,1,13,11,0,AStar-AbsHeight,false,true,125,113,false,10.619,26,100,0.7042,0.2600,0.0000,0.068
tmc16,48,1,12,9,12,BranchAndBound,true,true,110,110,true,0.000,11,129,1.0000,0.0853,0.0000,0.106
tmc16,48,1,12,9,12,AStar-Euclidean,true,true,110,110,true,0.000,11,101,0.7829,0.1089,0.0727,0.072
tmc16,48,1,12,9,12,AStar-Manhattan,true,true,110,110,true,0.000,11,100,0.7752,0.1100,0.0727,0.070
tmc16,48,1,12,9,12,AStar-Ascent,true,true,110,110,true,0.000,11,60,0.4651,0.1833,0.9091,0.033
tmc16,48,1,12,9,12,AStar-Manhattan+Ascent,true,true,110,110,true,0.000,11,23,0.1783,0.4783,0.9818,0.012
tmc16,48,1,12,9,12,AStar-AbsHeight,false,true,110,110,true,0.000,11,60,0.4651,0.1833,0.9091,0.026
tmc16,49,10,14,15,8,BranchAndBound,true,true,111,111,true,0.000,12,132,1.0000,0.0909,0.0000,0.116
tmc16,49,10,14,15,8,AStar-Euclidean,true,true,111,111,true,0.000,12,109,0.8258,0.1101,0.0631,0.081
tmc16,49,10,14,15,8,AStar-Manhattan,true,true,111,111,true,0.000,12,108,0.8182,0.1111,0.0991,0.078
tmc16,49,10,14,15,8,AStar-Ascent,true,true,111,111,true,0.000,12,84,0.6364,0.1429,0.9009,0.043
tmc16,49,10,14,15,8,AStar-Manhattan+Ascent,true,true,111,111,true,0.000,12,34,0.2576,0.3529,1.0000,0.014
tmc16,49,10,14,15,8,AStar-AbsHeight,false,true,111,111,true,0.000,12,84,0.6364,0.1429,0.9009,0.039
tmc16,50,6,3,11,10,BranchAndBound,true,true,152,152,true,0.000,13,240,1.0000,0.0542,0.0000,0.273
tmc16,50,6,3,11,10,AStar-Euclidean,true,true,152,152,true,0.000,13,238,0.9917,0.0546,0.0526,0.249
tmc16,50,6,3,11,10,AStar-Manhattan,true,true,152,152,true,0.000,13,236,0.9833,0.0551,0.0789,0.240
tmc16,50,6,3,11,10,AStar-Ascent,true,true,152,152,true,0.000,13,182,0.7583,0.0714,0.3289,0.170
tmc16,50,6,3,11,10,AStar-Manhattan+Ascent,true,true,152,152,true,0.000,13,164,0.6833,0.0793,0.4079,0.152
tmc16,50,6,3,11,10,AStar-AbsHeight,false,true,154,152,false,1.316,15,170,0.7083,0.0882,0.3289,0.153
tmc16,51,4,3,12,2,BranchAndBound,true,true,83,83,true,0.000,14,77,1.0000,0.1818,0.0000,0.049
tmc16,51,4,3,12,2,AStar-Euclidean,true,true,83,83,true,0.000,14,54,0.7013,0.2593,0.0964,0.028
tmc16,51,4,3,12,2,AStar-Manhattan,true,true,83,83,true,0.000,14,54,0.7013,0.2593,0.1084,0.026
tmc16,51,4,3,12,2,AStar-Ascent,true,true,83,83,true,0.000,14,77,1.0000,0.1818,0.0000,0.043
tmc16,51,4,3,12,2,AStar-Manhattan+Ascent,true,true,83,83,true,0.000,14,54,0.7013,0.2593,0.1084,0.022
tmc16,51,4,3,12,2,AStar-AbsHeight,false,true,83,83,true,0.000,14,52,0.6753,0.2692,0.0000,0.025
tmc16,52,14,11,5,4,BranchAndBound,true,true,94,94,true,0.000,25,184,1.0000,0.1359,0.0000,0.163
tmc16,52,14,11,5,4,AStar-Euclidean,true,true,94,94,true,0.000,25,183,0.9946,0.1366,0.1170,0.173
tmc16,52,14,11,5,4,AStar-Manhattan,true,true,94,94,true,0.000,25,179,0.9728,0.1397,0.1702,0.179
tmc16,52,14,11,5,4,AStar-Ascent,true,true,94,94,true,0.000,25,159,0.8641,0.1572,0.0000,0.133
tmc16,52,14,11,5,4,AStar-Manhattan+Ascent,true,true,94,94,true,0.000,25,133,0.7228,0.1880,0.1702,0.107
tmc16,52,14,11,5,4,AStar-AbsHeight,false,true,94,94,true,0.000,25,144,0.7826,0.1736,0.3191,0.123
tmc16,53,4,1,12,1,BranchAndBound,true,true,70,70,true,0.000,11,54,1.0000,0.2037,0.0000,0.027
tmc16,53,4,1,12,1,AStar-Euclidean,true,true,70,70,true,0.000,11,44,0.8148,0.2500,0.1143,0.025
tmc16,53,4,1,12,1,AStar-Manhattan,true,true,70,70,true,0.000,11,44,0.8148,0.2500,0.1143,0.020
tmc16,53,4,1,12,1,AStar-Ascent,true,true,70,70,true,0.000,11,44,0.8148,0.2500,0.4286,0.020
tmc16,53,4,1,12,1,AStar-Manhattan+Ascent,true,true,70,70,true,0.000,11,36,0.6667,0.3056,0.5429,0.014
tmc16,53,4,1,12,1,AStar-AbsHeight,false,true,70,70,true,0.000,11,35,0.6481,0.3143,0.4286,0.015
tmc16,54,7,7,3,11,BranchAndBound,true,true,18,18,true,0.000,9,43,1.0000,0.2093,0.0000,0.024
tmc16,54,7,7,3,11,AStar-Euclidean,true,true,18,18,true,0.000,9,28,0.6512,0.3214,0.2778,0.015
tmc16,54,7,7,3,11,AStar-Manhattan,true,true,18,18,true,0.000,9,28,0.6512,0.3214,0.4444,0.013
tmc16,54,7,7,3,11,AStar-Ascent,true,true,18,18,true,0.000,9,43,1.0000,0.2093,0.0000,0.021
tmc16,54,7,7,3,11,AStar-Manhattan+Ascent,true,true,18,18,true,0.000,9,28,0.6512,0.3214,0.4444,0.011
tmc16,54,7,7,3,11,AStar-AbsHeight,false,true,18,18,true,0.000,9,50,1.1628,0.1800,8.3333,0.029
tmc16,55,10,14,1,9,BranchAndBound,true,true,104,104,true,0.000,15,100,1.0000,0.1500,0.0000,0.072
tmc16,55,10,14,1,9,AStar-Euclidean,true,true,104,104,true,0.000,15,95,0.9500,0.1579,0.0962,0.071
tmc16,55,10,14,1,9,AStar-Manhattan,true,true,104,104,true,0.000,15,93,0.9300,0.1613,0.1346,0.075
tmc16,55,10,14,1,9,AStar-Ascent,true,true,104,104,true,0.000,15,77,0.7700,0.1948,0.7692,0.045
tmc16,55,10,14,1,9,AStar-Manhattan+Ascent,true,true,104,104,true,0.000,15,72,0.7200,0.2083,0.9038,0.045
tmc16,55,10,14,1,9,AStar-AbsHeight,false,true,104,104,true,0.000,15,78,0.7800,0.1923,0.7692,0.040
tmc16,56,14,9,3,13,BranchAndBound,true,true,15,15,true,0.000,16,92,1.0000,0.1739,0.0000,0.059
tmc16,56,14,9,3,13,AStar-Euclidean,true,true,15,15,true,0.000,16,34,0.3696,0.4706,0.7333,0.016
tmc16,56,14,9,3,13,AStar-Manhattan,true,true,15,15,true,0.000,16,24,0.2609,0.6667,1.0000,0.010
tmc16,56,14,9,3,13,AStar-Ascent,true,true,15,15,true,0.000,16,92,1.0000,0.1739,0.0000,0.047
tmc16,56,14,9,3,13,AStar-Manhattan+Ascent,true,true,15,15,true,0.000,16,24,0.2609,0.6667,1.0000,0.008
tmc16,56,14,9,3,13,AStar-AbsHeight,false,true,15,15,true,0.000,16,42,0.4565,0.3810,10.0000,0.020
tmc16,57,4,8,13,3,BranchAndBound,true,true,78,78,true,0.000,19,175,1.0000,0.1086,0.0000,0.160
tmc16,57,4,8,13,3,AStar-Euclidean,true,true,78,78,true,0.000,19,170,0.9714,0.1118,0.1282,0.164
tmc16,57,4,8,13,3,AStar-Manhattan,true,true,78,78,true,0.000,19,170,0.9714,0.1118,0.1795,0.171
tmc16,57,4,8,13,3,AStar-Ascent,true,true,78,78,true,0.000,19,175,1.0000,0.1086,0.0000,0.167
tmc16,57,4,8,13,3,AStar-Manhattan+Ascent,true,true,78,78,true,0.000,19,170,0.9714,0.1118,0.1795,0.153
tmc16,57,4,8,13,3,AStar-AbsHeight,false,true,78,78,true,0.000,19,148,0.8457,0.1284,1.6667,0.132
tmc16,58,15,10,4,12,BranchAndBound,true,true,15,15,true,0.000,16,81,1.0000,0.1975,0.0000,0.046
tmc16,58,15,10,4,12,AStar-Euclidean,true,true,15,15,true,0.000,16,40,0.4938,0.4000,0.7333,0.020
tmc16,58,15,10,4,12,AStar-Manhattan,true,true,15,15,true,0.000,16,28,0.3457,0.5714,0.8667,0.011
tmc16,58,15,10,4,12,AStar-Ascent,true,true,15,15,true,0.000,16,81,1.0000,0.1975,0.0000,0.040
tmc16,58,15,10,4,12,AStar-Manhattan+Ascent,true,true,15,15,true,0.000,16,28,0.3457,0.5714,0.8667,0.011
tmc16,58,15,10,4,12,AStar-AbsHeight,false,true,15,15,true,0.000,16,43,0.5309,0.3721,6.6667,0.020
tmc16,59,14,0,12,11,BranchAndBound,true,true,65,65,true,0.000,16,77,1.0000,0.2078,0.0000,0.048
tmc16,59,14,0,12,11,AStar-Euclidean,true,true,65,65,true,0.000,16,62,0.8052,0.2581,0.1692,0.035
tmc16,59,14,0,12,11,AStar-Manhattan,true,true,65,65,true,0.000,16,60,0.7792,0.2667,0.2000,0.036
tmc16,59,14,0,12,11,AStar-Ascent,true,true,65,65,true,0.000,16,71,0.9221,0.2254,0.0000,0.043
tmc16,59,14,0,12,11,AStar-Manhattan+Ascent,true,true,65,65,true,0.000,16,55,0.7143,0.2909,0.2000,0.028
tmc16,59,14,0,12,11,AStar-AbsHeight,false,true,105,65,false,61.538,16,102,1.3247,0.1569,0.3077,0.074
tmc16,60,15,3,14,12,BranchAndBound,true,true,10,10,true,0.000,11,45,1.0000,0.2444,0.0000,0.021
tmc16,60,15,3,14,12,AStar-Euclidean,true,true,10,10,true,0.000,11,17,0.3778,0.6471,0.9000,0.007
tmc16,60,15,3,14,12,AStar-Manhattan,true,true,10,10,true,0.000,11,17,0.3778,0.6471,1.0000,0.008
tmc16,60,15,3,14,12,AStar-Ascent,true,true,10,10,true,0.000,11,19,0.4222,0.5789,0.0000,0.008
tmc16,60,15,3,14,12,AStar-Manhattan+Ascent,true,true,10,10,true,0.000,11,14,0.3111,0.7857,1.0000,0.004
tmc16,60,15,3,14,12,AStar-AbsHeight,false,true,10,10,true,0.000,11,19,0.4222,0.5789,0.0000,0.006
tmc16,61,14,10,0,3,BranchAndBound,true,true,127,127,true,0.000,28,226,1.0000,0.1239,0.0000,0.249
tmc16,61,14,10,0,3,AStar-Euclidean,true,true,127,127,true,0.000,28,221,0.9779,0.1267,0.1181,0.249
tmc16,61,14,10,0,3,AStar-Manhattan,true,true,127,127,true,0.000,28,220,0.9735,0.1273,0.1654,0.248
tmc16,61,14,10,0,3,AStar-Ascent,true,true,127,127,true,0.000,28,197,0.8717,0.1421,0.0000,0.191
tmc16,61,14,10,0,3,AStar-Manhattan+Ascent,true,true,127,127,true,0.000,28,143,0.6327,0.1958,0.1654,0.135
tmc16,61,14,10,0,3,AStar-AbsHeight,false,true,127,127,true,0.000,28,192,0.8496,0.1458,0.0000,0.188
tmc16,62,7,14,5,4,BranchAndBound,true,true,102,102,true,0.000,13,99,1.0000,0.1313,0.0000,0.076
tmc16,62,7,14,5,4,AStar-Euclidean,true,true,102,102,true,0.000,13,96,0.9697,0.1354,0.0980,0.074
tmc16,62,7,14,5,4,AStar-Manhattan,true,true,102,102,true,0.000,13,96,0.9697,0.1354,0.1176,0.074
tmc16,62,7,14,5,4,AStar-Ascent,true,true,102,102,true,0.000,13,79,0.7980,0.1646,0.6863,0.048
tmc16,62,7,14,5,4,AStar-Manhattan+Ascent,true,true,102,102,true,0.000,13,75,0.7576,0.1733,0.8039,0.049
tmc16,62,7,14,5,4,AStar-AbsHeight,false,true,102,102,true,0.000,13,76,0.7677,0.1711,0.6863,0.043
tmc16,63,3,11,7,5,BranchAndBound,true,true,90,90,true,0.000,11,87,1.0000,0.1264,0.0000,0.063
tmc16,63,3,11,7,5,AStar-Euclidean,true,true,90,90,true,0.000,11,82,0.9425,0.1341,0.0778,0.056
tmc16,63,3,11,7,5,AStar-Manhattan,true,true,90,90,true,0.000,11,79,0.9080,0.1392,0.1111,0.052
tmc16,63,3,11,7,5,AStar-Ascent,true,true,90,90,true,0.000,11,84,0.9655,0.1310,0.2222,0.058
tmc16,63,3,11,7,5,AStar-Manhattan+Ascent,true,true,90,90,true,0.000,11,75,0.8621,0.1467,0.3333,0.048
tmc16,63,3,11,7,5,AStar-AbsHeight,false,true,110,90,false,22.222,11,86,0.9885,0.1279,0.2222,0.058
tmc16,64,3,9,1,1,BranchAndBound,true,true,72,72,true,0.000,13,164,1.0000,0.0793,0.0000,0.155
tmc16,64,3,9,1,1,AStar-Euclidean,true,true,72,72,true,0.000,13,152,0.9268,0.0855,0.1111,0.137
tmc16,64,3,9,1,1,AStar-Manhattan,true,true,72,72,true,0.000,13,150,0.9146,0.0867,0.1389,0.133
tmc16,64,3,9,1,1,AStar-Ascent,true,true,72,72,true,0.000,13,34,0.2073,0.3824,0.0000,0.019
tmc16,64,3,9,1,1,AStar-Manhattan+Ascent,true,true,72,72,true,0.000,13,21,0.1280,0.6190,0.1389,0.009
tmc16,64,3,9,1,1,AStar-AbsHeight,false,true,72,72,true,0.000,13,34,0.2073,0.3824,0.1389,0.014
tmc16,65,8,0,8,9,BranchAndBound,true,true,235,235,true,0.000,16,255,1.0000,0.0627,0.0000,0.298
tmc16,65,8,0,8,9,AStar-Euclidean,true,true,235,235,true,0.000,16,255,1.0000,0.0627,0.0383,0.296
tmc16,65,8,0,8,9,AStar-Manhattan,true,true,235,235,true,0.000,16,255,1.0000,0.0627,0.0383,0.296
tmc16,65,8,0,8,9,AStar-Ascent,true,true,235,235,true,0.000,16,125,0.4902,0.1280,0.8511,0.103
tmc16,65,8,0,8,9,AStar-Manhattan+Ascent,true,true,235,235,true,0.000,16,116,0.4549,0.1379,0.8894,0.101
tmc16,65,8,0,8,9,AStar-AbsHeight,false,true,235,235,true,0.000,16,125,0.4902,0.1280,0.8511,0.097
tmc16,66,3,13,4,3,BranchAndBound,true,true,83,83,true,0.000,14,75,1.0000,0.1867,0.0000,0.049
tmc16,66,3,13,4,3,AStar-Euclidean,true,true,83,83,true,0.000,14,73,0.9733,0.1918,0.1205,0.045
tmc16,66,3,13,4,3,AStar-Manhattan,true,true,83,83,true,0.000,14,70,0.9333,0.2000,0.1325,0.042
tmc16,66,3,13,4,3,AStar-Ascent,true,true,83,83,true,0.000,14,75,1.0000,0.1867,0.0000,0.043
tmc16,66,3,13,4,3,AStar-Manhattan+Ascent,true,true,83,83,true,0.000,14,70,0.9333,0.2000,0.1325,0.037
tmc16,66,3,13,4,3,AStar-AbsHeight,false,true,83,83,true,0.000,14,83,1.1067,0.1687,0.0000,0.052
tmc16,67,14,4,12,13,BranchAndBound,true,true,63,63,true,0.000,14,72,1.0000,0.1944,0.0000,0.042
tmc16,67,14,4,12,13,AStar-Euclidean,true,true,63,63,true,0.000,14,55,0.7639,0.2545,0.1429,0.033
tmc16,67,14,4,12,13,AStar-Manhattan,true,true,63,63,true,0.000,14,49,0.6806,0.2857,0.1746,0.028
tmc16,67,14,4,12,13,AStar-Ascent,true,true,63,63,true,0.000,14,72,1.0000,0.1944,0.0000,0.038
tmc16,67,14,4,12,13,AStar-Manhattan+Ascent,true,true,63,63,true,0.000,14,49,0.6806,0.2857,0.1746,0.021
tmc16,67,14,4,12,13,AStar-AbsHeight,false,true,81,63,false,28.571,12,90,1.2500,0.1333,0.7937,0.065
tmc16,68,0,15,11,12,BranchAndBound,true,true,54,54,true,0.000,15,128,1.0000,0.1172,0.0000,0.099
tmc16,68,0,15,11,12,AStar-Euclidean,true,true,54,54,true,0.000,15,121,0.9453,0.1240,0.2037,0.091
tmc16,68,0,15,11,12,AStar-Manhattan,true,true,54,54,true,0.000,15,118,0.9219,0.1271,0.2593,0.088
tmc16,68,0,15,11,12,AStar-Ascent,true,true,54,54,true,0.000,15,104,0.8125,0.1442,0.0000,0.074
tmc16,68,0,15,11,12,AStar-Manhattan+Ascent,true,true,54,54,true,0.000,15,88,0.6875,0.1705,0.2593,0.058
tmc16,68,0,15,11,12,AStar-AbsHeight,false,true,54,54,true,0.000,15,53,0.4141,0.2830,1.1111,0.031
tmc16,69,2,2,5,13,BranchAndBound,true,true,48,48,true,0.000,19,100,1.0000,0.1900,0.0000,0.076
tmc16,69,2,2,5,13,AStar-Euclidean,true,true,48,48,true,0.000,19,75,0.7500,0.2533,0.2292,0.051
tmc16,69,2,2,5,13,AStar-Manhattan,true,true,48,48,true,0.000,19,73,0.7300,0.2603,0.2917,0.050
tmc16,69,2,2,5,13,AStar-Ascent,true,true,48,48,true,0.000,19,100,1.0000,0.1900,0.0000,0.066
tmc16,69,2,2,5,13,AStar-Manhattan+Ascent,true,true,48,48,true,0.000,19,73,0.7300,0.2603,0.2917,0.043
tmc16,69,2,2,5,13,AStar-AbsHeight,false,true,64,48,false,33.333,15,97,0.9700,0.1546,1.6667,0.074
tmc16,70,9,2,8,14,BranchAndBound,true,true,109,109,true,0.000,20,113,1.0000,0.1770,0.0000,0.095
tmc16,70,9,2,8,14,AStar-Euclidean,true,true,109,109,true,0.000,20,89,0.7876,0.2247,0.1101,0.070
tmc16,70,9,2,8,14,AStar-Manhattan,true,true,109,109,true,0.000,20,86,0.7611,0.2326,0.1193,0.064
tmc16,70,9,2,8,14,AStar-Ascent,true,true,109,109,true,0.000,20,113,1.0000,0.1770,0.0000,0.089
tmc16,70,9,2,8,14,AStar-Manhattan+Ascent,true,true,109,109,true,0.000,20,86,0.7611,0.2326,0.1193,0.058
tmc16,70,9,2,8,14,AStar-AbsHeight,false,true,109,109,true,0.000,20,97,0.8584,0.2062,0.0000,0.088
tmc16,71,15,5,3,2,BranchAndBound,true,true,59,59,true,0.000,20,145,1.0000,0.1379,0.0000,0.128
tmc16,71,15,5,3,2,AStar-Euclidean,true,true,59,59,true,0.000,20,136,0.9379,0.1471,0.2034,0.120
tmc16,71,15,5,3,2,AStar-Manhattan,true,true,59,59,true,0.000,20,133,0.9172,0.1504,0.2542,0.119
tmc16,71,15,5,3,2,AStar-Ascent,true,true,59,59,true,0.000,20,120,0.8276,0.1667,0.0000,0.096
tmc16,71,15,5,3,2,AStar-Manhattan+Ascent,true,true,59,59,true,0.000,20,76,0.5241,0.2632,0.2542,0.053
tmc16,71,15,5,3,2,AStar-AbsHeight,false,true,59,59,true,0.000,20,55,0.3793,0.3636,1.0169,0.031
tmc16,72,15,14,1,13,BranchAndBound,true,true,15,15,true,0.000,16,84,1.0000,0.1905,0.0000,0.051
tmc16,72,15,14,1,13,AStar-Euclidean,true,true,15,15,true,0.000,16,42,0.5000,0.3810,0.9333,0.019
tmc16,72,15,14,1,13,AStar-Manhattan,true,true,15,15,true,0.000,16,29,0.3452,0.5517,1.0000,0.014
tmc16,72,15,14,1,13,AStar-Ascent,true,true,15,15,true,0.000,16,84,1.0000,0.1905,0.0000,0.047
tmc16,72,15,14,1,13,AStar-Manhattan+Ascent,true,true,15,15,true,0.000,16,29,0.3452,0.5517,1.0000,0.012
tmc16,72,15,14,1,13,AStar-AbsHeight,false,true,15,15,true,0.000,16,50,0.5952,0.3200,6.6667,0.024
tmc16,73,9,9,3,12,BranchAndBound,true,true,11,11,true,0.000,12,71,1.0000,0.1690,0.0000,0.048
tmc16,73,9,9,3,12,AStar-Euclidean,true,true,11,11,true,0.000,12,29,0.4085,0.4138,0.5455,0.015
tmc16,73,9,9,3,12,AStar-Manhattan,true,true,11,11,true,0.000,12,19,0.2676,0.6316,0.8182,0.008
tmc16,73,9,9,3,12,AStar-Ascent,true,true,11,11,true,0.000,12,71,1.0000,0.1690,0.0000,0.042
tmc16,73,9,9,3,12,AStar-Manhattan+Ascent,true,true,11,11,true,0.000,12,19,0.2676,0.6316,0.8182,0.007
tmc16,73,9,9,3,12,AStar-AbsHeight,false,true,13,11,false,18.182,14,46,0.6479,0.3043,15.4545,0.025
tmc16,74,15,0,11,11,BranchAndBound,true,true,55,55,true,0.000,16,137,1.0000,0.1168,0.0000,0.118
tmc16,74,15,0,11,11,AStar-Euclidean,true,true,55,55,true,0.000,16,132,0.9635,0.1212,0.2000,0.113
tmc16,74,15,0,11,11,AStar-Manhattan,true,true,55,55,true,0.000,16,126,0.9197,0.1270,0.2727,0.106
tmc16,74,15,0,11,11,AStar-Ascent,true,true,55,55,true,0.000,16,47,0.3431,0.3404,0.0000,0.027
tmc16,74,15,0,11,11,AStar-Manhattan+Ascent,true,true,55,55,true,0.000,16,43,0.3139,0.3721,0.2727,0.022
tmc16,74,15,0,11,11,AStar-AbsHeight,false,true,55,55,true,0.000,16,43,0.3139,0.3721,0.5455,0.026
tmc16,75,15,7,8,3,BranchAndBound,true,true,65,65,true,0.000,16,150,1.0000,0.1067,0.0000,0.133
tmc16,75,15,7,8,3,AStar-Euclidean,true,true,65,65,true,0.000,16,147,0.9800,0.1088,0.1231,0.132
tmc16,75,15,7,8,3,AStar-Manhattan,true,true,65,65,true,0.000,16,146,0.9733,0.1096,0.1692,0.130
tmc16,75,15,7,8,3,AStar-Ascent,true,true,65,65,true,0.000,16,104,0.6933,0.1538,0.0000,0.078
tmc16,75,15,7,8,3,AStar-Manhattan+Ascent,true,true,65,65,true,0.000,16,70,0.4667,0.2286,0.1692,0.047
tmc16,75,15,7,8,3,AStar-AbsHeight,false,true,65,65,true,0.000,16,89,0.5933,0.1798,0.7692,0.067
tmc16,76,1,3,15,9,BranchAndBound,true,true,126,126,true,0.000,27,214,1.0000,0.1262,0.0000,0.240
tmc16,76,1,3,15,9,AStar-Euclidean,true,true,126,126,true,0.000,27,208,0.9720,0.1298,0.1190,0.231
tmc16,76,1,3,15,9,AStar-Manhattan,true,true,126,126,true,0.000,27,208,0.9720,0.1298,0.1587,0.226
tmc16,76,1,3,15,9,AStar-Ascent,true,true,126,126,true,0.000,27,185,0.8645,0.1459,0.0000,0.175
tmc16,76,1,3,15,9,AStar-Manhattan+Ascent,true,true,126,126,true,0.000,27,122,0.5701,0.2213,0.1587,0.091
tmc16,76,1,3,15,9,AStar-AbsHeight,false,true,126,126,true,0.000,27,181,0.8458,0.1492,0.0794,0.177
tmc16,77,12,7,8,2,BranchAndBound,true,true,79,79,true,0.000,10,117,1.0000,0.0855,0.0000,0.109
tmc16,77,12,7,8,2,AStar-Euclidean,true,true,79,79,true,0.000,10,111,0.9487,0.0901,0.0759,0.104
tmc16,77,12,7,8,2,AStar-Manhattan,true,true,79,79,true,0.000,10,110,0.9402,0.0909,0.1139,0.100
tmc16,77,12,7,8,2,AStar-Ascent,true,true,79,79,true,0.000,10,32,0.2735,0.3125,0.2532,0.019
tmc16,77,12,7,8,2,AStar-Manhattan+Ascent,true,true,79,79,true,0.000,10,27,0.2308,0.3704,0.3671,0.014
tmc16,77,12,7,8,2,AStar-AbsHeight,false,true,79,79,true,0.000,10,19,0.1624,0.5263,0.2532,0.009
tmc16,78,2,13,1,0,BranchAndBound,true,true,136,136,true,0.000,17,211,1.0000,0.0806,0.0000,0.238
tmc16,78,2,13,1,0,AStar-Euclidean,true,true,136,136,true,0.000,17,186,0.8815,0.0914,0.0956,0.205
tmc16,78,2,13,1,0,AStar-Manhattan,true,true,136,136,true,0.000,17,169,0.8009,0.1006,0.1029,0.175
tmc16,78,2,13,1,0,AStar-Ascent,true,true,136,136,true,0.000,17,115,0.5450,0.1478,0.8824,0.080
tmc16,78,2,13,1,0,AStar-Manhattan+Ascent,true,true,136,136,true,0.000,17,33,0.1564,0.5152,0.9853,0.017
tmc16,78,2,13,1,0,AStar-AbsHeight,false,true,136,136,true,0.000,17,114,0.5403,0.1491,0.8824,0.072
tmc16,79,6,15,13,4,BranchAndBound,true,true,122,122,true,0.000,23,180,1.0000,0.1278,0.0000,0.189
tmc16,79,6,15,13,4,AStar-Euclidean,true,true,122,122,true,0.000,23,146,0.8111,0.1575,0.1066,0.147
tmc16,79,6,15,13,4,AStar-Manhattan,true,true,122,122,true,0.000,23,144,0.8000,0.1597,0.1475,0.139
tmc16,79,6,15,13,4,AStar-Ascent,true,true,122,122,true,0.000,23,180,1.0000,0.1278,0.0000,0.189
tmc16,79,6,15,13,4,AStar-Manhattan+Ascent,true,true,122,122,true,0.000,23,144,0.8000,0.1597,0.1475,0.134
tmc16,79,6,15,13,4,AStar-AbsHeight,false,true,156,122,false,27.869,27,165,0.9167,0.1636,0.0000,0.172
tmc16,80,14,0,8,8,BranchAndBound,true,true,235,235,true,0.000,21,256,1.0000,0.0820,0.0000,0.301
tmc16,80,14,0,8,8,AStar-Euclidean,true,true,235,235,true,0.000,21,256,1.0000,0.0820,0.0426,0.301
tmc16,80,14,0,8,8,AStar-Manhattan,true,true,235,235,true,0.000,21,256,1.0000,0.0820,0.0596,0.300
tmc16,80,14,0,8,8,AStar-Ascent,true,true,235,235,true,0.000,21,137,0.5352,0.1533,0.6596,0.115
tmc16,80,14,0,8,8,AStar-Manhattan+Ascent,true,true,235,235,true,0.000,21,114,0.4453,0.1842,0.7191,0.087
tmc16,80,14,0,8,8,AStar-AbsHeight,false,true,235,235,true,0.000,21,137,0.5352,0.1533,0.6596,0.104
tmc16,81,0,5,9,14,BranchAndBound,true,true,18,18,true,0.000,19,99,1.0000,0.1919,0.0000,0.071
tmc16,81,0,5,9,14,AStar-Euclidean,true,true,18,18,true,0.000,19,63,0.6364,0.3016,0.6667,0.039
tmc16,81,0,5,9,14,AStar-Manhattan,true,true,18,18,true,0.000,19,53,0.5354,0.3585,1.0000,0.030
tmc16,81,0,5,9,14,AStar-Ascent,true,true,18,18,true,0.000,19,99,1.0000,0.1919,0.0000,0.065
tmc16,81,0,5,9,14,AStar-Manhattan+Ascent,true,true,18,18,true,0.000,19,53,0.5354,0.3585,1.0000,0.027
tmc16,81,0,5,9,14,AStar-AbsHeight,false,true,18,18,true,0.000,19,169,1.7071,0.1124,5.5556,0.141
tmc16,82,14,8,7,15,BranchAndBound,true,true,14,14,true,0.000,15,86,1.0000,0.1744,0.0000,0.054
tmc16,82,14,8,7,15,AStar-Euclidean,true,true,14,14,true,0.000,15,45,0.5233,0.3333,0.6429,0.026
tmc16,82,14,8,7,15,AStar-Manhattan,true,true,14,14,true,0.000,15,25,0.2907,0.6000,1.0000,0.012
tmc16,82,14,8,7,15,AStar-Ascent,true,true,14,14,true,0.000,15,86,1.0000,0.1744,0.0000,0.050
tmc16,82,14,8,7,15,AStar-Manhattan+Ascent,true,true,14,14,true,0.000,15,25,0.2907,0.6000,1.0000,0.011
tmc16,82,14,8,7,15,AStar-AbsHeight,false,true,16,14,false,14.286,17,82,0.9535,0.2073,10.0000,0.068
tmc16,83,3,5,13,8,BranchAndBound,true,true,177,177,true,0.000,28,251,1.0000,0.1116,0.0000,0.286
tmc16,83,3,5,13,8,AStar-Euclidean,true,true,177,177,true,0.000,28,250,0.9960,0.1120,0.0565,0.303
tmc16,83,3,5,13,8,AStar-Manhattan,true,true,177,177,true,0.000,28,247,0.9841,0.1134,0.0734,0.293
tmc16,83,3,5,13,8,AStar-Ascent,true,true,177,177,true,0.000,28,164,0.6534,0.1707,0.4520,0.152
tmc16,83,3,5,13,8,AStar-Manhattan+Ascent,true,true,177,177,true,0.000,28,158,0.6295,0.1772,0.5254,0.151
tmc16,83,3,5,13,8,AStar-AbsHeight,false,true,177,177,true,0.000,28,161,0.6414,0.1739,0.4520,0.141
tmc16,84,10,5,0,11,BranchAndBound,true,true,164,164,true,0.000,25,239,1.0000,0.1046,0.0000,0.279
tmc16,84,10,5,0,11,AStar-Euclidean,true,true,164,164,true,0.000,25,223,0.9331,0.1121,0.0671,0.266
tmc16,84,10,5,0,11,AStar-Manhattan,true,true,164,164,true,0.000,25,219,0.9163,0.1142,0.0976,0.262
tmc16,84,10,5,0,11,AStar-Ascent,true,true,164,164,true,0.000,25,214,0.8954,0.1168,0.4268,0.228
tmc16,84,10,5,0,11,AStar-Manhattan+Ascent,true,true,164,164,true,0.000,25,140,0.5858,0.1786,0.5244,0.133
tmc16,84,10,5,0,11,AStar-AbsHeight,false,true,164,164,true,0.000,25,201,0.8410,0.1244,0.4268,0.225
tmc16,85,1,5,10,15,BranchAndBound,true,true,51,51,true,0.000,22,119,1.0000,0.1849,0.0000,0.098
tmc16,85,1,5,10,15,AStar-Euclidean,true,true,51,51,true,0.000,22,99,0.8319,0.2222,0.2549,0.077
tmc16,85,1,5,10,15,AStar-Manhattan,true,true,51,51,true,0.000,22,94,0.7899,0.2340,0.3725,0.071
tmc16,85,1,5,10,15,AStar-Ascent,true,true,51,51,true,0.000,22,119,1.0000,0.1849,0.0000,0.093
tmc16,85,1,5,10,15,AStar-Manhattan+Ascent,true,true,51,51,true,0.000,22,94,0.7899,0.2340,0.3725,0.064
tmc16,85,1,5,10,15,AStar-AbsHeight,false,true,69,51,false,35.294,20,139,1.1681,0.1439,1.3725,0.123
tmc16,86,6,11,3,6,BranchAndBound,true,true,78,78,true,0.000,9,71,1.0000,0.1268,0.0000,0.046
tmc16,86,6,11,3,6,AStar-Euclidean,true,true,78,78,true,0.000,9,68,0.9577,0.1324,0.0641,0.041
tmc16,86,6,11,3,6,AStar-Manhattan,true,true,78,78,true,0.000,9,68,0.9577,0.1324,0.1026,0.040
tmc16,86,6,11,3,6,AStar-Ascent,true,true,78,78,true,0.000,9,71,1.0000,0.1268,0.0000,0.040
tmc16,86,6,11,3,6,AStar-Manhattan+Ascent,true,true,78,78,true,0.000,9,68,0.9577,0.1324,0.1026,0.035
tmc16,86,6,11,3,6,AStar-AbsHeight,false,true,78,78,true,0.000,9,80,1.1268,0.1125,0.0000,0.048
tmc16,87,15,3,8,2,BranchAndBound,true,true,70,70,true,0.000,11,158,1.0000,0.0696,0.0000,0.151
tmc16,87,15,3,8,2,AStar-Euclidean,true,true,70,70,true,0.000,11,153,0.9684,0.0719,0.1000,0.139
tmc16,87,15,3,8,2,AStar-Manhattan,true,true,70,70,true,0.000,11,149,0.9430,0.0738,0.1143,0.135
tmc16,87,15,3,8,2,AStar-Ascent,true,true,70,70,true,0.000,11,77,0.4873,0.1429,0.0000,0.053
tmc16,87,15,3,8,2,AStar-Manhattan+Ascent,true,true,70,70,true,0.000,11,68,0.4304,0.1618,0.1143,0.045
tmc16,87,15,3,8,2,AStar-AbsHeight,false,true,70,70,true,0.000,11,66,0.4177,0.1667,0.5714,0.044
tmc16,88,10,2,2,8,BranchAndBound,true,true,128,128,true,0.000,19,208,1.0000,0.0913,0.0000,0.223
tmc16,88,10,2,2,8,AStar-Euclidean,true,true,128,128,true,0.000,19,199,0.9567,0.0955,0.0781,0.214
tmc16,88,10,2,2,8,AStar-Manhattan,true,true,128,128,true,0.000,19,195,0.9375,0.0974,0.1094,0.208
tmc16,88,10,2,2,8,AStar-Ascent,true,true,128,128,true,0.000,19,142,0.6827,0.1338,0.2344,0.118
tmc16,88,10,2,2,8,AStar-Manhattan+Ascent,true,true,128,128,true,0.000,19,131,0.6298,0.1450,0.3438,0.110
tmc16,88,10,2,2,8,AStar-AbsHeight,false,true,128,128,true,0.000,19,118,0.5673,0.1610,0.2344,0.093
tmc16,89,3,6,13,8,BranchAndBound,true,true,222,222,true,0.000,23,253,1.0000,0.0909,0.0000,0.301
tmc16,89,3,6,13,8,AStar-Euclidean,true,true,222,222,true,0.000,23,253,1.0000,0.0909,0.0450,0.304
tmc16,89,3,6,13,8,AStar-Manhattan,true,true,222,222,true,0.000,23,253,1.0000,0.0909,0.0541,0.301
tmc16,89,3,6,13,8,AStar-Ascent,true,true,222,222,true,0.000,23,239,0.9447,0.0962,0.5856,0.263
tmc16,89,3,6,13,8,AStar-Manhattan+Ascent,true,true,222,222,true,0.000,23,187,0.7391,0.1230,0.6396,0.197
tmc16,89,3,6,13,8,AStar-AbsHeight,false,true,222,222,true,0.000,23,232,0.9170,0.0991,0.5856,0.253
tmc16,90,9,13,1,6,BranchAndBound,true,true,117,117,true,0.000,18,164,1.0000,0.1098,0.0000,0.169
tmc16,90,9,13,1,6,AStar-Euclidean,true,true,117,117,true,0.000,18,129,0.7866,0.1395,0.0855,0.118
tmc16,90,9,13,1,6,AStar-Manhattan,true,true,117,117,true,0.000,18,123,0.7500,0.1463,0.1282,0.110
tmc16,90,9,13,1,6,AStar-Ascent,true,true,117,117,true,0.000,18,150,0.9146,0.1200,0.1709,0.139
tmc16,90,9,13,1,6,AStar-Manhattan+Ascent,true,true,117,117,true,0.000,18,122,0.7439,0.1475,0.2991,0.107
tmc16,90,9,13,1,6,AStar-AbsHeight,false,true,125,117,false,6.838,16,118,0.7195,0.1356,0.1709,0.100
tmc16,91,2,5,13,14,BranchAndBound,true,true,64,64,true,0.000,25,132,1.0000,0.1894,0.0000,0.112
tmc16,91,2,5,13,14,AStar-Euclidean,true,true,64,64,true,0.000,25,107,0.8106,0.2336,0.2188,0.090
tmc16,91,2,5,13,14,AStar-Manhattan,true,true,64,64,true,0.000,25,101,0.7652,0.2475,0.3125,0.084
tmc16,91,2,5,13,14,AStar-Ascent,true,true,64,64,true,0.000,25,132,1.0000,0.1894,0.0000,0.107
tmc16,91,2,5,13,14,AStar-Manhattan+Ascent,true,true,64,64,true,0.000,25,101,0.7652,0.2475,0.3125,0.077
tmc16,91,2,5,13,14,AStar-AbsHeight,false,true,70,64,false,9.375,21,143,1.0833,0.1469,0.9375,0.129
tmc16,92,15,9,7,15,BranchAndBound,true,true,14,14,true,0.000,15,72,1.0000,0.2083,0.0000,0.046
tmc16,92,15,9,7,15,AStar-Euclidean,true,true,14,14,true,0.000,15,42,0.5833,0.3571,0.7143,0.021
tmc16,92,15,9,7,15,AStar-Manhattan,true,true,14,14,true,0.000,15,40,0.5556,0.3750,1.0000,0.018
tmc16,92,15,9,7,15,AStar-Ascent,true,true,14,14,true,0.000,15,72,1.0000,0.2083,0.0000,0.040
tmc16,92,15,9,7,15,AStar-Manhattan+Ascent,true,true,14,14,true,0.000,15,40,0.5556,0.3750,1.0000,0.014
tmc16,92,15,9,7,15,AStar-AbsHeight,false,true,14,14,true,0.000,15,37,0.5139,0.4054,7.1429,0.020
tmc16,93,5,14,1,7,BranchAndBound,true,true,113,113,true,0.000,14,147,1.0000,0.0952,0.0000,0.142
tmc16,93,5,14,1,7,AStar-Euclidean,true,true,113,113,true,0.000,14,121,0.8231,0.1157,0.0708,0.107
tmc16,93,5,14,1,7,AStar-Manhattan,true,true,113,113,true,0.000,14,116,0.7891,0.1207,0.0973,0.104
tmc16,93,5,14,1,7,AStar-Ascent,true,true,113,113,true,0.000,14,132,0.8980,0.1061,0.2655,0.112
tmc16,93,5,14,1,7,AStar-Manhattan+Ascent,true,true,113,113,true,0.000,14,110,0.7483,0.1273,0.3628,0.090
tmc16,93,5,14,1,7,AStar-AbsHeight,false,true,133,113,false,17.699,14,103,0.7007,0.1359,0.2655,0.078
tmc16,94,5,13,0,7,BranchAndBound,true,true,111,111,true,0.000,12,139,1.0000,0.0863,0.0000,0.126
tmc16,94,5,13,0,7,AStar-Euclidean,true,true,111,111,true,0.000,12,114,0.8201,0.1053,0.0631,0.096
tmc16,94,5,13,0,7,AStar-Manhattan,true,true,111,111,true,0.000,12,109,0.7842,0.1101,0.0991,0.087
tmc16,94,5,13,0,7,AStar-Ascent,true,true,111,111,true,0.000,12,90,0.6475,0.1333,0.9009,0.057
tmc16,94,5,13,0,7,AStar-Manhattan+Ascent,true,true,111,111,true,0.000,12,28,0.2014,0.4286,1.0000,0.012
tmc16,94,5,13,0,7,AStar-AbsHeight,false,true,111,111,true,0.000,12,90,0.6475,0.1333,0.9009,0.052
tmc16,95,14,15,1,14,BranchAndBound,true,true,14,14,true,0.000,15,45,1.0000,0.3333,0.0000,0.022
tmc16,95,14,15,1,14,AStar-Euclidean,true,true,14,14,true,0.000,15,28,0.6222,0.5357,0.9286,0.010
tmc16,95,14,15,1,14,AStar-Manhattan,true,true,14,14,true,0.000,15,28,0.6222,0.5357,1.0000,0.010
tmc16,95,14,15,1,14,AStar-Ascent,true,true,14,14,true,0.000,15,45,1.0000,0.3333,0.0000,0.020
tmc16,95,14,15,1,14,AStar-Manhattan+Ascent,true,true,14,14,true,0.000,15,28,0.6222,0.5357,1.0000,0.009
tmc16,95,14,15,1,14,AStar-AbsHeight,false,true,14,14,true,0.000,15,45,1.0000,0.3333,0.0000,0.018
tmc16,96,8,8,1,12,BranchAndBound,true,true,11,11,true,0.000,12,106,1.0000,0.1132,0.0000,0.082
tmc16,96,8,8,1,12,AStar-Euclidean,true,true,11,11,true,0.000,12,39,0.3679,0.3077,0.7273,0.021
tmc16,96,8,8,1,12,AStar-Manhattan,true,true,11,11,true,0.000,12,27,0.2547,0.4444,1.0000,0.013
tmc16,96,8,8,1,12,AStar-Ascent,true,true,11,11,true,0.000,12,106,1.0000,0.1132,0.0000,0.078
tmc16,96,8,8,1,12,AStar-Manhattan+Ascent,true,true,11,11,true,0.000,12,27,0.2547,0.4444,1.0000,0.011
tmc16,96,8,8,1,12,AStar-AbsHeight,false,true,11,11,true,0.000,12,29,0.2736,0.4138,18.6364,0.016
tmc16,97,9,2,13,11,BranchAndBound,true,true,119,119,true,0.000,20,166,1.0000,0.1205,0.0000,0.175
tmc16,97,9,2,13,11,AStar-Euclidean,true,true,119,119,true,0.000,20,130,0.7831,0.1538,0.0756,0.115
tmc16,97,9,2,13,11,AStar-Manhattan,true,true,119,119,true,0.000,20,125,0.7530,0.1600,0.1092,0.109
tmc16,97,9,2,13,11,AStar-Ascent,true,true,119,119,true,0.000,20,40,0.2410,0.5000,0.8403,0.021
tmc16,97,9,2,13,11,AStar-Manhattan+Ascent,true,true,119,119,true,0.000,20,37,0.2229,0.5405,0.9496,0.019
tmc16,97,9,2,13,11,AStar-AbsHeight,false,true,119,119,true,0.000,20,39,0.2349,0.5128,0.8403,0.019
tmc16,98,12,14,11,2,BranchAndBound,true,true,133,133,true,0.000,14,207,1.0000,0.0676,0.0000,0.233
tmc16,98,12,14,11,2,AStar-Euclidean,true,true,133,133,true,0.000,14,192,0.9275,0.0729,0.0902,0.209
tmc16,98,12,14,11,2,AStar-Manhattan,true,true,133,133,true,0.000,14,175,0.8454,0.0800,0.0977,0.183
tmc16,98,12,14,11,2,AStar-Ascent,true,true,133,133,true,0.000,14,154,0.7440,0.0909,0.5263,0.139
tmc16,98,12,14,11,2,AStar-Manhattan+Ascent,true,true,133,133,true,0.000,14,120,0.5797,0.1167,0.6241,0.101
tmc16,98,12,14,11,2,AStar-AbsHeight,false,true,161,133,false,21.053,22,190,0.9179,0.1158,0.5263,0.206
tmc16,99,13,8,9,14,BranchAndBound,true,true,10,10,true,0.000,11,23,1.0000,0.4783,0.0000,0.012
tmc16,99,13,8,9,14,AStar-Euclidean,true,true,10,10,true,0.000,11,17,0.7391,0.6471,0.7000,0.009
tmc16,99,13,8,9,14,AStar-Manhattan,true,true,10,10,true,0.000,11,14,0.6087,0.7857,1.0000,0.005
tmc16,99,13,8,9,14,AStar-Ascent,true,true,10,10,true,0.000,11,23,1.0000,0.4783,0.0000,0.009
tmc16,99,13,8,9,14,AStar-Manhattan+Ascent,true,true,10,10,true,0.000,11,14,0.6087,0.7857,1.0000,0.005
tmc16,99,13,8,9,14,AStar-AbsHeight,false,true,10,10,true,0.000,11,21,0.9130,0.5238,13.0000,0.009
tmc16,100,4,9,15,10,BranchAndBound,true,true,118,118,true,0.000,19,216,1.0000,0.0880,0.0000,0.242
tmc16,100,4,9,15,10,AStar-Euclidean,true,true,118,118,true,0.000,19,213,0.9861,0.0892,0.0932,0.236
tmc16,100,4,9,15,10,AStar-Manhattan,true,true,118,118,true,0.000,19,213,0.9861,0.0892,0.1017,0.232
tmc16,100,4,9,15,10,AStar-Ascent,true,true,118,118,true,0.000,19,177,0.8194,0.1073,0.0000,0.163
tmc16,100,4,9,15,10,AStar-Manhattan+Ascent,true,true,118,118,true,0.000,19,125,0.5787,0.1520,0.1017,0.108
tmc16,100,4,9,15,10,AStar-AbsHeight,false,true,118,118,true,0.000,19,166,0.7685,0.1145,0.4237,0.151
tmc16,101,0,8,10,5,BranchAndBound,true,true,93,93,true,0.000,24,181,1.0000,0.1326,0.0000,0.182
tmc16,101,0,8,10,5,AStar-Euclidean,true,true,93,93,true,0.000,24,175,0.9669,0.1371,0.1075,0.173
tmc16,101,0,8,10,5,AStar-Manhattan,true,true,93,93,true,0.000,24,175,0.9669,0.1371,0.1398,0.178
tmc16,101,0,8,10,5,AStar-Ascent,true,true,93,93,true,0.000,24,178,0.9834,0.1348,0.0000,0.171
tmc16,101,0,8,10,5,AStar-Manhattan+Ascent,true,true,93,93,true,0.000,24,169,0.9337,0.1420,0.1398,0.162
tmc16,101,0,8,10,5,AStar-AbsHeight,false,true,93,93,true,0.000,24,196,1.0829,0.1224,0.7527,0.204
tmc16,102,8,0,6,14,BranchAndBound,true,true,108,108,true,0.000,19,107,1.0000,0.1776,0.0000,0.086
tmc16,102,8,0,6,14,AStar-Euclidean,true,true,108,108,true,0.000,19,91,0.8505,0.2088,0.1296,0.066
tmc16,102,8,0,6,14,AStar-Manhattan,true,true,108,108,true,0.000,19,88,0.8224,0.2159,0.1481,0.065
tmc16,102,8,0,6,14,AStar-Ascent,true,true,108,108,true,0.000,19,107,1.0000,0.1776,0.0000,0.081
tmc16,102,8,0,6,14,AStar-Manhattan+Ascent,true,true,108,108,true,0.000,19,88,0.8224,0.2159,0.1481,0.055
tmc16,102,8,0,6,14,AStar-AbsHeight,false,true,108,108,true,0.000,19,104,0.9720,0.1827,0.0000,0.086
tmc16,103,15,9,3,5,BranchAndBound,true,true,86,86,true,0.000,27,174,1.0000,0.1552,0.0000,0.169
tmc16,103,15,9,3,5,AStar-Euclidean,true,true,86,86,true,0.000,27,168,0.9655,0.1607,0.1395,0.163
tmc16,103,15,9,3,5,AStar-Manhattan,true,true,86,86,true,0.000,27,168,0.9655,0.1607,0.1860,0.167
tmc16,103,15,9,3,5,AStar-Ascent,true,true,86,86,true,0.000,27,164,0.9425,0.1646,0.0000,0.149
tmc16,103,15,9,3,5,AStar-Manhattan+Ascent,true,true,86,86,true,0.000,27,157,0.9023,0.1720,0.1860,0.154
tmc16,103,15,9,3,5,AStar-AbsHeight,false,true,86,86,true,0.000,27,150,0.8621,0.1800,0.5814,0.141
tmc16,104,1,3,1,14,BranchAndBound,true,true,13,13,true,0.000,14,66,1.0000,0.2121,0.0000,0.039
tmc16,104,1,3,1,14,AStar-Euclidean,true,true,13,13,true,0.000,14,31,0.4697,0.4516,0.8462,0.014
tmc16,104,1,3,1,14,AStar-Manhattan,true,true,13,13,true,0.000,14,27,0.4091,0.5185,0.8462,0.010
tmc16,104,1,3,1,14,AStar-Ascent,true,true,13,13,true,0.000,14,66,1.0000,0.2121,0.0000,0.033
tmc16,104,1,3,1,14,AStar-Manhattan+Ascent,true,true,13,13,true,0.000,14,27,0.4091,0.5185,0.8462,0.009
tmc16,104,1,3,1,14,AStar-AbsHeight,false,true,15,13,false,15.385,16,115,1.7424,0.1391,8.4615,0.089
tmc16,105,5,15,14,0,BranchAndBound,true,true,126,126,true,0.000,27,193,1.0000,0.1399,0.0000,0.211
tmc16,105,5,15,14,0,AStar-Euclidean,true,true,126,126,true,0.000,27,160,0.8290,0.1688,0.1349,0.161
tmc16,105,5,15,14,0,AStar-Manhattan,true,true,126,126,true,0.000,27,152,0.7876,0.1776,0.1905,0.153
tmc16,105,5,15,14,0,AStar-Ascent,true,true,126,126,true,0.000,27,160,0.8290,0.1688,0.3968,0.151
tmc16,105,5,15,14,0,AStar-Manhattan+Ascent,true,true,126,126,true,0.000,27,125,0.6477,0.2160,0.5873,0.104
tmc16,105,5,15,14,0,AStar-AbsHeight,false,true,164,126,false,30.159,25,176,0.9119,0.1420,0.3968,0.181
tmc16,106,0,0,12,4,BranchAndBound,true,true,124,124,true,0.000,25,198,1.0000,0.1263,0.0000,0.206
tmc16,106,0,0,12,4,AStar-Euclidean,true,true,124,124,true,0.000,25,196,0.9899,0.1276,0.0968,0.216
tmc16,106,0,0,12,4,AStar-Manhattan,true,true,124,124,true,0.000,25,195,0.9848,0.1282,0.1290,0.203
tmc16,106,0,0,12,4,AStar-Ascent,true,true,124,124,true,0.000,25,151,0.7626,0.1656,0.0000,0.124
tmc16,106,0,0,12,4,AStar-Manhattan+Ascent,true,true,124,124,true,0.000,25,98,0.4949,0.2551,0.1290,0.066
tmc16,106,0,0,12,4,AStar-AbsHeight,false,true,124,124,true,0.000,25,148,0.7475,0.1689,0.0000,0.122
tmc16,107,5,5,11,9,BranchAndBound,true,true,142,142,true,0.000,13,245,1.0000,0.0531,0.0000,0.295
tmc16,107,5,5,11,9,AStar-Euclidean,true,true,142,142,true,0.000,13,243,0.9918,0.0535,0.0493,0.286
tmc16,107,5,5,11,9,AStar-Manhattan,true,true,142,142,true,0.000,13,241,0.9837,0.0539,0.0704,0.283
tmc16,107,5,5,11,9,AStar-Ascent,true,true,142,142,true,0.000,13,124,0.5061,0.1048,0.4225,0.105
tmc16,107,5,5,11,9,AStar-Manhattan+Ascent,true,true,142,142,true,0.000,13,104,0.4245,0.1250,0.4930,0.084
tmc16,107,5,5,11,9,AStar-AbsHeight,false,true,152,142,false,7.042,13,181,0.7388,0.0718,0.4225,0.178
tmc16,108,11,13,4,2,BranchAndBound,true,true,88,88,true,0.000,19,87,1.0000,0.2184,0.0000,0.065
tmc16,108,11,13,4,2,AStar-Euclidean,true,true,88,88,true,0.000,19,84,0.9655,0.2262,0.1477,0.063
tmc16,108,11,13,4,2,AStar-Manhattan,true,true,88,88,true,0.000,19,74,0.8506,0.2568,0.2045,0.048
tmc16,108,11,13,4,2,AStar-Ascent,true,true,88,88,true,0.000,19,87,1.0000,0.2184,0.0000,0.066
tmc16,108,11,13,4,2,AStar-Manhattan+Ascent,true,true,88,88,true,0.000,19,74,0.8506,0.2568,0.2045,0.045
tmc16,108,11,13,4,2,AStar-AbsHeight,false,true,88,88,true,0.000,19,104,1.1954,0.1827,0.0000,0.080
tmc16,109,12,15,0,14,BranchAndBound,true,true,113,113,true,0.000,14,127,1.0000,0.1102,0.0000,0.126
tmc16,109,12,15,0,14,AStar-Euclidean,true,true,113,113,true,0.000,14,99,0.7795,0.1414,0.1062,0.077
tmc16,109,12,15,0,14,AStar-Manhattan,true,true,113,113,true,0.000,14,94,0.7402,0.1489,0.1150,0.069
tmc16,109,12,15,0,14,AStar-Ascent,true,true,113,113,true,0.000,14,84,0.6614,0.1667,0.8850,0.047
tmc16,109,12,15,0,14,AStar-Manhattan+Ascent,true,true,113,113,true,0.000,14,26,0.2047,0.5385,1.0000,0.009
tmc16,109,12,15,0,14,AStar-AbsHeight,false,true,113,113,true,0.000,14,84,0.6614,0.1667,0.8850,0.042
tmc16,110,15,0,4,7,BranchAndBound,true,true,170,170,true,0.000,31,251,1.0000,0.1235,0.0000,0.287
tmc16,110,15,0,4,7,AStar-Euclidean,true,true,170,170,true,0.000,31,251,1.0000,0.1235,0.0765,0.288
tmc16,110,15,0,4,7,AStar-Manhattan,true,true,170,170,true,0.000,31,251,1.0000,0.1235,0.1059,0.289
tmc16,110,15,0,4,7,AStar-Ascent,true,true,170,170,true,0.000,31,227,0.9044,0.1366,0.2353,0.249
tmc16,110,15,0,4,7,AStar-Manhattan+Ascent,true,true,170,170,true,0.000,31,175,0.6972,0.1771,0.3412,0.173
tmc16,110,15,0,4,7,AStar-AbsHeight,false,true,170,170,true,0.000,31,225,0.8964,0.1378,0.2353,0.241
tmc16,111,3,9,14,8,BranchAndBound,true,true,160,160,true,0.000,21,253,1.0000,0.0830,0.0000,0.288
tmc16,111,3,9,14,8,AStar-Euclidean,true,true,160,160,true,0.000,21,252,0.9960,0.0833,0.0688,0.293
tmc16,111,3,9,14,8,AStar-Manhattan,true,true,160,160,true,0.000,21,252,0.9960,0.0833,0.0750,0.295
tmc16,111,3,9,14,8,AStar-Ascent,true,true,160,160,true,0.000,21,189,0.7470,0.1111,0.0625,0.186
tmc16,111,3,9,14,8,AStar-Manhattan+Ascent,true,true,160,160,true,0.000,21,138,0.5455,0.1522,0.1375,0.123
tmc16,111,3,9,14,8,AStar-AbsHeight,false,true,160,160,true,0.000,21,186,0.7352,0.1129,0.0625,0.182
tmc16,112,11,2,14,9,BranchAndBound,true,true,134,134,true,0.000,15,222,1.0000,0.0676,0.0000,0.253
tmc16,112,11,2,14,9,AStar-Euclidean,true,true,134,134,true,0.000,15,199,0.8964,0.0754,0.0522,0.228
tmc16,112,11,2,14,9,AStar-Manhattan,true,true,134,134,true,0.000,15,195,0.8784,0.0769,0.0746,0.209
tmc16,112,11,2,14,9,AStar-Ascent,true,true,134,134,true,0.000,15,31,0.1396,0.4839,0.5970,0.015
tmc16,112,11,2,14,9,AStar-Manhattan+Ascent,true,true,134,134,true,0.000,15,28,0.1261,0.5357,0.6716,0.013
tmc16,112,11,2,14,9,AStar-AbsHeight,false,true,134,134,true,0.000,15,31,0.1396,0.4839,0.5970,0.011
tmc16,113,5,15,13,9,BranchAndBound,true,true,164,164,true,0.000,15,242,1.0000,0.0620,0.0000,0.280
tmc16,113,5,15,13,9,AStar-Euclidean,true,true,164,164,true,0.000,15,237,0.9793,0.0633,0.0610,0.274
tmc16,113,5,15,13,9,AStar-Manhattan,true,true,164,164,true,0.000,15,235,0.9711,0.0638,0.0854,0.271
tmc16,113,5,15,13,9,AStar-Ascent,true,true,164,164,true,0.000,15,113,0.4669,0.1327,0.9146,0.067
tmc16,113,5,15,13,9,AStar-Manhattan+Ascent,true,true,164,164,true,0.000,15,60,0.2479,0.2500,1.0000,0.032
tmc16,113,5,15,13,9,AStar-AbsHeight,false,true,164,164,true,0.000,15,113,0.4669,0.1327,0.9146,0.065
tmc16,114,13,14,0,13,BranchAndBound,true,true,114,114,true,0.000,15,137,1.0000,0.1095,0.0000,0.127
tmc16,114,13,14,0,13,AStar-Euclidean,true,true,114,114,true,0.000,15,99,0.7226,0.1515,0.1140,0.078
tmc16,114,13,14,0,13,AStar-Manhattan,true,true,114,114,true,0.000,15,96,0.7007,0.1563,0.1228,0.075
tmc16,114,13,14,0,13,AStar-Ascent,true,true,114,114,true,0.000,15,93,0.6788,0.1613,0.8772,0.055
tmc16,114,13,14,0,13,AStar-Manhattan+Ascent,true,true,114,114,true,0.000,15,28,0.2044,0.5357,1.0000,0.018
tmc16,114,13,14,0,13,AStar-AbsHeight,false,true,114,114,true,0.000,15,93,0.6788,0.1613,0.8772,0.061
tmc16,115,6,9,0,2,BranchAndBound,true,true,93,93,true,0.000,14,192,1.0000,0.0729,0.0000,0.219
tmc16,115,6,9,0,2,AStar-Euclidean,true,true,93,93,true,0.000,14,173,0.9010,0.0809,0.0968,0.196
tmc16,115,6,9,0,2,AStar-Manhattan,true,true,93,93,true,0.000,14,170,0.8854,0.0824,0.1398,0.180
tmc16,115,6,9,0,2,AStar-Ascent,true,true,93,93,true,0.000,14,67,0.3490,0.2090,0.0000,0.049
tmc16,115,6,9,0,2,AStar-Manhattan+Ascent,true,true,93,93,true,0.000,14,49,0.2552,0.2857,0.1398,0.031
tmc16,115,6,9,0,2,AStar-AbsHeight,false,true,93,93,true,0.000,14,38,0.1979,0.3684,0.0000,0.020
tmc16,116,5,12,13,0,BranchAndBound,true,true,110,110,true,0.000,21,132,1.0000,0.1591,0.0000,0.126
tmc16,116,5,12,13,0,AStar-Euclidean,true,true,110,110,true,0.000,21,113,0.8561,0.1858,0.1273,0.102
tmc16,116,5,12,13,0,AStar-Manhattan,true,true,110,110,true,0.000,21,112,0.8485,0.1875,0.1818,0.097
tmc16,116,5,12,13,0,AStar-Ascent,true,true,110,110,true,0.000,21,132,1.0000,0.1591,0.0000,0.119
tmc16,116,5,12,13,0,AStar-Manhattan+Ascent,true,true,110,110,true,0.000,21,112,0.8485,0.1875,0.1818,0.091
tmc16,116,5,12,13,0,AStar-AbsHeight,false,true,122,110,false,10.909,23,102,0.7727,0.2255,0.0000,0.080
tmc16,117,3,3,7,14,BranchAndBound,true,true,61,61,true,0.000,22,125,1.0000,0.1760,0.0000,0.110
tmc16,117,3,3,7,14,AStar-Euclidean,true,true,61,61,true,0.000,22,99,0.7920,0.2222,0.1803,0.077
tmc16,117,3,3,7,14,AStar-Manhattan,true,true,61,61,true,0.000,22,96,0.7680,0.2292,0.2459,0.072
tmc16,117,3,3,7,14,AStar-Ascent,true,true,61,61,true,0.000,22,125,1.0000,0.1760,0.0000,0.101
tmc16,117,3,3,7,14,AStar-Manhattan+Ascent,true,true,61,61,true,0.000,22,96,0.7680,0.2292,0.2459,0.067
tmc16,117,3,3,7,14,AStar-AbsHeight,false,true,65,61,false,6.557,16,108,0.8640,0.1481,0.9836,0.093
tmc16,118,0,4,10,13,BranchAndBound,true,true,19,19,true,0.000,20,98,1.0000,0.2041,0.0000,0.082
tmc16,118,0,4,10,13,AStar-Euclidean,true,true,19,19,true,0.000,20,58,0.5918,0.3448,0.6842,0.038
tmc16,118,0,4,10,13,AStar-Manhattan,true,true,19,19,true,0.000,20,49,0.5000,0.4082,1.0000,0.026
tmc16,118,0,4,10,13,AStar-Ascent,true,true,19,19,true,0.000,20,98,1.0000,0.2041,0.0000,0.065
tmc16,118,0,4,10,13,AStar-Manhattan+Ascent,true,true,19,19,true,0.000,20,49,0.5000,0.4082,1.0000,0.023
tmc16,118,0,4,10,13,AStar-AbsHeight,false,true,19,19,true,0.000,20,167,1.7041,0.1198,5.2632,0.138
tmc16,119,4,3,8,14,BranchAndBound,true,true,85,85,true,0.000,16,98,1.0000,0.1633,0.0000,0.081
tmc16,119,4,3,8,14,AStar-Euclidean,true,true,85,85,true,0.000,16,68,0.6939,0.2353,0.1294,0.047
tmc16,119,4,3,8,14,AStar-Manhattan,true,true,85,85,true,0.000,16,64,0.6531,0.2500,0.1765,0.040
tmc16,119,4,3,8,14,AStar-Ascent,true,true,85,85,true,0.000,16,98,1.0000,0.1633,0.0000,0.077
tmc16,119,4,3,8,14,AStar-Manhattan+Ascent,true,true,85,85,true,0.000,16,64,0.6531,0.2500,0.1765,0.037
tmc16,119,4,3,8,14,AStar-AbsHeight,false,true,85,85,true,0.000,16,106,1.0816,0.1509,0.0000,0.089
tmc16,120,3,12,14,7,BranchAndBound,true,true,150,150,true,0.000,21,233,1.0000,0.0901,0.0000,0.269
tmc16,120,3,12,14,7,AStar-Euclidean,true,true,150,150,true,0.000,21,227,0.9742,0.0925,0.0800,0.264
tmc16,120,3,12,14,7,AStar-Manhattan,true,true,150,150,true,0.000,21,223,0.9571,0.0942,0.1067,0.265
tmc16,120,3,12,14,7,AStar-Ascent,true,true,150,150,true,0.000,21,130,0.5579,0.1615,0.8667,0.102
tmc16,120,3,12,14,7,AStar-Manhattan+Ascent,true,true,150,150,true,0.000,21,82,0.3519,0.2561,0.9733,0.062
tmc16,120,3,12,14,7,AStar-AbsHeight,false,true,150,150,true,0.000,21,126,0.5408,0.1667,0.8667,0.087
tmc16,121,0,5,11,12,BranchAndBound,true,true,60,60,true,0.000,21,146,1.0000,0.1438,0.0000,0.134
tmc16,121,0,5,11,12,AStar-Euclidean,true,true,60,60,true,0.000,21,135,0.9247,0.1556,0.2167,0.116
tmc16,121,0,5,11,12,AStar-Manhattan,true,true,60,60,true,0.000,21,133,0.9110,0.1579,0.3000,0.112
tmc16,121,0,5,11,12,AStar-Ascent,true,true,60,60,true,0.000,21,128,0.8767,0.1641,0.0000,0.103
tmc16,121,0,5,11,12,AStar-Manhattan+Ascent,true,true,60,60,true,0.000,21,80,0.5479,0.2625,0.3000,0.058
tmc16,121,0,5,11,12,AStar-AbsHeight,false,true,60,60,true,0.000,21,123,0.8425,0.1707,1.0000,0.098
tmc16,122,2,6,7,14,BranchAndBound,true,true,79,79,true,0.000,20,114,1.0000,0.1754,0.0000,0.091
tmc16,122,2,6,7,14,AStar-Euclidean,true,true,79,79,true,0.000,20,93,0.8158,0.2151,0.1139,0.072
tmc16,122,2,6,7,14,AStar-Manhattan,true,true,79,79,true,0.000,20,89,0.7807,0.2247,0.1646,0.068
tmc16,122,2,6,7,14,AStar-Ascent,true,true,79,79,true,0.000,20,114,1.0000,0.1754,0.0000,0.084
tmc16,122,2,6,7,14,AStar-Manhattan+Ascent,true,true,79,79,true,0.000,20,89,0.7807,0.2247,0.1646,0.061
tmc16,122,2,6,7,14,AStar-AbsHeight,false,true,83,79,false,5.063,14,120,1.0526,0.1167,0.5063,0.094
tmc16,123,0,11,6,8,BranchAndBound,true,true,95,95,true,0.000,16,187,1.0000,0.0856,0.0000,0.194
tmc16,123,0,11,6,8,AStar-Euclidean,true,true,95,95,true,0.000,16,177,0.9465,0.0904,0.0632,0.178
tmc16,123,0,11,6,8,AStar-Manhattan,true,true,95,95,true,0.000,16,177,0.9465,0.0904,0.0947,0.173
tmc16,123,0,11,6,8,AStar-Ascent,true,true,95,95,true,0.000,16,63,0.3369,0.2540,0.0000,0.036
tmc16,123,0,11,6,8,AStar-Manhattan+Ascent,true,true,95,95,true,0.000,16,60,0.3209,0.2667,0.0947,0.034
tmc16,123,0,11,6,8,AStar-AbsHeight,false,true,95,95,true,0.000,16,58,0.3102,0.2759,0.0000,0.032
tmc16,124,12,8,4,4,BranchAndBound,true,true,92,92,true,0.000,23,168,1.0000,0.1369,0.0000,0.173
tmc16,124,12,8,4,4,AStar-Euclidean,true,true,92,92,true,0.000,23,160,0.9524,0.1438,0.0870,0.164
tmc16,124,12,8,4,4,AStar-Manhattan,true,true,92,92,true,0.000,23,159,0.9464,0.1447,0.1304,0.161
tmc16,124,12,8,4,4,AStar-Ascent,true,true,92,92,true,0.000,23,167,0.9940,0.1377,0.0000,0.171
tmc16,124,12,8,4,4,AStar-Manhattan+Ascent,true,true,92,92,true,0.000,23,149,0.8869,0.1544,0.1304,0.151
tmc16,124,12,8,4,4,AStar-AbsHeight,false,true,120,92,false,30.435,21,118,0.7024,0.1780,0.4348,0.108
tmc16,125,0,6,10,10,BranchAndBound,true,true,120,120,true,0.000,21,196,1.0000,0.1071,0.0000,0.220
tmc16,125,0,6,10,10,AStar-Euclidean,true,true,120,120,true,0.000,21,193,0.9847,0.1088,0.0833,0.202
tmc16,125,0,6,10,10,AStar-Manhattan,true,true,120,120,true,0.000,21,193,0.9847,0.1088,0.1167,0.203
tmc16,125,0,6,10,10,AStar-Ascent,true,true,120,120,true,0.000,21,157,0.8010,0.1338,0.0000,0.131
tmc16,125,0,6,10,10,AStar-Manhattan+Ascent,true,true,120,120,true,0.000,21,101,0.5153,0.2079,0.1167,0.072
tmc16,125,0,6,10,10,AStar-AbsHeight,false,true,120,120,true,0.000,21,154,0.7857,0.1364,0.0000,0.131
tmc16,126,3,4,9,9,BranchAndBound,true,true,173,173,true,0.000,14,246,1.0000,0.0569,0.0000,0.281
tmc16,126,3,4,9,9,AStar-Euclidean,true,true,173,173,true,0.000,14,246,1.0000,0.0569,0.0405,0.281
tmc16,126,3,4,9,9,AStar-Manhattan,true,true,173,173,true,0.000,14,246,1.0000,0.0569,0.0636,0.277
tmc16,126,3,4,9,9,AStar-Ascent,true,true,173,173,true,0.000,14,77,0.3130,0.1818,0.6936,0.050
tmc16,126,3,4,9,9,AStar-Manhattan+Ascent,true,true,173,173,true,0.000,14,69,0.2805,0.2029,0.7572,0.042
tmc16,126,3,4,9,9,AStar-AbsHeight,false,true,173,173,true,0.000,14,75,0.3049,0.1867,0.6936,0.041
tmc16,127,0,5,9,5,BranchAndBound,true,true,79,79,true,0.000,20,169,1.0000,0.1183,0.0000,0.161
tmc16,127,0,5,9,5,AStar-Euclidean,true,true,79,79,true,0.000,20,163,0.9645,0.1227,0.1139,0.155
tmc16,127,0,5,9,5,AStar-Manhattan,true,true,79,79,true,0.000,20,161,0.9527,0.1242,0.1139,0.160
tmc16,127,0,5,9,5,AStar-Ascent,true,true,79,79,true,0.000,20,164,0.9704,0.1220,0.0000,0.149
tmc16,127,0,5,9,5,AStar-Manhattan+Ascent,true,true,79,79,true,0.000,20,156,0.9231,0.1282,0.1139,0.143
tmc16,127,0,5,9,5,AStar-AbsHeight,false,true,79,79,true,0.000,20,89,0.5266,0.2247,1.0127,0.056
tmc16,128,9,11,2,0,BranchAndBound,true,true,108,108,true,0.000,19,215,1.0000,0.0884,0.0000,0.239
tmc16,128,9,11,2,0,AStar-Euclidean,true,true,108,108,true,0.000,19,196,0.9116,0.0969,0.1204,0.210
tmc16,128,9,11,2,0,AStar-Manhattan,true,true,108,108,true,0.000,19,196,0.9116,0.0969,0.1667,0.213
tmc16,128,9,11,2,0,AStar-Ascent,true,true,108,108,true,0.000,19,192,0.8930,0.0990,0.0000,0.205
tmc16,128,9,11,2,0,AStar-Manhattan+Ascent,true,true,108,108,true,0.000,19,170,0.7907,0.1118,0.1667,0.170
tmc16,128,9,11,2,0,AStar-AbsHeight,false,true,142,108,false,31.481,23,181,0.8419,0.1271,0.5556,0.198
tmc16,129,0,12,5,4,BranchAndBound,true,true,63,63,true,0.000,14,142,1.0000,0.0986,0.0000,0.127
tmc16,129,0,12,5,4,AStar-Euclidean,true,true,63,63,true,0.000,14,138,0.9718,0.1014,0.1429,0.119
tmc16,129,0,12,5,4,AStar-Manhattan,true,true,63,63,true,0.000,14,137,0.9648,0.1022,0.2063,0.128
tmc16,129,0,12,5,4,AStar-Ascent,true,true,63,63,true,0.000,14,52,0.3662,0.2692,0.0000,0.030
tmc16,129,0,12,5,4,AStar-Manhattan+Ascent,true,true,63,63,true,0.000,14,50,0.3521,0.2800,0.2063,0.029
tmc16,129,0,12,5,4,AStar-AbsHeight,false,true,63,63,true,0.000,14,52,0.3662,0.2692,0.4762,0.029
tmc16,130,13,0,3,2,BranchAndBound,true,true,52,52,true,0.000,13,36,1.0000,0.3611,0.0000,0.021
tmc16,130,13,0,3,2,AStar-Euclidean,true,true,52,52,true,0.000,13,26,0.7222,0.5000,0.1923,0.010
tmc16,130,13,0,3,2,AStar-Manhattan,true,true,52,52,true,0.000,13,26,0.7222,0.5000,0.2308,0.009
tmc16,130,13,0,3,2,AStar-Ascent,true,true,52,52,true,0.000,13,24,0.6667,0.5417,0.7692,0.009
tmc16,130,13,0,3,2,AStar-Manhattan+Ascent,true,true,52,52,true,0.000,13,22,0.6111,0.5909,1.0000,0.007
tmc16,130,13,0,3,2,AStar-AbsHeight,false,true,52,52,true,0.000,13,22,0.6111,0.5909,0.7692,0.006
tmc16,131,0,6,10,4,BranchAndBound,true,true,130,130,true,0.000,21,225,1.0000,0.0933,0.0000,0.248
tmc16,131,0,6,10,4,AStar-Euclidean,true,true,130,130,true,0.000,21,208,0.9244,0.1010,0.0769,0.223
tmc16,131,0,6,10,4,AStar-Manhattan,true,true,130,130,true,0.000,21,201,0.8933,0.1045,0.0923,0.214
tmc16,131,0,6,10,4,AStar-Ascent,true,true,130,130,true,0.000,21,153,0.6800,0.1373,0.0769,0.128
tmc16,131,0,6,10,4,AStar-Manhattan+Ascent,true,true,130,130,true,0.000,21,92,0.4089,0.2283,0.1692,0.061
tmc16,131,0,6,10,4,AStar-AbsHeight,false,true,130,130,true,0.000,21,152,0.6756,0.1382,0.0769,0.125
tmc16,132,15,7,9,0,BranchAndBound,true,true,13,13,true,0.000,14,67,1.0000,0.2090,0.0000,0.045
tmc16,132,15,7,9,0,AStar-Euclidean,true,true,13,13,true,0.000,14,32,0.4776,0.4375,0.6923,0.014
tmc16,132,15,7,9,0,AStar-Manhattan,true,true,13,13,true,0.000,14,30,0.4478,0.4667,1.0000,0.011
tmc16,132,15,7,9,0,AStar-Ascent,true,true,13,13,true,0.000,14,67,1.0000,0.2090,0.0000,0.035
tmc16,132,15,7,9,0,AStar-Manhattan+Ascent,true,true,13,13,true,0.000,14,30,0.4478,0.4667,1.0000,0.009
tmc16,132,15,7,9,0,AStar-AbsHeight,false,true,53,13,false,307.692,14,29,0.4328,0.4828,7.6923,0.015
tmc16,133,2,0,10,1,BranchAndBound,true,true,29,29,true,0.000,10,24,1.0000,0.4167,0.0000,0.010
tmc16,133,2,0,10,1,AStar-Euclidean,true,true,29,29,true,0.000,10,22,0.9167,0.4545,0.2759,0.008
tmc16,133,2,0,10,1,AStar-Manhattan,true,true,29,29,true,0.000,10,22,0.9167,0.4545,0.3103,0.006
tmc16,133,2,0,10,1,AStar-Ascent,true,true,29,29,true,0.000,10,22,0.9167,0.4545,0.0000,0.008
tmc16,133,2,0,10,1,AStar-Manhattan+Ascent,true,true,29,29,true,0.000,10,17,0.7083,0.5882,0.3103,0.005
tmc16,133,2,0,10,1,AStar-AbsHeight,false,true,29,29,true,0.000,10,20,0.8333,0.5000,1.0345,0.007
tmc16,134,5,1,5,15,BranchAndBound,true,true,64,64,true,0.000,15,87,1.0000,0.1724,0.0000,0.064
tmc16,134,5,1,5,15,AStar-Euclidean,true,true,64,64,true,0.000,15,63,0.7241,0.2381,0.2188,0.038
tmc16,134,5,1,5,15,AStar-Manhattan,true,true,64,64,true,0.000,15,57,0.6552,0.2632,0.2188,0.032
tmc16,134,5,1,5,15,AStar-Ascent,true,true,64,64,true,0.000,15,87,1.0000,0.1724,0.0000,0.056
tmc16,134,5,1,5,15,AStar-Manhattan+Ascent,true,true,64,64,true,0.000,15,57,0.6552,0.2632,0.2188,0.028
tmc16,134,5,1,5,15,AStar-AbsHeight,false,true,64,64,true,0.000,15,101,1.1609,0.1485,0.6250,0.079
tmc16,135,8,2,14,8,BranchAndBound,true,true,156,156,true,0.000,17,245,1.0000,0.0694,0.0000,0.287
tmc16,135,8,2,14,8,AStar-Euclidean,true,true,156,156,true,0.000,17,236,0.9633,0.0720,0.0513,0.271
tmc16,135,8,2,14,8,AStar-Manhattan,true,true,156,156,true,0.000,17,236,0.9633,0.0720,0.0769,0.262
tmc16,135,8,2,14,8,AStar-Ascent,true,true,156,156,true,0.000,17,115,0.4694,0.1478,0.5128,0.083
tmc16,135,8,2,14,8,AStar-Manhattan+Ascent,true,true,156,156,true,0.000,17,83,0.3388,0.2048,0.5897,0.054
tmc16,135,8,2,14,8,AStar-AbsHeight,false,true,156,156,true,0.000,17,108,0.4408,0.1574,0.5128,0.074
tmc16,136,1,13,15,2,BranchAndBound,true,true,125,125,true,0.000,26,188,1.0000,0.1383,0.0000,0.182
tmc16,136,1,13,15,2,AStar-Euclidean,true,true,125,125,true,0.000,26,162,0.8617,0.1605,0.1360,0.149
tmc16,136,1,13,15,2,AStar-Manhattan,true,true,125,125,true,0.000,26,141,0.7500,0.1844,0.2000,0.128
tmc16,136,1,13,15,2,AStar-Ascent,true,true,125,125,true,0.000,26,121,0.6436,0.2149,0.8000,0.079
tmc16,136,1,13,15,2,AStar-Manhattan+Ascent,true,true,125,125,true,0.000,26,62,0.3298,0.4194,1.0000,0.036
tmc16,136,1,13,15,2,AStar-AbsHeight,false,true,125,125,true,0.000,26,117,0.6223,0.2222,0.8000,0.071
tmc16,137,2,15,14,4,BranchAndBound,true,true,125,125,true,0.000,26,182,1.0000,0.1429,0.0000,0.183
tmc16,137,2,15,14,4,AStar-Euclidean,true,true,125,125,true,0.000,26,157,0.8626,0.1656,0.1280,0.137
tmc16,137,2,15,14,4,AStar-Manhattan,true,true,125,125,true,0.000,26,144,0.7912,0.1806,0.1840,0.123
tmc16,137,2,15,14,4,AStar-Ascent,true,true,125,125,true,0.000,26,154,0.8462,0.1688,0.4000,0.125
tmc16,137,2,15,14,4,AStar-Manhattan+Ascent,true,true,125,125,true,0.000,26,118,0.6484,0.2203,0.5840,0.084
tmc16,137,2,15,14,4,AStar-AbsHeight,false,true,125,125,true,0.000,26,202,1.1099,0.1287,0.4000,0.239
tmc16,138,13,14,1,9,BranchAndBound,true,true,107,107,true,0.000,18,113,1.0000,0.1593,0.0000,0.095
tmc16,138,13,14,1,9,AStar-Euclidean,true,true,107,107,true,0.000,18,96,0.8496,0.1875,0.1215,0.078
tmc16,138,13,14,1,9,AStar-Manhattan,true,true,107,107,true,0.000,18,94,0.8319,0.1915,0.1589,0.072
tmc16,138,13,14,1,9,AStar-Ascent,true,true,107,107,true,0.000,18,88,0.7788,0.2045,0.7477,0.058
tmc16,138,13,14,1,9,AStar-Manhattan+Ascent,true,true,107,107,true,0.000,18,73,0.6460,0.2466,0.9065,0.048
tmc16,138,13,14,1,9,AStar-AbsHeight,false,true,107,107,true,0.000,18,78,0.6903,0.2308,0.7477,0.046
tmc16,139,6,14,1,5,BranchAndBound,true,true,116,116,true,0.000,17,159,1.0000,0.1069,0.0000,0.159
tmc16,139,6,14,1,5,AStar-Euclidean,true,true,116,116,true,0.000,17,130,0.8176,0.1308,0.0862,0.125
tmc16,139,6,14,1,5,AStar-Manhattan,true,true,116,116,true,0.000,17,126,0.7925,0.1349,0.1207,0.116
tmc16,139,6,14,1,5,AStar-Ascent,true,true,116,116,true,0.000,17,115,0.7233,0.1478,0.6034,0.085
tmc16,139,6,14,1,5,AStar-Manhattan+Ascent,true,true,116,116,true,0.000,17,96,0.6038,0.1771,0.7241,0.071
tmc16,139,6,14,1,5,AStar-AbsHeight,false,true,134,116,false,15.517,15,101,0.6352,0.1485,0.6034,0.075
tmc16,140,13,15,7,9,BranchAndBound,true,true,162,162,true,0.000,13,242,1.0000,0.0537,0.0000,0.286
tmc16,140,13,15,7,9,AStar-Euclidean,true,true,162,162,true,0.000,13,241,0.9959,0.0539,0.0494,0.283
tmc16,140,13,15,7,9,AStar-Manhattan,true,true,162,162,true,0.000,13,236,0.9752,0.0551,0.0741,0.270
tmc16,140,13,15,7,9,AStar-Ascent,true,true,162,162,true,0.000,13,92,0.3802,0.1413,0.9259,0.053
tmc16,140,13,15,7,9,AStar-Manhattan+Ascent,true,true,162,162,true,0.000,13,46,0.1901,0.2826,1.0000,0.022
tmc16,140,13,15,7,9,AStar-AbsHeight,false,true,162,162,true,0.000,13,92,0.3802,0.1413,0.9259,0.049
tmc16,141,13,13,1,0,BranchAndBound,true,true,147,147,true,0.000,28,234,1.0000,0.1197,0.0000,0.280
tmc16,141,13,13,1,0,AStar-Euclidean,true,true,147,147,true,0.000,28,228,0.9744,0.1228,0.1156,0.260
tmc16,141,13,13,1,0,AStar-Manhattan,true,true,147,147,true,0.000,28,223,0.9530,0.1256,0.1701,0.278
tmc16,141,13,13,1,0,AStar-Ascent,true,true,147,147,true,0.000,28,153,0.6538,0.1830,0.4762,0.129
tmc16,141,13,13,1,0,AStar-Manhattan+Ascent,true,true,147,147,true,0.000,28,113,0.4829,0.2478,0.6463,0.091
tmc16,141,13,13,1,0,AStar-AbsHeight,false,true,147,147,true,0.000,28,150,0.6410,0.1867,0.4762,0.125
tmc16,142,10,9,13,14,BranchAndBound,true,true,8,8,true,0.000,9,41,1.0000,0.2195,0.0000,0.027
tmc16,142,10,9,13,14,AStar-Euclidean,true,true,8,8,true,0.000,9,21,0.5122,0.4286,0.6250,0.010
tmc16,142,10,9,13,14,AStar-Manhattan,true,true,8,8,true,0.000,9,19,0.4634,0.4737,1.0000,0.007
tmc16,142,10,9,13,14,AStar-Ascent,true,true,8,8,true,0.000,9,41,1.0000,0.2195,0.0000,0.021
tmc16,142,10,9,13,14,AStar-Manhattan+Ascent,true,true,8,8,true,0.000,9,19,0.4634,0.4737,1.0000,0.007
tmc16,142,10,9,13,14,AStar-AbsHeight,false,true,8,8,true,0.000,9,20,0.4878,0.4500,16.2500,0.010
tmc16,143,12,3,8,9,BranchAndBound,true,true,160,160,true,0.000,11,248,1.0000,0.0444,0.0000,0.294
tmc16,143,12,3,8,9,AStar-Euclidean,true,true,160,160,true,0.000,11,248,1.0000,0.0444,0.0438,0.296
tmc16,143,12,3,8,9,AStar-Manhattan,true,true,160,160,true,0.000,11,248,1.0000,0.0444,0.0625,0.290
tmc16,143,12,3,8,9,AStar-Ascent,true,true,160,160,true,0.000,11,43,0.1734,0.2558,0.6250,0.027
tmc16,143,12,3,8,9,AStar-Manhattan+Ascent,true,true,160,160,true,0.000,11,24,0.0968,0.4583,0.6875,0.011
tmc16,143,12,3,8,9,AStar-AbsHeight,false,true,160,160,true,0.000,11,43,0.1734,0.2558,0.6250,0.021
tmc16,144,4,13,9,8,BranchAndBound,true,true,190,190,true,0.000,11,249,1.0000,0.0442,0.0000,0.304
tmc16,144,4,13,9,8,AStar-Euclidean,true,true,190,190,true,0.000,11,249,1.0000,0.0442,0.0368,0.298
tmc16,144,4,13,9,8,AStar-Manhattan,true,true,190,190,true,0.000,11,249,1.0000,0.0442,0.0526,0.298
tmc16,144,4,13,9,8,AStar-Ascent,true,true,190,190,true,0.000,11,96,0.3855,0.1146,0.9474,0.058
tmc16,144,4,13,9,8,AStar-Manhattan+Ascent,true,true,190,190,true,0.000,11,33,0.1325,0.3333,1.0000,0.016
tmc16,144,4,13,9,8,AStar-AbsHeight,false,true,190,190,true,0.000,11,96,0.3855,0.1146,0.9474,0.054
tmc16,145,8,5,14,1,BranchAndBound,true,true,80,80,true,0.000,11,166,1.0000,0.0663,0.0000,0.173
tmc16,145,8,5,14,1,AStar-Euclidean,true,true,80,80,true,0.000,11,137,0.8253,0.0803,0.0875,0.130
tmc16,145,8,5,14,1,AStar-Manhattan,true,true,80,80,true,0.000,11,108,0.6506,0.1019,0.1250,0.093
tmc16,145,8,5,14,1,AStar-Ascent,true,true,80,80,true,0.000,11,87,0.5241,0.1264,0.0000,0.067
tmc16,145,8,5,14,1,AStar-Manhattan+Ascent,true,true,80,80,true,0.000,11,69,0.4157,0.1594,0.1250,0.049
tmc16,145,8,5,14,1,AStar-AbsHeight,false,true,80,80,true,0.000,11,48,0.2892,0.2292,1.0000,0.032
tmc16,146,7,4,3,13,BranchAndBound,true,true,83,83,true,0.000,14,75,1.0000,0.1867,0.0000,0.063
tmc16,146,7,4,3,13,AStar-Euclidean,true,true,83,83,true,0.000,14,62,0.8267,0.2258,0.1084,0.044
tmc16,146,7,4,3,13,AStar-Manhattan,true,true,83,83,true,0.000,14,59,0.7867,0.2373,0.1566,0.039
tmc16,146,7,4,3,13,AStar-Ascent,true,true,83,83,true,0.000,14,75,1.0000,0.1867,0.0000,0.062
tmc16,146,7,4,3,13,AStar-Manhattan+Ascent,true,true,83,83,true,0.000,14,59,0.7867,0.2373,0.1566,0.033
tmc16,146,7,4,3,13,AStar-AbsHeight,false,true,83,83,true,0.000,14,109,1.4533,0.1284,0.1205,0.086
tmc16,147,8,15,11,0,BranchAndBound,true,true,114,114,true,0.000,25,142,1.0000,0.1761,0.0000,0.136
tmc16,147,8,15,11,0,AStar-Euclidean,true,true,114,114,true,0.000,25,113,0.7958,0.2212,0.1316,0.101
tmc16,147,8,15,11,0,AStar-Manhattan,true,true,114,114,true,0.000,25,113,0.7958,0.2212,0.1579,0.099
tmc16,147,8,15,11,0,AStar-Ascent,true,true,114,114,true,0.000,25,142,1.0000,0.1761,0.0000,0.131
tmc16,147,8,15,11,0,AStar-Manhattan+Ascent,true,true,114,114,true,0.000,25,113,0.7958,0.2212,0.1579,0.093
tmc16,147,8,15,11,0,AStar-AbsHeight,false,true,126,114,false,10.526,27,103,0.7254,0.2621,0.0000,0.083
tmc16,148,15,0,2,14,BranchAndBound,true,true,27,27,true,0.000,28,100,1.0000,0.2800,0.0000,0.082
tmc16,148,15,0,2,14,AStar-Euclidean,true,true,27,27,true,0.000,28,82,0.8200,0.3415,0.7037,0.065
tmc16,148,15,0,2,14,AStar-Manhattan,true,true,27,27,true,0.000,28,79,0.7900,0.3544,1.0000,0.051
tmc16,148,15,0,2,14,AStar-Ascent,true,true,27,27,true,0.000,28,100,1.0000,0.2800,0.0000,0.065
tmc16,148,15,0,2,14,AStar-Manhattan+Ascent,true,true,27,27,true,0.000,28,79,0.7900,0.3544,1.0000,0.045
tmc16,148,15,0,2,14,AStar-AbsHeight,false,true,67,27,false,148.148,28,123,1.2300,0.2276,3.7037,0.123
tmc16,149,1,5,9,2,BranchAndBound,true,true,45,45,true,0.000,16,92,1.0000,0.1739,0.0000,0.072
tmc16,149,1,5,9,2,AStar-Euclidean,true,true,45,45,true,0.000,16,50,0.5435,0.3200,0.1778,0.031
tmc16,149,1,5,9,2,AStar-Manhattan,true,true,45,45,true,0.000,16,47,0.5109,0.3404,0.2444,0.026
tmc16,149,1,5,9,2,AStar-Ascent,true,true,45,45,true,0.000,16,92,1.0000,0.1739,0.0000,0.065
tmc16,149,1,5,9,2,AStar-Manhattan+Ascent,true,true,45,45,true,0.000,16,47,0.5109,0.3404,0.2444,0.023
tmc16,149,1,5,9,2,AStar-AbsHeight,false,true,45,45,true,0.000,16,46,0.5000,0.3478,1.5556,0.025
tmc16,150,10,5,15,1,BranchAndBound,true,true,101,101,true,0.000,12,159,1.0000,0.0755,0.0000,0.192
tmc16,150,10,5,15,1,AStar-Euclidean,true,true,101,101,true,0.000,12,145,0.9119,0.0828,0.0594,0.170
tmc16,150,10,5,15,1,AStar-Manhattan,true,true,101,101,true,0.000,12,137,0.8616,0.0876,0.0891,0.152
tmc16,150,10,5,15,1,AStar-Ascent,true,true,101,101,true,0.000,12,35,0.2201,0.3429,0.6931,0.029
tmc16,150,10,5,15,1,AStar-Manhattan+Ascent,true,true,101,101,true,0.000,12,25,0.1572,0.4800,0.7822,0.012
tmc16,150,10,5,15,1,AStar-AbsHeight,false,true,101,101,true,0.000,12,31,0.1950,0.3871,0.6931,0.014
tmc16,151,11,15,11,6,BranchAndBound,true,true,81,81,true,0.000,12,70,1.0000,0.1714,0.0000,0.044
tmc16,151,11,15,11,6,AStar-Euclidean,true,true,81,81,true,0.000,12,70,1.0000,0.1714,0.1111,0.042
tmc16,151,11,15,11,6,AStar-Manhattan,true,true,81,81,true,0.000,12,70,1.0000,0.1714,0.1111,0.041
tmc16,151,11,15,11,6,AStar-Ascent,true,true,81,81,true,0.000,12,70,1.0000,0.1714,0.6173,0.041
tmc16,151,11,15,11,6,AStar-Manhattan+Ascent,true,true,81,81,true,0.000,12,70,1.0000,0.1714,0.7284,0.043
tmc16,151,11,15,11,6,AStar-AbsHeight,false,true,81,81,true,0.000,12,67,0.9571,0.1791,0.6173,0.037
tmc16,152,0,7,14,4,BranchAndBound,true,true,115,115,true,0.000,26,192,1.0000,0.1354,0.0000,0.235
tmc16,152,0,7,14,4,AStar-Euclidean,true,true,115,115,true,0.000,26,191,0.9948,0.1361,0.1217,0.210
tmc16,152,0,7,14,4,AStar-Manhattan,true,true,115,115,true,0.000,26,191,0.9948,0.1361,0.1478,0.225
tmc16,152,0,7,14,4,AStar-Ascent,true,true,115,115,true,0.000,26,191,0.9948,0.1361,0.0000,0.190
tmc16,152,0,7,14,4,AStar-Manhattan+Ascent,true,true,115,115,true,0.000,26,187,0.9740,0.1390,0.1478,0.193
tmc16,152,0,7,14,4,AStar-AbsHeight,false,true,115,115,true,0.000,26,188,0.9792,0.1383,0.4348,0.191
tmc16,153,15,9,3,5,BranchAndBound,true,true,86,86,true,0.000,27,174,1.0000,0.1552,0.0000,0.172
tmc16,153,15,9,3,5,AStar-Euclidean,true,true,86,86,true,0.000,27,168,0.9655,0.1607,0.1395,0.168
tmc16,153,15,9,3,5,AStar-Manhattan,true,true,86,86,true,0.000,27,168,0.9655,0.1607,0.1860,0.169
tmc16,153,15,9,3,5,AStar-Ascent,true,true,86,86,true,0.000,27,164,0.9425,0.1646,0.0000,0.153
tmc16,153,15,9,3,5,AStar-Manhattan+Ascent,true,true,86,86,true,0.000,27,157,0.9023,0.1720,0.1860,0.156
tmc16,153,15,9,3,5,AStar-AbsHeight,false,true,86,86,true,0.000,27,150,0.8621,0.1800,0.5814,0.144
tmc16,154,0,11,4,4,BranchAndBound,true,true,11,11,true,0.000,12,69,1.0000,0.1739,0.0000,0.041
tmc16,154,0,11,4,4,AStar-Euclidean,true,true,11,11,true,0.000,12,32,0.4638,0.3750,0.7273,0.016
tmc16,154,0,11,4,4,AStar-Manhattan,true,true,11,11,true,0.000,12,27,0.3913,0.4444,1.0000,0.013
tmc16,154,0,11,4,4,AStar-Ascent,true,true,11,11,true,0.000,12,33,0.4783,0.3636,0.0000,0.015
tmc16,154,0,11,4,4,AStar-Manhattan+Ascent,true,true,11,11,true,0.000,12,24,0.3478,0.5000,1.0000,0.011
tmc16,154,0,11,4,4,AStar-AbsHeight,false,true,61,11,false,454.545,12,79,1.1449,0.1519,7.2727,0.052
tmc16,155,7,1,4,14,BranchAndBound,true,true,106,106,true,0.000,17,106,1.0000,0.1604,0.0000,0.089
tmc16,155,7,1,4,14,AStar-Euclidean,true,true,106,106,true,0.000,17,90,0.8491,0.1889,0.1226,0.064
tmc16,155,7,1,4,14,AStar-Manhattan,true,true,106,106,true,0.000,17,88,0.8302,0.1932,0.1509,0.066
tmc16,155,7,1,4,14,AStar-Ascent,true,true,106,106,true,0.000,17,106,1.0000,0.1604,0.0000,0.081
tmc16,155,7,1,4,14,AStar-Manhattan+Ascent,true,true,106,106,true,0.000,17,88,0.8302,0.1932,0.1509,0.058
tmc16,155,7,1,4,14,AStar-AbsHeight,false,true,106,106,true,0.000,17,106,1.0000,0.1604,0.0000,0.088
tmc16,156,15,2,14,13,BranchAndBound,true,true,12,12,true,0.000,13,52,1.0000,0.2500,0.0000,0.027
tmc16,156,15,2,14,13,AStar-Euclidean,true,true,12,12,true,0.000,13,21,0.4038,0.6190,0.9167,0.009
tmc16,156,15,2,14,13,AStar-Manhattan,true,true,12,12,true,0.000,13,21,0.4038,0.6190,1.0000,0.009
tmc16,156,15,2,14,13,AStar-Ascent,true,true,12,12,true,0.000,13,52,1.0000,0.2500,0.0000,0.023
tmc16,156,15,2,14,13,AStar-Manhattan+Ascent,true,true,12,12,true,0.000,13,21,0.4038,0.6190,1.0000,0.006
tmc16,156,15,2,14,13,AStar-AbsHeight,false,true,58,12,false,383.333,19,115,2.2115,0.1652,8.3333,0.105
tmc16,157,4,11,5,0,BranchAndBound,true,true,102,102,true,0.000,13,105,1.0000,0.1238,0.0000,0.091
tmc16,157,4,11,5,0,AStar-Euclidean,true,true,102,102,true,0.000,13,100,0.9524,0.1300,0.1078,0.084
tmc16,157,4,11,5,0,AStar-Manhattan,true,true,102,102,true,0.000,13,99,0.9429,0.1313,0.1176,0.078
tmc16,157,4,11,5,0,AStar-Ascent,true,true,102,102,true,0.000,13,105,1.0000,0.1238,0.0000,0.082
tmc16,157,4,11,5,0,AStar-Manhattan+Ascent,true,true,102,102,true,0.000,13,99,0.9429,0.1313,0.1176,0.073
tmc16,157,4,11,5,0,AStar-AbsHeight,false,true,114,102,false,11.765,15,92,0.8762,0.1630,0.0000,0.067
tmc16,158,14,1,13,14,BranchAndBound,true,true,66,66,true,0.000,17,86,1.0000,0.1977,0.0000,0.060
tmc16,158,14,1,13,14,AStar-Euclidean,true,true,66,66,true,0.000,17,68,0.7907,0.2500,0.1970,0.043
tmc16,158,14,1,13,14,AStar-Manhattan,true,true,66,66,true,0.000,17,66,0.7674,0.2576,0.2121,0.041
tmc16,158,14,1,13,14,AStar-Ascent,true,true,66,66,true,0.000,17,86,1.0000,0.1977,0.0000,0.055
tmc16,158,14,1,13,14,AStar-Manhattan+Ascent,true,true,66,66,true,0.000,17,66,0.7674,0.2576,0.2121,0.036
tmc16,158,14,1,13,14,AStar-AbsHeight,false,true,108,66,false,63.636,19,112,1.3023,0.1696,0.7576,0.090
tmc16,159,3,3,9,12,BranchAndBound,true,true,145,145,true,0.000,16,230,1.0000,0.0696,0.0000,0.257
tmc16,159,3,3,9,12,AStar-Euclidean,true,true,145,145,true,0.000,16,229,0.9957,0.0699,0.0690,0.256
tmc16,159,3,3,9,12,AStar-Manhattan,true,true,145,145,true,0.000,16,225,0.9783,0.0711,0.1034,0.249
tmc16,159,3,3,9,12,AStar-Ascent,true,true,145,145,true,0.000,16,150,0.6522,0.1067,0.2759,0.144
tmc16,159,3,3,9,12,AStar-Manhattan+Ascent,true,true,145,145,true,0.000,16,146,0.6348,0.1096,0.3793,0.149
tmc16,159,3,3,9,12,AStar-AbsHeight,false,true,163,145,false,12.414,24,194,0.8435,0.1237,0.2759,0.193
tmc16,160,13,6,1,11,BranchAndBound,true,true,161,161,true,0.000,22,221,1.0000,0.0995,0.0000,0.258
tmc16,160,13,6,1,11,AStar-Euclidean,true,true,161,161,true,0.000,22,209,0.9457,0.1053,0.0807,0.238
tmc16,160,13,6,1,11,AStar-Manhattan,true,true,161,161,true,0.000,22,208,0.9412,0.1058,0.1056,0.240
tmc16,160,13,6,1,11,AStar-Ascent,true,true,161,161,true,0.000,22,172,0.7783,0.1279,0.4348,0.172
tmc16,160,13,6,1,11,AStar-Manhattan+Ascent,true,true,161,161,true,0.000,22,120,0.5430,0.1833,0.5404,0.105
tmc16,160,13,6,1,11,AStar-AbsHeight,false,true,161,161,true,0.000,22,157,0.7104,0.1401,0.4348,0.151
tmc16,161,10,15,3,6,BranchAndBound,true,true,86,86,true,0.000,17,81,1.0000,0.2099,0.0000,0.054
tmc16,161,10,15,3,6,AStar-Euclidean,true,true,86,86,true,0.000,17,71,0.8765,0.2394,0.1279,0.042
tmc16,161,10,15,3,6,AStar-Manhattan,true,true,86,86,true,0.000,17,70,0.8642,0.2429,0.1860,0.041
tmc16,161,10,15,3,6,AStar-Ascent,true,true,86,86,true,0.000,17,81,1.0000,0.2099,0.0000,0.051
tmc16,161,10,15,3,6,AStar-Manhattan+Ascent,true,true,86,86,true,0.000,17,70,0.8642,0.2429,0.1860,0.038
tmc16,161,10,15,3,6,AStar-AbsHeight,false,true,86,86,true,0.000,17,100,1.2346,0.1700,0.0000,0.074
tmc16,162,3,7,15,5,BranchAndBound,true,true,146,146,true,0.000,27,233,1.0000,0.1159,0.0000,0.264
tmc16,162,3,7,15,5,AStar-Euclidean,true,true,146,146,true,0.000,27,220,0.9442,0.1227,0.0822,0.233
tmc16,162,3,7,15,5,AStar-Manhattan,true,true,146,146,true,0.000,27,220,0.9442,0.1227,0.0959,0.226
tmc16,162,3,7,15,5,AStar-Ascent,true,true,146,146,true,0.000,27,202,0.8670,0.1337,0.0000,0.172
tmc16,162,3,7,15,5,AStar-Manhattan+Ascent,true,true,146,146,true,0.000,27,147,0.6309,0.1837,0.0959,0.117
tmc16,162,3,7,15,5,AStar-AbsHeight,false,true,146,146,true,0.000,27,182,0.7811,0.1484,0.1370,0.153
tmc16,163,11,3,14,15,BranchAndBound,true,true,65,65,true,0.000,16,89,1.0000,0.1798,0.0000,0.064
tmc16,163,11,3,14,15,AStar-Euclidean,true,true,65,65,true,0.000,16,69,0.7753,0.2319,0.1846,0.041
tmc16,163,11,3,14,15,AStar-Manhattan,true,true,65,65,true,0.000,16,64,0.7191,0.2500,0.2308,0.039
tmc16,163,11,3,14,15,AStar-Ascent,true,true,65,65,true,0.000,16,89,1.0000,0.1798,0.0000,0.058
tmc16,163,11,3,14,15,AStar-Manhattan+Ascent,true,true,65,65,true,0.000,16,64,0.7191,0.2500,0.2308,0.034
tmc16,163,11,3,14,15,AStar-AbsHeight,false,true,65,65,true,0.000,16,107,1.2022,0.1495,1.0769,0.076
tmc16,164,7,14,12,4,BranchAndBound,true,true,135,135,true,0.000,16,210,1.0000,0.0762,0.0000,0.212
tmc16,164,7,14,12,4,AStar-Euclidean,true,true,135,135,true,0.000,16,201,0.9571,0.0796,0.0815,0.201
tmc16,164,7,14,12,4,AStar-Manhattan,true,true,135,135,true,0.000,16,197,0.9381,0.0812,0.1111,0.210
tmc16,164,7,14,12,4,AStar-Ascent,true,true,135,135,true,0.000,16,137,0.6524,0.1168,0.7407,0.106
tmc16,164,7,14,12,4,AStar-Manhattan+Ascent,true,true,135,135,true,0.000,16,125,0.5952,0.1280,0.8519,0.085
tmc16,164,7,14,12,4,AStar-AbsHeight,false,true,135,135,true,0.000,16,133,0.6333,0.1203,0.7407,0.086
tmc16,165,14,15,12,4,BranchAndBound,true,true,133,133,true,0.000,14,203,1.0000,0.0690,0.0000,0.209
tmc16,165,14,15,12,4,AStar-Euclidean,true,true,133,133,true,0.000,14,175,0.8621,0.0800,0.0827,0.157
tmc16,165,14,15,12,4,AStar-Manhattan,true,true,133,133,true,0.000,14,167,0.8227,0.0838,0.0977,0.158
tmc16,165,14,15,12,4,AStar-Ascent,true,true,133,133,true,0.000,14,131,0.6453,0.1069,0.7519,0.096
tmc16,165,14,15,12,4,AStar-Manhattan+Ascent,true,true,133,133,true,0.000,14,100,0.4926,0.1400,0.8496,0.064
tmc16,165,14,15,12,4,AStar-AbsHeight,false,true,133,133,true,0.000,14,128,0.6305,0.1094,0.7519,0.079
tmc16,166,15,7,0,9,BranchAndBound,true,true,125,125,true,0.000,26,218,1.0000,0.1193,0.0000,0.236
tmc16,166,15,7,0,9,AStar-Euclidean,true,true,125,125,true,0.000,26,211,0.9679,0.1232,0.1200,0.210
tmc16,166,15,7,0,9,AStar-Manhattan,true,true,125,125,true,0.000,26,211,0.9679,0.1232,0.1360,0.219
tmc16,166,15,7,0,9,AStar-Ascent,true,true,125,125,true,0.000,26,189,0.8670,0.1376,0.0000,0.182
tmc16,166,15,7,0,9,AStar-Manhattan+Ascent,true,true,125,125,true,0.000,26,119,0.5459,0.2185,0.1360,0.089
tmc16,166,15,7,0,9,AStar-AbsHeight,false,true,125,125,true,0.000,26,185,0.8486,0.1405,0.0000,0.157
tmc16,167,12,6,2,0,BranchAndBound,true,true,106,106,true,0.000,17,179,1.0000,0.0950,0.0000,0.167
tmc16,167,12,6,2,0,AStar-Euclidean,true,true,106,106,true,0.000,17,177,0.9888,0.0960,0.1038,0.169
tmc16,167,12,6,2,0,AStar-Manhattan,true,true,106,106,true,0.000,17,173,0.9665,0.0983,0.1509,0.179
tmc16,167,12,6,2,0,AStar-Ascent,true,true,106,106,true,0.000,17,169,0.9441,0.1006,0.0000,0.164
tmc16,167,12,6,2,0,AStar-Manhattan+Ascent,true,true,106,106,true,0.000,17,152,0.8492,0.1118,0.1509,0.142
tmc16,167,12,6,2,0,AStar-AbsHeight,false,true,106,106,true,0.000,17,136,0.7598,0.1250,0.0000,0.122
tmc16,168,7,7,12,1,BranchAndBound,true,true,75,75,true,0.000,16,172,1.0000,0.0930,0.0000,0.160
tmc16,168,7,7,12,1,AStar-Euclidean,true,true,75,75,true,0.000,16,165,0.9593,0.0970,0.0933,0.155
tmc16,168,7,7,12,1,AStar-Manhattan,true,true,75,75,true,0.000,16,164,0.9535,0.0976,0.1467,0.164
tmc16,168,7,7,12,1,AStar-Ascent,true,true,75,75,true,0.000,16,168,0.9767,0.0952,0.0000,0.166
tmc16,168,7,7,12,1,AStar-Manhattan+Ascent,true,true,75,75,true,0.000,16,119,0.6919,0.1345,0.1467,0.106
tmc16,168,7,7,12,1,AStar-AbsHeight,false,true,75,75,true,0.000,16,158,0.9186,0.1013,1.4667,0.141
tmc16,169,1,13,2,0,BranchAndBound,true,true,126,126,true,0.000,17,189,1.0000,0.0899,0.0000,0.183
tmc16,169,1,13,2,0,AStar-Euclidean,true,true,126,126,true,0.000,17,162,0.8571,0.1049,0.1032,0.145
tmc16,169,1,13,2,0,AStar-Manhattan,true,true,126,126,true,0.000,17,160,0.8466,0.1063,0.1111,0.144
tmc16,169,1,13,2,0,AStar-Ascent,true,true,126,126,true,0.000,17,160,0.8466,0.1063,0.3968,0.148
tmc16,169,1,13,2,0,AStar-Manhattan+Ascent,true,true,126,126,true,0.000,17,129,0.6825,0.1318,0.5079,0.117
tmc16,169,1,13,2,0,AStar-AbsHeight,false,true,140,126,false,11.111,21,115,0.6085,0.1826,0.3968,0.090
tmc16,170,12,12,4,4,BranchAndBound,true,true,88,88,true,0.000,19,84,1.0000,0.2262,0.0000,0.052
tmc16,170,12,12,4,4,AStar-Euclidean,true,true,88,88,true,0.000,19,82,0.9762,0.2317,0.1250,0.051
tmc16,170,12,12,4,4,AStar-Manhattan,true,true,88,88,true,0.000,19,81,0.9643,0.2346,0.1818,0.049
tmc16,170,12,12,4,4,AStar-Ascent,true,true,88,88,true,0.000,19,81,0.9643,0.2346,0.2273,0.047
tmc16,170,12,12,4,4,AStar-Manhattan+Ascent,true,true,88,88,true,0.000,19,80,0.9524,0.2375,0.4091,0.051
tmc16,170,12,12,4,4,AStar-AbsHeight,false,true,88,88,true,0.000,19,89,1.0595,0.2135,0.2273,0.054
tmc16,171,10,1,2,9,BranchAndBound,true,true,122,122,true,0.000,23,193,1.0000,0.1192,0.0000,0.179
tmc16,171,10,1,2,9,AStar-Euclidean,true,true,122,122,true,0.000,23,187,0.9689,0.1230,0.0902,0.191
tmc16,171,10,1,2,9,AStar-Manhattan,true,true,122,122,true,0.000,23,186,0.9637,0.1237,0.1311,0.196
tmc16,171,10,1,2,9,AStar-Ascent,true,true,122,122,true,0.000,23,139,0.7202,0.1655,0.1639,0.108
tmc16,171,10,1,2,9,AStar-Manhattan+Ascent,true,true,122,122,true,0.000,23,132,0.6839,0.1742,0.2951,0.107
tmc16,171,10,1,2,9,AStar-AbsHeight,false,true,128,122,false,4.918,19,220,1.1399,0.0864,0.1639,0.252
tmc16,172,2,10,11,12,BranchAndBound,true,true,53,53,true,0.000,14,120,1.0000,0.1167,0.0000,0.092
tmc16,172,2,10,11,12,AStar-Euclidean,true,true,53,53,true,0.000,14,109,0.9083,0.1284,0.1698,0.080
tmc16,172,2,10,11,12,AStar-Manhattan,true,true,53,53,true,0.000,14,96,0.8000,0.1458,0.2075,0.073
tmc16,172,2,10,11,12,AStar-Ascent,true,true,53,53,true,0.000,14,95,0.7917,0.1474,0.0000,0.070
tmc16,172,2,10,11,12,AStar-Manhattan+Ascent,true,true,53,53,true,0.000,14,58,0.4833,0.2414,0.2075,0.037
tmc16,172,2,10,11,12,AStar-AbsHeight,false,true,53,53,true,0.000,14,48,0.4000,0.2917,0.7547,0.025
tmc16,173,1,4,11,3,BranchAndBound,true,true,87,87,true,0.000,18,170,1.0000,0.1059,0.0000,0.166
tmc16,173,1,4,11,3,AStar-Euclidean,true,true,87,87,true,0.000,18,166,0.9765,0.1084,0.1149,0.159
tmc16,173,1,4,11,3,AStar-Manhattan,true,true,87,87,true,0.000,18,165,0.9706,0.1091,0.1264,0.161
tmc16,173,1,4,11,3,AStar-Ascent,true,true,87,87,true,0.000,18,91,0.5353,0.1978,0.0000,0.060
tmc16,173,1,4,11,3,AStar-Manhattan+Ascent,true,true,87,87,true,0.000,18,84,0.4941,0.2143,0.1264,0.052
tmc16,173,1,4,11,3,AStar-AbsHeight,false,true,87,87,true,0.000,18,90,0.5294,0.2000,0.2299,0.060
tmc16,174,4,12,11,7,BranchAndBound,true,true,86,86,true,0.000,17,81,1.0000,0.2099,0.0000,0.057
tmc16,174,4,12,11,7,AStar-Euclidean,true,true,86,86,true,0.000,17,73,0.9012,0.2329,0.0930,0.045
tmc16,174,4,12,11,7,AStar-Manhattan,true,true,86,86,true,0.000,17,72,0.8889,0.2361,0.1395,0.042
tmc16,174,4,12,11,7,AStar-Ascent,true,true,86,86,true,0.000,17,71,0.8765,0.2394,0.6977,0.045
tmc16,174,4,12,11,7,AStar-Manhattan+Ascent,true,true,86,86,true,0.000,17,69,0.8519,0.2464,0.8372,0.046
tmc16,174,4,12,11,7,AStar-AbsHeight,false,true,86,86,true,0.000,17,71,0.8765,0.2394,0.6977,0.038
tmc16,175,12,14,11,0,BranchAndBound,true,true,117,117,true,0.000,28,160,1.0000,0.1750,0.0000,0.159
tmc16,175,12,14,11,0,AStar-Euclidean,true,true,117,117,true,0.000,28,127,0.7938,0.2205,0.1197,0.115
tmc16,175,12,14,11,0,AStar-Manhattan,true,true,117,117,true,0.000,28,116,0.7250,0.2414,0.1282,0.102
tmc16,175,12,14,11,0,AStar-Ascent,true,true,117,117,true,0.000,28,160,1.0000,0.1750,0.0000,0.156
tmc16,175,12,14,11,0,AStar-Manhattan+Ascent,true,true,117,117,true,0.000,28,116,0.7250,0.2414,0.1282,0.095
tmc16,175,12,14,11,0,AStar-AbsHeight,false,true,129,117,false,10.256,20,85,0.5313,0.2353,0.0000,0.055
tmc16,176,6,11,10,1,BranchAndBound,true,true,126,126,true,0.000,17,198,1.0000,0.0859,0.0000,0.219
tmc16,176,6,11,10,1,AStar-Euclidean,true,true,126,126,true,0.000,17,174,0.8788,0.0977,0.0794,0.183
tmc16,176,6,11,10,1,AStar-Manhattan,true,true,126,126,true,0.000,17,135,0.6818,0.1259,0.1111,0.141
tmc16,176,6,11,10,1,AStar-Ascent,true,true,126,126,true,0.000,17,186,0.9394,0.0914,0.1587,0.193
tmc16,176,6,11,10,1,AStar-Manhattan+Ascent,true,true,126,126,true,0.000,17,132,0.6667,0.1288,0.2698,0.127
tmc16,176,6,11,10,1,AStar-AbsHeight,false,true,134,126,false,6.349,25,105,0.5303,0.2381,0.1587,0.089
tmc16,177,4,13,9,6,BranchAndBound,true,true,192,192,true,0.000,13,251,1.0000,0.0518,0.0000,0.312
tmc16,177,4,13,9,6,AStar-Euclidean,true,true,192,192,true,0.000,13,251,1.0000,0.0518,0.0417,0.291
tmc16,177,4,13,9,6,AStar-Manhattan,true,true,192,192,true,0.000,13,251,1.0000,0.0518,0.0625,0.294
tmc16,177,4,13,9,6,AStar-Ascent,true,true,192,192,true,0.000,13,159,0.6335,0.0818,0.8333,0.124
tmc16,177,4,13,9,6,AStar-Manhattan+Ascent,true,true,192,192,true,0.000,13,153,0.6096,0.0850,0.8958,0.125
tmc16,177,4,13,9,6,AStar-AbsHeight,false,true,198,192,false,3.125,19,166,0.6614,0.1145,0.8333,0.133
tmc16,178,12,1,1,6,BranchAndBound,true,true,88,88,true,0.000,19,149,1.0000,0.1275,0.0000,0.130
tmc16,178,12,1,1,6,AStar-Euclidean,true,true,88,88,true,0.000,19,99,0.6644,0.1919,0.1364,0.069
tmc16,178,12,1,1,6,AStar-Manhattan,true,true,88,88,true,0.000,19,91,0.6107,0.2088,0.1818,0.056
tmc16,178,12,1,1,6,AStar-Ascent,true,true,88,88,true,0.000,19,109,0.7315,0.1743,0.0000,0.078
tmc16,178,12,1,1,6,AStar-Manhattan+Ascent,true,true,88,88,true,0.000,19,89,0.5973,0.2135,0.1818,0.055
tmc16,178,12,1,1,6,AStar-AbsHeight,false,true,88,88,true,0.000,19,74,0.4966,0.2568,0.2273,0.047
tmc16,179,10,2,8,11,BranchAndBound,true,true,185,185,true,0.000,16,245,1.0000,0.0653,0.0000,0.285
tmc16,179,10,2,8,11,AStar-Euclidean,true,true,185,185,true,0.000,16,243,0.9918,0.0658,0.0486,0.277
tmc16,179,10,2,8,11,AStar-Manhattan,true,true,185,185,true,0.000,16,243,0.9918,0.0658,0.0595,0.274
tmc16,179,10,2,8,11,AStar-Ascent,true,true,185,185,true,0.000,16,180,0.7347,0.0889,0.4324,0.169
tmc16,179,10,2,8,11,AStar-Manhattan+Ascent,true,true,185,185,true,0.000,16,172,0.7020,0.0930,0.4919,0.169
tmc16,179,10,2,8,11,AStar-AbsHeight,false,true,185,185,true,0.000,16,173,0.7061,0.0925,0.4324,0.166
tmc16,180,8,2,1,12,BranchAndBound,true,true,77,77,true,0.000,18,100,1.0000,0.1800,0.0000,0.079
tmc16,180,8,2,1,12,AStar-Euclidean,true,true,77,77,true,0.000,18,79,0.7900,0.2278,0.1558,0.053
tmc16,180,8,2,1,12,AStar-Manhattan,true,true,77,77,true,0.000,18,77,0.7700,0.2338,0.2208,0.051
tmc16,180,8,2,1,12,AStar-Ascent,true,true,77,77,true,0.000,18,100,1.0000,0.1800,0.0000,0.071
tmc16,180,8,2,1,12,AStar-Manhattan+Ascent,true,true,77,77,true,0.000,18,77,0.7700,0.2338,0.2208,0.048
tmc16,180,8,2,1,12,AStar-AbsHeight,false,true,77,77,true,0.000,18,125,1.2500,0.1440,0.7792,0.103
tmc16,181,13,7,4,14,BranchAndBound,true,true,36,36,true,0.000,17,101,1.0000,0.1683,0.0000,0.077
tmc16,181,13,7,4,14,AStar-Euclidean,true,true,36,36,true,0.000,17,43,0.4257,0.3953,0.3056,0.027
tmc16,181,13,7,4,14,AStar-Manhattan,true,true,36,36,true,0.000,17,34,0.3366,0.5000,0.4444,0.018
tmc16,181,13,7,4,14,AStar-Ascent,true,true,36,36,true,0.000,17,101,1.0000,0.1683,0.0000,0.069
tmc16,181,13,7,4,14,AStar-Manhattan+Ascent,true,true,36,36,true,0.000,17,34,0.3366,0.5000,0.4444,0.018
tmc16,181,13,7,4,14,AStar-AbsHeight,false,true,36,36,true,0.000,17,68,0.6733,0.2500,3.0556,0.054
tmc16,182,0,6,10,8,BranchAndBound,true,true,152,152,true,0.000,23,238,1.0000,0.0966,0.0000,0.279
tmc16,182,0,6,10,8,AStar-Euclidean,true,true,152,152,true,0.000,23,237,0.9958,0.0970,0.0658,0.262
tmc16,182,0,6,10,8,AStar-Manhattan,true,true,152,152,true,0.000,23,237,0.9958,0.0970,0.0789,0.264
tmc16,182,0,6,10,8,AStar-Ascent,true,true,152,152,true,0.000,23,181,0.7605,0.1271,0.1974,0.167
tmc16,182,0,6,10,8,AStar-Manhattan+Ascent,true,true,152,152,true,0.000,23,115,0.4832,0.2000,0.2763,0.094
tmc16,182,0,6,10,8,AStar-AbsHeight,false,true,152,152,true,0.000,23,177,0.7437,0.1299,0.1974,0.165
tmc16,183,14,1,2,8,BranchAndBound,true,true,131,131,true,0.000,22,216,1.0000,0.1019,0.0000,0.236
tmc16,183,14,1,2,8,AStar-Euclidean,true,true,131,131,true,0.000,22,209,0.9676,0.1053,0.0992,0.228
tmc16,183,14,1,2,8,AStar-Manhattan,true,true,131,131,true,0.000,22,205,0.9491,0.1073,0.1450,0.224
tmc16,183,14,1,2,8,AStar-Ascent,true,true,131,131,true,0.000,22,153,0.7083,0.1438,0.2290,0.130
tmc16,183,14,1,2,8,AStar-Manhattan+Ascent,true,true,131,131,true,0.000,22,143,0.6620,0.1538,0.3740,0.119
tmc16,183,14,1,2,8,AStar-AbsHeight,false,true,131,131,true,0.000,22,122,0.5648,0.1803,0.2290,0.098
tmc16,184,10,10,4,1,BranchAndBound,true,true,85,85,true,0.000,16,170,1.0000,0.0941,0.0000,0.169
tmc16,184,10,10,4,1,AStar-Euclidean,true,true,85,85,true,0.000,16,147,0.8647,0.1088,0.1176,0.140
tmc16,184,10,10,4,1,AStar-Manhattan,true,true,85,85,true,0.000,16,123,0.7235,0.1301,0.1765,0.105
tmc16,184,10,10,4,1,AStar-Ascent,true,true,85,85,true,0.000,16,159,0.9353,0.1006,0.0000,0.150
tmc16,184,10,10,4,1,AStar-Manhattan+Ascent,true,true,85,85,true,0.000,16,125,0.7353,0.1280,0.1765,0.107
tmc16,184,10,10,4,1,AStar-AbsHeight,false,true,121,85,false,42.353,22,119,0.7000,0.1849,1.0588,0.103
tmc16,185,4,4,10,11,BranchAndBound,true,true,143,143,true,0.000,14,202,1.0000,0.0693,0.0000,0.217
tmc16,185,4,4,10,11,AStar-Euclidean,true,true,143,143,true,0.000,14,195,0.9653,0.0718,0.0629,0.212
tmc16,185,4,4,10,11,AStar-Manhattan,true,true,143,143,true,0.000,14,194,0.9604,0.0722,0.0909,0.211
tmc16,185,4,4,10,11,AStar-Ascent,true,true,143,143,true,0.000,14,144,0.7129,0.0972,0.4196,0.117
tmc16,185,4,4,10,11,AStar-Manhattan+Ascent,true,true,143,143,true,0.000,14,117,0.5792,0.1197,0.5105,0.089
tmc16,185,4,4,10,11,AStar-AbsHeight,false,true,147,143,false,2.797,18,152,0.7525,0.1184,0.4196,0.133
tmc16,186,7,7,9,13,BranchAndBound,true,true,18,18,true,0.000,9,49,1.0000,0.1837,0.0000,0.034
tmc16,186,7,7,9,13,AStar-Euclidean,true,true,18,18,true,0.000,9,29,0.5918,0.3103,0.3333,0.015
tmc16,186,7,7,9,13,AStar-Manhattan,true,true,18,18,true,0.000,9,23,0.4694,0.3913,0.4444,0.011
tmc16,186,7,7,9,13,AStar-Ascent,true,true,18,18,true,0.000,9,49,1.0000,0.1837,0.0000,0.026
tmc16,186,7,7,9,13,AStar-Manhattan+Ascent,true,true,18,18,true,0.000,9,23,0.4694,0.3913,0.4444,0.009
tmc16,186,7,7,9,13,AStar-AbsHeight,false,true,22,18,false,22.222,13,71,1.4490,0.1831,8.3333,0.056
tmc16,187,8,10,14,14,BranchAndBound,true,true,10,10,true,0.000,11,75,1.0000,0.1467,0.0000,0.048
tmc16,187,8,10,14,14,AStar-Euclidean,true,true,10,10,true,0.000,11,32,0.4267,0.3438,0.7000,0.015
tmc16,187,8,10,14,14,AStar-Manhattan,true,true,10,10,true,0.000,11,27,0.3600,0.4074,1.0000,0.012
tmc16,187,8,10,14,14,AStar-Ascent,true,true,10,10,true,0.000,11,75,1.0000,0.1467,0.0000,0.043
tmc16,187,8,10,14,14,AStar-Manhattan+Ascent,true,true,10,10,true,0.000,11,27,0.3600,0.4074,1.0000,0.011
tmc16,187,8,10,14,14,AStar-AbsHeight,false,true,10,10,true,0.000,11,26,0.3467,0.4231,16.0000,0.012
tmc16,188,0,2,11,11,BranchAndBound,true,true,94,94,true,0.000,25,182,1.0000,0.1374,0.0000,0.185
tmc16,188,0,2,11,11,AStar-Euclidean,true,true,94,94,true,0.000,25,174,0.9560,0.1437,0.1489,0.168
tmc16,188,0,2,11,11,AStar-Manhattan,true,true,94,94,true,0.000,25,171,0.9396,0.1462,0.2128,0.164
tmc16,188,0,2,11,11,AStar-Ascent,true,true,94,94,true,0.000,25,152,0.8352,0.1645,0.0000,0.125
tmc16,188,0,2,11,11,AStar-Manhattan+Ascent,true,true,94,94,true,0.000,25,95,0.5220,0.2632,0.2128,0.068
tmc16,188,0,2,11,11,AStar-AbsHeight,false,true,94,94,true,0.000,25,144,0.7912,0.1736,0.3191,0.120
tmc16,189,14,5,15,13,BranchAndBound,true,true,59,59,true,0.000,10,63,1.0000,0.1587,0.0000,0.034
tmc16,189,14,5,15,13,AStar-Euclidean,true,true,59,59,true,0.000,10,24,0.3810,0.4167,0.1356,0.011
tmc16,189,14,5,15,13,AStar-Manhattan,true,true,59,59,true,0.000,10,19,0.3016,0.5263,0.1525,0.007
tmc16,189,14,5,15,13,AStar-Ascent,true,true,59,59,true,0.000,10,26,0.4127,0.3846,0.8475,0.012
tmc16,189,14,5,15,13,AStar-Manhattan+Ascent,true,true,59,59,true,0.000,10,11,0.1746,0.9091,1.0000,0.004
tmc16,189,14,5,15,13,AStar-AbsHeight,false,true,59,59,true,0.000,10,26,0.4127,0.3846,0.8475,0.008
tmc16,190,1,4,12,12,BranchAndBound,true,true,33,33,true,0.000,24,111,1.0000,0.2162,0.0000,0.087
tmc16,190,1,4,12,12,AStar-Euclidean,true,true,33,33,true,0.000,24,91,0.8198,0.2637,0.3939,0.067
tmc16,190,1,4,12,12,AStar-Manhattan,true,true,33,33,true,0.000,24,75,0.6757,0.3200,0.5758,0.050
tmc16,190,1,4,12,12,AStar-Ascent,true,true,33,33,true,0.000,24,111,1.0000,0.2162,0.0000,0.079
tmc16,190,1,4,12,12,AStar-Manhattan+Ascent,true,true,33,33,true,0.000,24,75,0.6757,0.3200,0.5758,0.046
tmc16,190,1,4,12,12,AStar-AbsHeight,false,true,33,33,true,0.000,24,179,1.6126,0.1341,2.7273,0.180
tmc16,191,10,4,3,12,BranchAndBound,true,true,51,51,true,0.000,22,107,1.0000,0.2056,0.0000,0.095
tmc16,191,10,4,3,12,AStar-Euclidean,true,true,51,51,true,0.000,22,79,0.7383,0.2785,0.1961,0.059
tmc16,191,10,4,3,12,AStar-Manhattan,true,true,51,51,true,0.000,22,71,0.6636,0.3099,0.2941,0.049
tmc16,191,10,4,3,12,AStar-Ascent,true,true,51,51,true,0.000,22,107,1.0000,0.2056,0.0000,0.088
tmc16,191,10,4,3,12,AStar-Manhattan+Ascent,true,true,51,51,true,0.000,22,71,0.6636,0.3099,0.2941,0.052
tmc16,191,10,4,3,12,AStar-AbsHeight,false,true,61,51,false,19.608,22,145,1.3551,0.1517,2.1569,0.123
tmc16,192,5,9,14,11,BranchAndBound,true,true,115,115,true,0.000,16,204,1.0000,0.0784,0.0000,0.241
tmc16,192,5,9,14,11,AStar-Euclidean,true,true,115,115,true,0.000,16,176,0.8627,0.0909,0.0783,0.769
tmc16,192,5,9,14,11,AStar-Manhattan,true,true,115,115,true,0.000,16,174,0.8529,0.0920,0.0957,0.158
tmc16,192,5,9,14,11,AStar-Ascent,true,true,115,115,true,0.000,16,137,0.6716,0.1168,0.4348,0.099
tmc16,192,5,9,14,11,AStar-Manhattan+Ascent,true,true,115,115,true,0.000,16,57,0.2794,0.2807,0.5304,0.030
tmc16,192,5,9,14,11,AStar-AbsHeight,false,true,115,115,true,0.000,16,121,0.5931,0.1322,0.4348,0.087
tmc16,193,1,1,13,0,BranchAndBound,true,true,13,13,true,0.000,14,57,1.0000,0.2456,0.0000,0.023
tmc16,193,1,1,13,0,AStar-Euclidean,true,true,13,13,true,0.000,14,21,0.3684,0.6667,0.9231,0.006
tmc16,193,1,1,13,0,AStar-Manhattan,true,true,13,13,true,0.000,14,17,0.2982,0.8235,1.0000,0.004
tmc16,193,1,1,13,0,AStar-Ascent,true,true,13,13,true,0.000,14,57,1.0000,0.2456,0.0000,0.019
tmc16,193,1,1,13,0,AStar-Manhattan+Ascent,true,true,13,13,true,0.000,14,17,0.2982,0.8235,1.0000,0.004
tmc16,193,1,1,13,0,AStar-AbsHeight,false,true,13,13,true,0.000,14,19,0.3333,0.7368,9.2308,0.005
tmc16,194,10,7,0,9,BranchAndBound,true,true,130,130,true,0.000,21,230,1.0000,0.0913,0.0000,0.221
tmc16,194,10,7,0,9,AStar-Euclidean,true,true,130,130,true,0.000,21,227,0.9870,0.0925,0.0769,0.215
tmc16,194,10,7,0,9,AStar-Manhattan,true,true,130,130,true,0.000,21,227,0.9870,0.0925,0.0923,0.235
tmc16,194,10,7,0,9,AStar-Ascent,true,true,130,130,true,0.000,21,183,0.7957,0.1148,0.0000,0.150
tmc16,194,10,7,0,9,AStar-Manhattan+Ascent,true,true,130,130,true,0.000,21,134,0.5826,0.1567,0.0923,0.099
tmc16,194,10,7,0,9,AStar-AbsHeight,false,true,130,130,true,0.000,21,184,0.8000,0.1141,0.1538,0.155
tmc16,195,13,1,6,4,BranchAndBound,true,true,62,62,true,0.000,13,53,1.0000,0.2453,0.0000,0.023
tmc16,195,13,1,6,4,AStar-Euclidean,true,true,62,62,true,0.000,13,48,0.9057,0.2708,0.1129,0.019
tmc16,195,13,1,6,4,AStar-Manhattan,true,true,62,62,true,0.000,13,48,0.9057,0.2708,0.1613,0.020
tmc16,195,13,1,6,4,AStar-Ascent,true,true,62,62,true,0.000,13,51,0.9623,0.2549,0.0000,0.022
tmc16,195,13,1,6,4,AStar-Manhattan+Ascent,true,true,62,62,true,0.000,13,45,0.8491,0.2889,0.1613,0.018
tmc16,195,13,1,6,4,AStar-AbsHeight,false,true,70,62,false,12.903,11,44,0.8302,0.2500,0.3226,0.018
tmc16,196,3,12,12,12,BranchAndBound,true,true,11,11,true,0.000,12,46,1.0000,0.2609,0.0000,0.018
tmc16,196,3,12,12,12,AStar-Euclidean,true,true,11,11,true,0.000,12,28,0.6087,0.4286,0.8182,0.011
tmc16,196,3,12,12,12,AStar-Manhattan,true,true,11,11,true,0.000,12,20,0.4348,0.6000,0.8182,0.006
tmc16,196,3,12,12,12,AStar-Ascent,true,true,11,11,true,0.000,12,46,1.0000,0.2609,0.0000,0.016
tmc16,196,3,12,12,12,AStar-Manhattan+Ascent,true,true,11,11,true,0.000,12,20,0.4348,0.6000,0.8182,0.005
tmc16,196,3,12,12,12,AStar-AbsHeight,false,true,11,11,true,0.000,12,46,1.0000,0.2609,0.0000,0.014
tmc16,197,2,14,15,10,BranchAndBound,true,true,117,117,true,0.000,18,164,1.0000,0.1098,0.0000,0.136
tmc16,197,2,14,15,10,AStar-Euclidean,true,true,117,117,true,0.000,18,115,0.7012,0.1565,0.1111,0.078
tmc16,197,2,14,15,10,AStar-Manhattan,true,true,117,117,true,0.000,18,110,0.6707,0.1636,0.1453,0.076
tmc16,197,2,14,15,10,AStar-Ascent,true,true,117,117,true,0.000,18,104,0.6341,0.1731,0.8547,0.053
tmc16,197,2,14,15,10,AStar-Manhattan+Ascent,true,true,117,117,true,0.000,18,61,0.3720,0.2951,1.0000,0.030
tmc16,197,2,14,15,10,AStar-AbsHeight,false,true,117,117,true,0.000,18,104,0.6341,0.1731,0.8547,0.050
tmc16,198,15,9,8,0,BranchAndBound,true,true,16,16,true,0.000,17,90,1.0000,0.1889,0.0000,0.049
tmc16,198,15,9,8,0,AStar-Euclidean,true,true,16,16,true,0.000,17,43,0.4778,0.3953,0.6875,0.019
tmc16,198,15,9,8,0,AStar-Manhattan,true,true,16,16,true,0.000,17,34,0.3778,0.5000,1.0000,0.012
tmc16,198,15,9,8,0,AStar-Ascent,true,true,16,16,true,0.000,17,90,1.0000,0.1889,0.0000,0.044
tmc16,198,15,9,8,0,AStar-Manhattan+Ascent,true,true,16,16,true,0.000,17,34,0.3778,0.5000,1.0000,0.010
tmc16,198,15,9,8,0,AStar-AbsHeight,false,true,56,16,false,250.000,17,117,1.3000,0.1453,6.2500,0.082
tmc16,199,14,1,1,14,BranchAndBound,true,true,78,78,true,0.000,29,146,1.0000,0.1986,0.0000,0.113
tmc16,199,14,1,1,14,AStar-Euclidean,true,true,78,78,true,0.000,29,112,0.7671,0.2589,0.2308,0.080
tmc16,199,14,1,1,14,AStar-Manhattan,true,true,78,78,true,0.000,29,106,0.7260,0.2736,0.3333,0.073
tmc16,199,14,1,1,14,AStar-Ascent,true,true,78,78,true,0.000,29,146,1.0000,0.1986,0.0000,0.108
tmc16,199,14,1,1,14,AStar-Manhattan+Ascent,true,true,78,78,true,0.000,29,106,0.7260,0.2736,0.3333,0.066
tmc16,199,14,1,1,14,AStar-AbsHeight,false,true,118,78,false,51.282,29,154,1.0548,0.1883,0.6410,0.124
smooth64,0,46,11,6,38,BranchAndBound,true,true,126,126,true,0.000,68,2953,1.0000,0.0230,0.0000,30.570
smooth64,0,46,11,6,38,AStar-Euclidean,true,true,126,126,true,0.000,68,1937,0.6559,0.0351,0.3810,13.219
smooth64,0,46,11,6,38,AStar-Manhattan,true,true,126,126,true,0.000,68,1666,0.5642,0.0408,0.5317,9.788
smooth64,0,46,11,6,38,AStar-Ascent,true,true,126,126,true,0.000,68,2831,0.9587,0.0240,0.3413,27.913
smooth64,0,46,11,6,38,AStar-Manhattan+Ascent,true,true,126,126,true,0.000,68,1188,0.4023,0.0572,0.8730,5.089
smooth64,0,46,11,6,38,AStar-AbsHeight,false,true,126,126,true,0.000,68,2558,0.8662,0.0266,0.3413,23.511
smooth64,1,43,5,20,35,BranchAndBound,true,true,113,113,true,0.000,54,2178,1.0000,0.0248,0.0000,17.277
smooth64,1,43,5,20,35,AStar-Euclidean,true,true,113,113,true,0.000,54,1459,0.6699,0.0370,0.3274,7.643
smooth64,1,43,5,20,35,AStar-Manhattan,true,true,113,113,true,0.000,54,1319,0.6056,0.0409,0.4690,6.277
smooth64,1,43,5,20,35,AStar-Ascent,true,true,113,113,true,0.000,54,1885,0.8655,0.0286,0.5310,12.012
smooth64,1,43,5,20,35,AStar-Manhattan+Ascent,true,true,113,113,true,0.000,54,628,0.2883,0.0860,1.0000,1.589
smooth64,1,43,5,20,35,AStar-AbsHeight,false,true,113,113,true,0.000,54,1750,0.8035,0.0309,0.5310,10.899
smooth64,2,21,51,53,1,BranchAndBound,true,true,82,82,true,0.000,83,3497,1.0000,0.0237,0.0000,42.118
smooth64,2,21,51,53,1,AStar-Euclidean,true,true,82,82,true,0.000,83,1567,0.4481,0.0530,0.7195,9.259
smooth64,2,21,51,53,1,AStar-Manhattan,true,true,82,82,true,0.000,83,741,0.2119,0.1120,1.0000,2.367
smooth64,2,21,51,53,1,AStar-Ascent,true,true,82,82,true,0.000,83,3497,1.0000,0.0237,0.0000,43.053
smooth64,2,21,51,53,1,AStar-Manhattan+Ascent,true,true,82,82,true,0.000,83,741,0.2119,0.1120,1.0000,2.419
smooth64,2,21,51,53,1,AStar-AbsHeight,false,true,82,82,true,0.000,83,794,0.2271,0.1045,2.2073,2.545
smooth64,3,36,54,25,16,BranchAndBound,true,true,71,71,true,0.000,50,2009,1.0000,0.0249,0.0000,14.833
smooth64,3,36,54,25,16,AStar-Euclidean,true,true,71,71,true,0.000,50,1114,0.5545,0.0449,0.5493,5.014
smooth64,3,36,54,25,16,AStar-Manhattan,true,true,71,71,true,0.000,50,845,0.4206,0.0592,0.6901,2.747
smooth64,3,36,54,25,16,AStar-Ascent,true,true,71,71,true,0.000,50,1542,0.7675,0.0324,0.0000,8.724
smooth64,3,36,54,25,16,AStar-Manhattan+Ascent,true,true,71,71,true,0.000,50,359,0.1787,0.1393,0.6901,0.621
smooth64,3,36,54,25,16,AStar-AbsHeight,false,true,71,71,true,0.000,50,1373,0.6834,0.0364,0.1268,6.877
smooth64,4,27,18,59,49,BranchAndBound,true,true,83,83,true,0.000,64,3123,1.0000,0.0205,0.0000,32.345
smooth64,4,27,18,59,49,AStar-Euclidean,true,true,83,83,true,0.000,64,1642,0.5258,0.0390,0.5301,9.898
smooth64,4,27,18,59,49,AStar-Manhattan,true,true,83,83,true,0.000,64,1155,0.3698,0.0554,0.7590,4.905
smooth64,4,27,18,59,49,AStar-Ascent,true,true,83,83,true,0.000,64,2725,0.8726,0.0235,0.0602,25.289
smooth64,4,27,18,59,49,AStar-Manhattan+Ascent,true,true,83,83,true,0.000,64,711,0.2277,0.0900,0.8193,1.940
smooth64,4,27,18,59,49,AStar-AbsHeight,false,true,83,83,true,0.000,64,1934,0.6193,0.0331,0.0602,13.421
smooth64,5,39,56,62,47,BranchAndBound,true,true,53,53,true,0.000,33,1287,1.0000,0.0256,0.0000,6.049
smooth64,5,39,56,62,47,AStar-Euclidean,true,true,53,53,true,0.000,33,640,0.4973,0.0516,0.4528,1.411
smooth64,5,39,56,62,47,AStar-Manhattan,true,true,53,53,true,0.000,33,564,0.4382,0.0585,0.6038,1.124
smooth64,5,39,56,62,47,AStar-Ascent,true,true,53,53,true,0.000,33,893,0.6939,0.0370,0.1698,2.783
smooth64,5,39,56,62,47,AStar-Manhattan+Ascent,true,true,53,53,true,0.000,33,217,0.1686,0.1521,0.7736,0.251
smooth64,5,39,56,62,47,AStar-AbsHeight,false,true,53,53,true,0.000,33,854,0.6636,0.0386,0.1698,2.603
smooth64,6,27,30,50,47,BranchAndBound,true,true,54,54,true,0.000,41,1770,1.0000,0.0232,0.0000,11.580
smooth64,6,27,30,50,47,AStar-Euclidean,true,true,54,54,true,0.000,41,701,0.3960,0.0585,0.5185,1.791
smooth64,6,27,30,50,47,AStar-Manhattan,true,true,54,54,true,0.000,41,498,0.2814,0.0823,0.7407,0.940
smooth64,6,27,30,50,47,AStar-Ascent,true,true,54,54,true,0.000,41,1316,0.7435,0.0312,0.0556,6.365
smooth64,6,27,30,50,47,AStar-Manhattan+Ascent,true,true,54,54,true,0.000,41,327,0.1847,0.1254,0.7963,0.497
smooth64,6,27,30,50,47,AStar-AbsHeight,false,true,54,54,true,0.000,41,1029,0.5814,0.0398,0.0556,4.052
smooth64,7,26,31,1,10,BranchAndBound,true,true,91,91,true,0.000,47,3436,1.0000,0.0137,0.0000,38.891
smooth64,7,26,31,1,10,AStar-Euclidean,true,true,91,91,true,0.000,47,1812,0.5274,0.0259,0.3516,11.784
smooth64,7,26,31,1,10,AStar-Manhattan,true,true,91,91,true,0.000,47,1424,0.4144,0.0330,0.5055,7.104
smooth64,7,26,31,1,10,AStar-Ascent,true,true,91,91,true,0.000,47,2934,0.8539,0.0160,0.1648,30.266
smooth64,7,26,31,1,10,AStar-Manhattan+Ascent,true,true,91,91,true,0.000,47,850,0.2474,0.0553,0.6703,2.722
smooth64,7,26,31,1,10,AStar-AbsHeight,false,true,91,91,true,0.000,47,2530,0.7363,0.0186,0.1648,23.038
smooth64,8,51,52,8,40,BranchAndBound,true,true,101,101,true,0.000,56,2631,1.0000,0.0213,0.0000,23.815
smooth64,8,51,52,8,40,AStar-Euclidean,true,true,101,101,true,0.000,56,1591,0.6047,0.0352,0.4356,9.104
smooth64,8,51,52,8,40,AStar-Manhattan,true,true,101,101,true,0.000,56,1302,0.4949,0.0430,0.5446,5.864
smooth64,8,51,52,8,40,AStar-Ascent,true,true,101,101,true,0.000,56,2074,0.7883,0.0270,0.2475,14.732
smooth64,8,51,52,8,40,AStar-Manhattan+Ascent,true,true,101,101,true,0.000,56,795,0.3022,0.0704,0.7921,2.199
smooth64,8,51,52,8,40,AStar-AbsHeight,false,true,103,101,false,1.980,60,2017,0.7666,0.0297,0.2475,14.248
smooth64,9,9,13,62,13,BranchAndBound,true,true,81,81,true,0.000,54,2685,1.0000,0.0201,0.0000,23.749
smooth64,9,9,13,62,13,AStar-Euclidean,true,true,81,81,true,0.000,54,1800,0.6704,0.0300,0.6543,11.184
smooth64,9,9,13,62,13,AStar-Manhattan,true,true,81,81,true,0.000,54,1386,0.5162,0.0390,0.6543,6.814
smooth64,9,9,13,62,13,AStar-Ascent,true,true,81,81,true,0.000,54,2431,0.9054,0.0222,0.0000,19.823
smooth64,9,9,13,62,13,AStar-Manhattan+Ascent,true,true,81,81,true,0.000,54,944,0.3516,0.0572,0.6543,3.286
smooth64,9,9,13,62,13,AStar-AbsHeight,false,true,81,81,true,0.000,54,4841,1.8030,0.0112,0.7037,40.162
smooth64,10,27,39,3,4,BranchAndBound,true,true,105,105,true,0.000,60,3654,1.0000,0.0164,0.0000,45.642
smooth64,10,27,39,3,4,AStar-Euclidean,true,true,105,105,true,0.000,60,2258,0.6180,0.0266,0.4000,17.964
smooth64,10,27,39,3,4,AStar-Manhattan,true,true,105,105,true,0.000,60,1749,0.4787,0.0343,0.5619,10.684
smooth64,10,27,39,3,4,AStar-Ascent,true,true,105,105,true,0.000,60,3231,0.8842,0.0186,0.2000,37.145
smooth64,10,27,39,3,4,AStar-Manhattan+Ascent,true,true,105,105,true,0.000,60,953,0.2608,0.0630,0.7619,3.505
smooth64,10,27,39,3,4,AStar-AbsHeight,false,true,105,105,true,0.000,60,2877,0.7874,0.0209,0.2000,29.287
smooth64,11,38,28,22,53,BranchAndBound,true,true,207,207,true,0.000,42,3943,1.0000,0.0107,0.0000,50.956
smooth64,11,38,28,22,53,AStar-Euclidean,true,true,207,207,true,0.000,42,3923,0.9949,0.0107,0.1401,52.357
smooth64,11,38,28,22,53,AStar-Manhattan,true,true,207,207,true,0.000,42,3915,0.9929,0.0107,0.1981,50.309
smooth64,11,38,28,22,53,AStar-Ascent,true,true,207,207,true,0.000,42,2313,0.5866,0.0182,0.7923,18.751
smooth64,11,38,28,22,53,AStar-Manhattan+Ascent,true,true,207,207,true,0.000,42,436,0.1106,0.0963,0.9903,0.857
smooth64,11,38,28,22,53,AStar-AbsHeight,false,true,207,207,true,0.000,42,2313,0.5866,0.0182,0.7923,18.822
smooth64,12,60,51,3,22,BranchAndBound,true,true,148,148,true,0.000,87,3320,1.0000,0.0262,0.0000,37.091
smooth64,12,60,51,3,22,AStar-Euclidean,true,true,148,148,true,0.000,87,3044,0.9169,0.0286,0.4257,31.205
smooth64,12,60,51,3,22,AStar-Manhattan,true,true,148,148,true,0.000,87,2847,0.8575,0.0306,0.5811,27.523
smooth64,12,60,51,3,22,AStar-Ascent,true,true,148,148,true,0.000,87,3145,0.9473,0.0277,0.1622,33.724
smooth64,12,60,51,3,22,AStar-Manhattan+Ascent,true,true,148,148,true,0.000,87,2062,0.6211,0.0422,0.7432,14.530
smooth64,12,60,51,3,22,AStar-AbsHeight,false,true,148,148,true,0.000,87,2934,0.8837,0.0297,0.1622,29.790
smooth64,13,48,53,22,15,BranchAndBound,true,true,104,104,true,0.000,65,2697,1.0000,0.0241,0.0000,24.687
smooth64,13,48,53,22,15,AStar-Euclidean,true,true,104,104,true,0.000,65,1980,0.7341,0.0328,0.4423,14.413
smooth64,13,48,53,22,15,AStar-Manhattan,true,true,104,104,true,0.000,65,1690,0.6266,0.0385,0.6154,10.237
smooth64,13,48,53,22,15,AStar-Ascent,true,true,104,104,true,0.000,65,2072,0.7683,0.0314,0.3462,14.562
smooth64,13,48,53,22,15,AStar-Manhattan+Ascent,true,true,104,104,true,0.000,65,726,0.2692,0.0895,0.9615,2.014
smooth64,13,48,53,22,15,AStar-AbsHeight,false,true,104,104,true,0.000,65,1999,0.7412,0.0325,0.3462,13.446
smooth64,14,12,44,53,60,BranchAndBound,true,true,69,69,true,0.000,60,2535,1.0000,0.0237,0.0000,22.546
smooth64,14,12,44,53,60,AStar-Euclidean,true,true,69,69,true,0.000,62,775,0.3057,0.0800,0.6377,2.274
smooth64,14,12,44,53,60,AStar-Manhattan,true,true,69,69,true,0.000,60,326,0.1286,0.1840,0.8261,0.513
smooth64,14,12,44,53,60,AStar-Ascent,true,true,69,69,true,0.000,60,2457,0.9692,0.0244,0.0000,21.122
smooth64,14,12,44,53,60,AStar-Manhattan+Ascent,true,true,69,69,true,0.000,60,323,0.1274,0.1858,0.8261,0.501
smooth64,14,12,44,53,60,AStar-AbsHeight,false,true,70,69,false,1.449,66,1615,0.6371,0.0409,1.0000,7.370
smooth64,15,9,59,39,41,BranchAndBound,true,true,60,60,true,0.000,51,998,1.0000,0.0511,0.0000,3.361
smooth64,15,9,59,39,41,AStar-Euclidean,true,true,60,60,true,0.000,51,465,0.4659,0.1097,0.5667,0.897
smooth64,15,9,59,39,41,AStar-Manhattan,true,true,60,60,true,0.000,51,288,0.2886,0.1771,0.8000,0.423
smooth64,15,9,59,39,41,AStar-Ascent,true,true,60,60,true,0.000,51,1002,1.0040,0.0509,0.0000,3.440
smooth64,15,9,59,39,41,AStar-Manhattan+Ascent,true,true,60,60,true,0.000,51,283,0.2836,0.1802,0.8000,0.397
smooth64,15,9,59,39,41,AStar-AbsHeight,false,true,79,60,false,31.667,63,838,0.8397,0.0752,2.0667,1.674
smooth64,16,40,38,41,2,BranchAndBound,true,true,39,39,true,0.000,38,1208,1.0000,0.0315,0.0000,5.777
smooth64,16,40,38,41,2,AStar-Euclidean,true,true,39,39,true,0.000,38,128,0.1060,0.2969,0.9231,0.132
smooth64,16,40,38,41,2,AStar-Manhattan,true,true,39,39,true,0.000,38,59,0.0488,0.6441,0.9487,0.050
smooth64,16,40,38,41,2,AStar-Ascent,true,true,39,39,true,0.000,38,1208,1.0000,0.0315,0.0000,5.515
smooth64,16,40,38,41,2,AStar-Manhattan+Ascent,true,true,39,39,true,0.000,38,59,0.0488,0.6441,0.9487,0.046
smooth64,16,40,38,41,2,AStar-AbsHeight,false,true,40,39,false,2.564,40,298,0.2467,0.1342,0.9487,0.461
smooth64,17,2,56,33,36,BranchAndBound,true,true,82,82,true,0.000,52,812,1.0000,0.0640,0.0000,2.409
smooth64,17,2,56,33,36,AStar-Euclidean,true,true,82,82,true,0.000,52,396,0.4877,0.1313,0.4390,0.620
smooth64,17,2,56,33,36,AStar-Manhattan,true,true,82,82,true,0.000,52,294,0.3621,0.1769,0.6220,0.381
smooth64,17,2,56,33,36,AStar-Ascent,true,true,82,82,true,0.000,52,811,0.9988,0.0641,0.0000,2.353
smooth64,17,2,56,33,36,AStar-Manhattan+Ascent,true,true,82,82,true,0.000,52,294,0.3621,0.1769,0.6220,0.370
smooth64,17,2,56,33,36,AStar-AbsHeight,false,true,82,82,true,0.000,52,416,0.5123,0.1250,0.4512,0.662
smooth64,18,4,14,32,38,BranchAndBound,true,true,69,69,true,0.000,53,1807,1.0000,0.0293,0.0000,11.282
smooth64,18,4,14,32,38,AStar-Euclidean,true,true,69,69,true,0.000,53,1016,0.5623,0.0522,0.5217,3.664
smooth64,18,4,14,32,38,AStar-Manhattan,true,true,69,69,true,0.000,53,424,0.2346,0.1250,0.7536,0.735
smooth64,18,4,14,32,38,AStar-Ascent,true,true,69,69,true,0.000,53,1590,0.8799,0.0333,0.0000,8.768
smooth64,18,4,14,32,38,AStar-Manhattan+Ascent,true,true,69,69,true,0.000,53,448,0.2479,0.1183,0.7536,0.799
smooth64,18,4,14,32,38,AStar-AbsHeight,false,true,70,69,false,1.449,53,614,0.3398,0.0863,0.6087,1.301
smooth64,19,14,54,43,47,BranchAndBound,true,true,46,46,true,0.000,37,1269,1.0000,0.0292,0.0000,5.697
smooth64,19,14,54,43,47,AStar-Euclidean,true,true,46,46,true,0.000,39,350,0.2758,0.1114,0.6304,0.566
smooth64,19,14,54,43,47,AStar-Manhattan,true,true,46,46,true,0.000,37,137,0.1080,0.2701,0.7826,0.135
smooth64,19,14,54,43,47,AStar-Ascent,true,true,46,46,true,0.000,37,1265,0.9968,0.0292,0.0000,5.746
smooth64,19,14,54,43,47,AStar-Manhattan+Ascent,true,true,46,46,true,0.000,37,137,0.1080,0.2701,0.7826,0.114
smooth64,19,14,54,43,47,AStar-AbsHeight,false,true,54,46,false,17.391,53,835,0.6580,0.0635,3.3913,2.183
smooth64,20,62,21,2,4,BranchAndBound,true,true,144,144,true,0.000,78,3536,1.0000,0.0221,0.0000,42.302
smooth64,20,62,21,2,4,AStar-Euclidean,true,true,144,144,true,0.000,78,2990,0.8456,0.0261,0.4306,29.952
smooth64,20,62,21,2,4,AStar-Manhattan,true,true,144,144,true,0.000,78,2310,0.6533,0.0338,0.5347,18.416
smooth64,20,62,21,2,4,AStar-Ascent,true,true,144,144,true,0.000,78,3482,0.9847,0.0224,0.0000,40.679
smooth64,20,62,21,2,4,AStar-Manhattan+Ascent,true,true,144,144,true,0.000,78,1950,0.5515,0.0400,0.5347,13.844
smooth64,20,62,21,2,4,AStar-AbsHeight,false,true,147,144,false,2.083,82,3616,1.0226,0.0227,0.0764,42.246
smooth64,21,40,20,33,46,BranchAndBound,true,true,58,58,true,0.000,34,1710,1.0000,0.0199,0.0000,10.642
smooth64,21,40,20,33,46,AStar-Euclidean,true,true,58,58,true,0.000,34,800,0.4678,0.0425,0.4483,2.314
smooth64,21,40,20,33,46,AStar-Manhattan,true,true,58,58,true,0.000,34,644,0.3766,0.0528,0.5690,1.567
smooth64,21,40,20,33,46,AStar-Ascent,true,true,58,58,true,0.000,34,1132,0.6620,0.0300,0.4138,4.721
smooth64,21,40,20,33,46,AStar-Manhattan+Ascent,true,true,58,58,true,0.000,34,129,0.0754,0.2636,0.9828,0.106
smooth64,21,40,20,33,46,AStar-AbsHeight,false,true,58,58,true,0.000,34,1059,0.6193,0.0321,0.4138,4.295
smooth64,22,36,27,19,57,BranchAndBound,true,true,256,256,true,0.000,48,4059,1.0000,0.0118,0.0000,54.858
smooth64,22,36,27,19,57,AStar-Euclidean,true,true,256,256,true,0.000,48,4053,0.9985,0.0118,0.1328,53.625
smooth64,22,36,27,19,57,AStar-Manhattan,true,true,256,256,true,0.000,48,4045,0.9966,0.0119,0.1836,55.860
smooth64,22,36,27,19,57,AStar-Ascent,true,true,256,256,true,0.000,48,2725,0.6713,0.0176,0.8164,26.299
smooth64,22,36,27,19,57,AStar-Manhattan+Ascent,true,true,256,256,true,0.000,48,483,0.1190,0.0994,1.0000,0.958
smooth64,22,36,27,19,57,AStar-AbsHeight,false,true,256,256,true,0.000,48,2723,0.6709,0.0176,0.8164,25.788
smooth64,23,34,6,50,58,BranchAndBound,true,true,89,89,true,0.000,69,1861,1.0000,0.0371,0.0000,12.333
smooth64,23,34,6,50,58,AStar-Euclidean,true,true,89,89,true,0.000,69,1048,0.5631,0.0658,0.6067,4.179
smooth64,23,34,6,50,58,AStar-Manhattan,true,true,89,89,true,0.000,69,684,0.3675,0.1009,0.7640,1.879
smooth64,23,34,6,50,58,AStar-Ascent,true,true,89,89,true,0.000,69,1851,0.9946,0.0373,0.0787,12.448
smooth64,23,34,6,50,58,AStar-Manhattan+Ascent,true,true,89,89,true,0.000,69,546,0.2934,0.1264,0.8427,1.309
smooth64,23,34,6,50,58,AStar-AbsHeight,false,true,89,89,true,0.000,69,1258,0.6760,0.0548,0.0787,5.650
smooth64,24,4,37,38,44,BranchAndBound,true,true,64,64,true,0.000,42,1140,1.0000,0.0368,0.0000,4.719
smooth64,24,4,37,38,44,AStar-Euclidean,true,true,64,64,true,0.000,42,443,0.3886,0.0948,0.5313,0.780
smooth64,24,4,37,38,44,AStar-Manhattan,true,true,64,64,true,0.000,42,288,0.2526,0.1458,0.6406,0.366
smooth64,24,4,37,38,44,AStar-Ascent,true,true,64,64,true,0.000,42,1148,1.0070,0.0366,0.0000,4.839
smooth64,24,4,37,38,44,AStar-Manhattan+Ascent,true,true,64,64,true,0.000,42,283,0.2482,0.1484,0.6406,0.357
smooth64,24,4,37,38,44,AStar-AbsHeight,false,true,64,64,true,0.000,42,539,0.4728,0.0779,0.2500,1.136
smooth64,25,39,11,50,61,BranchAndBound,true,true,85,85,true,0.000,62,1867,1.0000,0.0332,0.0000,12.612
smooth64,25,39,11,50,61,AStar-Euclidean,true,true,85,85,true,0.000,62,969,0.5190,0.0640,0.6000,3.707
smooth64,25,39,11,50,61,AStar-Manhattan,true,true,85,85,true,0.000,62,586,0.3139,0.1058,0.7176,1.420
smooth64,25,39,11,50,61,AStar-Ascent,true,true,85,85,true,0.000,62,1864,0.9984,0.0333,0.0118,13.026
smooth64,25,39,11,50,61,AStar-Manhattan+Ascent,true,true,85,85,true,0.000,62,488,0.2614,0.1270,0.7294,1.083
smooth64,25,39,11,50,61,AStar-AbsHeight,false,true,85,85,true,0.000,62,1162,0.6224,0.0534,0.0118,4.965
smooth64,26,57,8,11,33,BranchAndBound,true,true,140,140,true,0.000,72,2811,1.0000,0.0256,0.0000,26.937
smooth64,26,57,8,11,33,AStar-Euclidean,true,true,140,140,true,0.000,72,2105,0.7488,0.0342,0.3714,15.448
smooth64,26,57,8,11,33,AStar-Manhattan,true,true,140,140,true,0.000,72,1853,0.6592,0.0389,0.5071,12.018
smooth64,26,57,8,11,33,AStar-Ascent,true,true,140,140,true,0.000,72,2507,0.8919,0.0287,0.4286,20.529
smooth64,26,57,8,11,33,AStar-Manhattan+Ascent,true,true,140,140,true,0.000,72,1104,0.3927,0.0652,0.9357,4.374
smooth64,26,57,8,11,33,AStar-AbsHeight,false,true,140,140,true,0.000,72,2392,0.8509,0.0301,0.4286,19.558
smooth64,27,19,32,40,11,BranchAndBound,true,true,42,42,true,0.000,43,1464,1.0000,0.0294,0.0000,8.013
smooth64,27,19,32,40,11,AStar-Euclidean,true,true,42,42,true,0.000,43,478,0.3265,0.0900,0.6905,0.912
smooth64,27,19,32,40,11,AStar-Manhattan,true,true,42,42,true,0.000,43,222,0.1516,0.1937,1.0000,0.279
smooth64,27,19,32,40,11,AStar-Ascent,true,true,42,42,true,0.000,43,1464,1.0000,0.0294,0.0000,7.982
smooth64,27,19,32,40,11,AStar-Manhattan+Ascent,true,true,42,42,true,0.000,43,222,0.1516,0.1937,1.0000,0.308
smooth64,27,19,32,40,11,AStar-AbsHeight,false,true,42,42,true,0.000,43,213,0.1455,0.2019,1.3333,0.253
smooth64,28,27,62,54,45,BranchAndBound,true,true,70,70,true,0.000,45,1883,1.0000,0.0239,0.0000,12.616
smooth64,28,27,62,54,45,AStar-Euclidean,true,true,70,70,true,0.000,45,1000,0.5311,0.0450,0.4429,3.489
smooth64,28,27,62,54,45,AStar-Manhattan,true,true,70,70,true,0.000,45,865,0.4594,0.0520,0.6286,2.611
smooth64,28,27,62,54,45,AStar-Ascent,true,true,70,70,true,0.000,45,1372,0.7286,0.0328,0.0000,6.754
smooth64,28,27,62,54,45,AStar-Manhattan+Ascent,true,true,70,70,true,0.000,45,379,0.2013,0.1187,0.6286,0.592
smooth64,28,27,62,54,45,AStar-AbsHeight,false,true,70,70,true,0.000,45,824,0.4376,0.0546,1.8429,2.292
smooth64,29,33,40,12,13,BranchAndBound,true,true,115,115,true,0.000,49,3463,1.0000,0.0141,0.0000,40.749
smooth64,29,33,40,12,13,AStar-Euclidean,true,true,115,115,true,0.000,49,2794,0.8068,0.0175,0.2957,27.865
smooth64,29,33,40,12,13,AStar-Manhattan,true,true,115,115,true,0.000,49,2315,0.6685,0.0212,0.4174,19.064
smooth64,29,33,40,12,13,AStar-Ascent,true,true,115,115,true,0.000,49,2395,0.6916,0.0205,0.5565,20.672
smooth64,29,33,40,12,13,AStar-Manhattan+Ascent,true,true,115,115,true,0.000,49,570,0.1646,0.0860,0.9739,1.374
smooth64,29,33,40,12,13,AStar-AbsHeight,false,true,115,115,true,0.000,49,2359,0.6812,0.0208,0.5565,20.032
smooth64,30,53,61,26,28,BranchAndBound,true,true,96,96,true,0.000,61,1680,1.0000,0.0363,0.0000,10.132
smooth64,30,53,61,26,28,AStar-Euclidean,true,true,96,96,true,0.000,61,1023,0.6089,0.0596,0.4375,3.718
smooth64,30,53,61,26,28,AStar-Manhattan,true,true,96,96,true,0.000,61,831,0.4946,0.0734,0.6250,2.486
smooth64,30,53,61,26,28,AStar-Ascent,true,true,96,96,true,0.000,61,1392,0.8286,0.0438,0.3438,6.881
smooth64,30,53,61,26,28,AStar-Manhattan+Ascent,true,true,96,96,true,0.000,61,591,0.3518,0.1032,0.9688,1.424
smooth64,30,53,61,26,28,AStar-AbsHeight,false,true,96,96,true,0.000,61,1213,0.7220,0.0503,0.3438,5.304
smooth64,31,16,9,43,44,BranchAndBound,true,true,66,66,true,0.000,63,2407,1.0000,0.0262,0.0000,19.376
smooth64,31,16,9,43,44,AStar-Euclidean,true,true,66,66,true,0.000,63,1372,0.5700,0.0459,0.6667,6.766
smooth64,31,16,9,43,44,AStar-Manhattan,true,true,66,66,true,0.000,63,952,0.3955,0.0662,0.9394,3.555
smooth64,31,16,9,43,44,AStar-Ascent,true,true,66,66,true,0.000,63,2187,0.9086,0.0288,0.0000,16.257
smooth64,31,16,9,43,44,AStar-Manhattan+Ascent,true,true,66,66,true,0.000,63,686,0.2850,0.0918,0.9394,1.806
smooth64,31,16,9,43,44,AStar-AbsHeight,false,true,66,66,true,0.000,63,1574,0.6539,0.0400,0.8788,7.355
smooth64,32,19,27,41,41,BranchAndBound,true,true,39,39,true,0.000,37,1477,1.0000,0.0251,0.0000,7.918
smooth64,32,19,27,41,41,AStar-Euclidean,true,true,39,39,true,0.000,37,433,0.2932,0.0855,0.6667,0.750
smooth64,32,19,27,41,41,AStar-Manhattan,true,true,39,39,true,0.000,37,302,0.2045,0.1225,0.9231,0.412
smooth64,32,19,27,41,41,AStar-Ascent,true,true,39,39,true,0.000,37,1334,0.9032,0.0277,0.0000,6.653
smooth64,32,19,27,41,41,AStar-Manhattan+Ascent,true,true,39,39,true,0.000,37,276,0.1869,0.1341,0.9231,0.376
smooth64,32,19,27,41,41,AStar-AbsHeight,false,true,39,39,true,0.000,37,644,0.4360,0.0575,1.0000,1.619
smooth64,33,12,60,33,30,BranchAndBound,true,true,52,52,true,0.000,52,1066,1.0000,0.0488,0.0000,3.993
smooth64,33,12,60,33,30,AStar-Euclidean,true,true,52,52,true,0.000,52,485,0.4550,0.1072,0.6923,0.994
smooth64,33,12,60,33,30,AStar-Manhattan,true,true,52,52,true,0.000,52,128,0.1201,0.4063,0.9808,0.156
smooth64,33,12,60,33,30,AStar-Ascent,true,true,52,52,true,0.000,52,1061,0.9953,0.0490,0.0000,3.834
smooth64,33,12,60,33,30,AStar-Manhattan+Ascent,true,true,52,52,true,0.000,52,121,0.1135,0.4298,0.9808,0.143
smooth64,33,12,60,33,30,AStar-AbsHeight,false,true,78,52,false,50.000,64,748,0.7017,0.0856,3.1346,1.342
smooth64,34,61,12,39,1,BranchAndBound,true,true,33,33,true,0.000,34,483,1.0000,0.0704,0.0000,0.830
smooth64,34,61,12,39,1,AStar-Euclidean,true,true,33,33,true,0.000,34,314,0.6501,0.1083,0.7273,0.439
smooth64,34,61,12,39,1,AStar-Manhattan,true,true,33,33,true,0.000,34,276,0.5714,0.1232,1.0000,0.361
smooth64,34,61,12,39,1,AStar-Ascent,true,true,33,33,true,0.000,34,480,0.9938,0.0708,0.0000,0.841
smooth64,34,61,12,39,1,AStar-Manhattan+Ascent,true,true,33,33,true,0.000,34,223,0.4617,0.1525,1.0000,0.256
smooth64,34,61,12,39,1,AStar-AbsHeight,false,true,34,33,false,3.030,34,292,0.6046,0.1164,1.0303,0.350
smooth64,35,6,7,41,5,BranchAndBound,true,true,50,50,true,0.000,38,1319,1.0000,0.0288,0.0000,5.888
smooth64,35,6,7,41,5,AStar-Euclidean,true,true,50,50,true,0.000,38,271,0.2055,0.1402,0.7000,0.348
smooth64,35,6,7,41,5,AStar-Manhattan,true,true,50,50,true,0.000,38,153,0.1160,0.2484,0.7400,0.148
smooth64,35,6,7,41,5,AStar-Ascent,true,true,50,50,true,0.000,38,1314,0.9962,0.0289,0.0000,5.851
smooth64,35,6,7,41,5,AStar-Manhattan+Ascent,true,true,50,50,true,0.000,38,153,0.1160,0.2484,0.7400,0.146
smooth64,35,6,7,41,5,AStar-AbsHeight,false,true,63,50,false,26.000,48,617,0.4678,0.0778,1.6600,1.202
smooth64,36,26,19,20,46,BranchAndBound,true,true,104,104,true,0.000,34,3584,1.0000,0.0095,0.0000,42.733
smooth64,36,26,19,20,46,AStar-Euclidean,true,true,104,104,true,0.000,34,2591,0.7229,0.0131,0.2596,23.909
smooth64,36,26,19,20,46,AStar-Manhattan,true,true,104,104,true,0.000,34,2195,0.6124,0.0155,0.3173,17.039
smooth64,36,26,19,20,46,AStar-Ascent,true,true,104,104,true,0.000,34,1160,0.3237,0.0293,0.6346,5.094
smooth64,36,26,19,20,46,AStar-Manhattan+Ascent,true,true,104,104,true,0.000,34,235,0.0656,0.1447,0.9519,0.305
smooth64,36,26,19,20,46,AStar-AbsHeight,false,true,104,104,true,0.000,34,1159,0.3234,0.0293,0.6346,5.084
smooth64,37,6,9,24,54,BranchAndBound,true,true,211,211,true,0.000,64,3966,1.0000,0.0161,0.0000,51.868
smooth64,37,6,9,24,54,AStar-Euclidean,true,true,211,211,true,0.000,64,3950,0.9960,0.0162,0.2275,49.911
smooth64,37,6,9,24,54,AStar-Manhattan,true,true,211,211,true,0.000,64,3943,0.9942,0.0162,0.2986,50.497
smooth64,37,6,9,24,54,AStar-Ascent,true,true,211,211,true,0.000,64,1711,0.4314,0.0374,0.5213,10.682
smooth64,37,6,9,24,54,AStar-Manhattan+Ascent,true,true,211,211,true,0.000,64,1157,0.2917,0.0553,0.8199,5.255
smooth64,37,6,9,24,54,AStar-AbsHeight,false,true,211,211,true,0.000,64,1701,0.4289,0.0376,0.5213,10.596
smooth64,38,59,47,19,36,BranchAndBound,true,true,84,84,true,0.000,52,2377,1.0000,0.0219,0.0000,20.199
smooth64,38,59,47,19,36,AStar-Euclidean,true,true,84,84,true,0.000,52,1537,0.6466,0.0338,0.4881,8.607
smooth64,38,59,47,19,36,AStar-Manhattan,true,true,84,84,true,0.000,52,1303,0.5482,0.0399,0.6071,6.095
smooth64,38,59,47,19,36,AStar-Ascent,true,true,84,84,true,0.000,52,1641,0.6904,0.0317,0.1071,9.787
smooth64,38,59,47,19,36,AStar-Manhattan+Ascent,true,true,84,84,true,0.000,52,676,0.2844,0.0769,0.7143,1.628
smooth64,38,59,47,19,36,AStar-AbsHeight,false,true,84,84,true,0.000,52,1644,0.6916,0.0316,0.1071,9.376
smooth64,39,28,51,49,62,BranchAndBound,true,true,32,32,true,0.000,33,727,1.0000,0.0454,0.0000,1.984
smooth64,39,28,51,49,62,AStar-Euclidean,true,true,32,32,true,0.000,33,213,0.2930,0.1549,0.7188,0.242
smooth64,39,28,51,49,62,AStar-Manhattan,true,true,32,32,true,0.000,33,103,0.1417,0.3204,1.0000,0.085
smooth64,39,28,51,49,62,AStar-Ascent,true,true,32,32,true,0.000,33,726,0.9986,0.0455,0.0000,1.983
smooth64,39,28,51,49,62,AStar-Manhattan+Ascent,true,true,32,32,true,0.000,33,103,0.1417,0.3204,1.0000,0.091
smooth64,39,28,51,49,62,AStar-AbsHeight,false,true,32,32,true,0.000,33,43,0.0591,0.7674,3.6250,0.029
smooth64,40,36,13,59,29,BranchAndBound,true,true,100,100,true,0.000,40,2623,1.0000,0.0152,0.0000,23.699
smooth64,40,36,13,59,29,AStar-Euclidean,true,true,100,100,true,0.000,40,1757,0.6698,0.0228,0.2800,10.756
smooth64,40,36,13,59,29,AStar-Manhattan,true,true,100,100,true,0.000,40,1537,0.5860,0.0260,0.3900,8.233
smooth64,40,36,13,59,29,AStar-Ascent,true,true,100,100,true,0.000,40,1783,0.6798,0.0224,0.6100,11.321
smooth64,40,36,13,59,29,AStar-Manhattan+Ascent,true,true,100,100,true,0.000,40,311,0.1186,0.1286,1.0000,0.461
smooth64,40,36,13,59,29,AStar-AbsHeight,false,true,100,100,true,0.000,40,1731,0.6599,0.0231,0.6100,10.943
smooth64,41,50,18,24,28,BranchAndBound,true,true,66,66,true,0.000,37,2057,1.0000,0.0180,0.0000,15.031
smooth64,41,50,18,24,28,AStar-Euclidean,true,true,66,66,true,0.000,37,1149,0.5586,0.0322,0.4091,4.803
smooth64,41,50,18,24,28,AStar-Manhattan,true,true,66,66,true,0.000,37,867,0.4215,0.0427,0.5455,2.681
smooth64,41,50,18,24,28,AStar-Ascent,true,true,66,66,true,0.000,37,1407,0.6840,0.0263,0.1970,7.328
smooth64,41,50,18,24,28,AStar-Manhattan+Ascent,true,true,66,66,true,0.000,37,379,0.1842,0.0976,0.7424,0.602
smooth64,41,50,18,24,28,AStar-AbsHeight,false,true,66,66,true,0.000,37,1227,0.5965,0.0302,0.1970,5.585
smooth64,42,23,11,9,34,BranchAndBound,true,true,56,56,true,0.000,38,1869,1.0000,0.0203,0.0000,11.966
smooth64,42,23,11,9,34,AStar-Euclidean,true,true,56,56,true,0.000,38,760,0.4066,0.0500,0.4643,2.207
smooth64,42,23,11,9,34,AStar-Manhattan,true,true,56,56,true,0.000,38,471,0.2520,0.0807,0.6607,0.881
smooth64,42,23,11,9,34,AStar-Ascent,true,true,56,56,true,0.000,38,861,0.4607,0.0441,0.1429,2.797
smooth64,42,23,11,9,34,AStar-Manhattan+Ascent,true,true,56,56,true,0.000,38,188,0.1006,0.2021,0.8036,0.227
smooth64,42,23,11,9,34,AStar-AbsHeight,false,true,56,56,true,0.000,38,588,0.3146,0.0646,0.1429,1.387
smooth64,43,27,40,0,6,BranchAndBound,true,true,103,103,true,0.000,62,3627,1.0000,0.0171,0.0000,45.798
smooth64,43,27,40,0,6,AStar-Euclidean,true,true,103,103,true,0.000,62,2117,0.5837,0.0293,0.4175,16.189
smooth64,43,27,40,0,6,AStar-Manhattan,true,true,103,103,true,0.000,62,1607,0.4431,0.0386,0.5922,9.364
smooth64,43,27,40,0,6,AStar-Ascent,true,true,103,103,true,0.000,62,3417,0.9421,0.0181,0.0291,42.185
smooth64,43,27,40,0,6,AStar-Manhattan+Ascent,true,true,103,103,true,0.000,62,1118,0.3082,0.0555,0.6214,4.816
smooth64,43,27,40,0,6,AStar-AbsHeight,false,true,103,103,true,0.000,62,2879,0.7938,0.0215,0.0291,29.579
smooth64,44,62,60,38,6,BranchAndBound,true,true,99,99,true,0.000,79,1667,1.0000,0.0474,0.0000,10.204
smooth64,44,62,60,38,6,AStar-Euclidean,true,true,99,99,true,0.000,79,667,0.4001,0.1184,0.5960,1.653
smooth64,44,62,60,38,6,AStar-Manhattan,true,true,99,99,true,0.000,79,422,0.2531,0.1872,0.7879,0.742
smooth64,44,62,60,38,6,AStar-Ascent,true,true,99,99,true,0.000,79,1663,0.9976,0.0475,0.0000,10.016
smooth64,44,62,60,38,6,AStar-Manhattan+Ascent,true,true,99,99,true,0.000,79,421,0.2525,0.1876,0.7879,0.714
smooth64,44,62,60,38,6,AStar-AbsHeight,false,true,100,99,false,1.010,79,752,0.4511,0.1051,0.1313,2.085
smooth64,45,1,7,26,43,BranchAndBound,true,true,110,110,true,0.000,62,2369,1.0000,0.0262,0.0000,18.863
smooth64,45,1,7,26,43,AStar-Euclidean,true,true,110,110,true,0.000,62,1645,0.6944,0.0377,0.3909,8.937
smooth64,45,1,7,26,43,AStar-Manhattan,true,true,110,110,true,0.000,62,1465,0.6184,0.0423,0.5545,7.517
smooth64,45,1,7,26,43,AStar-Ascent,true,true,110,110,true,0.000,62,1435,0.6057,0.0432,0.0818,7.052
smooth64,45,1,7,26,43,AStar-Manhattan+Ascent,true,true,110,110,true,0.000,62,1137,0.4799,0.0545,0.6364,4.625
smooth64,45,1,7,26,43,AStar-AbsHeight,false,true,110,110,true,0.000,62,2032,0.8577,0.0305,0.0818,11.548
smooth64,46,40,56,45,20,BranchAndBound,true,true,51,51,true,0.000,42,1198,1.0000,0.0351,0.0000,5.373
smooth64,46,40,56,45,20,AStar-Euclidean,true,true,51,51,true,0.000,42,538,0.4491,0.0781,0.7059,1.245
smooth64,46,40,56,45,20,AStar-Manhattan,true,true,51,51,true,0.000,42,412,0.3439,0.1019,0.8039,0.806
smooth64,46,40,56,45,20,AStar-Ascent,true,true,51,51,true,0.000,42,1093,0.9124,0.0384,0.0000,4.417
smooth64,46,40,56,45,20,AStar-Manhattan+Ascent,true,true,51,51,true,0.000,42,313,0.2613,0.1342,0.8039,0.501
smooth64,46,40,56,45,20,AStar-AbsHeight,false,true,51,51,true,0.000,42,890,0.7429,0.0472,0.0392,2.996
smooth64,47,57,19,15,26,BranchAndBound,true,true,110,110,true,0.000,50,2711,1.0000,0.0184,0.0000,25.719
smooth64,47,57,19,15,26,AStar-Euclidean,true,true,110,110,true,0.000,50,2374,0.8757,0.0211,0.3818,20.143
smooth64,47,57,19,15,26,AStar-Manhattan,true,true,110,110,true,0.000,50,2065,0.7617,0.0242,0.4455,15.127
smooth64,47,57,19,15,26,AStar-Ascent,true,true,110,110,true,0.000,50,1975,0.7285,0.0253,0.2091,13.703
smooth64,47,57,19,15,26,AStar-Manhattan+Ascent,true,true,110,110,true,0.000,50,647,0.2387,0.0773,0.6545,1.527
smooth64,47,57,19,15,26,AStar-AbsHeight,false,true,110,110,true,0.000,50,1963,0.7241,0.0255,0.2091,13.600
smooth64,48,8,21,20,55,BranchAndBound,true,true,206,206,true,0.000,47,3997,1.0000,0.0118,0.0000,52.578
smooth64,48,8,21,20,55,AStar-Euclidean,true,true,206,206,true,0.000,47,3985,0.9970,0.0118,0.1748,51.476
smooth64,48,8,21,20,55,AStar-Manhattan,true,true,206,206,true,0.000,47,3980,0.9957,0.0118,0.2233,51.979
smooth64,48,8,21,20,55,AStar-Ascent,true,true,206,206,true,0.000,47,1324,0.3312,0.0355,0.6650,6.745
smooth64,48,8,21,20,55,AStar-Manhattan+Ascent,true,true,206,206,true,0.000,47,463,0.1158,0.1015,0.8883,0.967
smooth64,48,8,21,20,55,AStar-AbsHeight,false,true,206,206,true,0.000,47,1323,0.3310,0.0355,0.6650,6.673
smooth64,49,2,23,26,1,BranchAndBound,true,true,74,74,true,0.000,47,1722,1.0000,0.0273,0.0000,10.640
smooth64,49,2,23,26,1,AStar-Euclidean,true,true,74,74,true,0.000,47,787,0.4570,0.0597,0.4324,2.184
smooth64,49,2,23,26,1,AStar-Manhattan,true,true,74,74,true,0.000,47,410,0.2381,0.1146,0.6216,0.702
smooth64,49,2,23,26,1,AStar-Ascent,true,true,74,74,true,0.000,47,1551,0.9007,0.0303,0.0000,8.224
smooth64,49,2,23,26,1,AStar-Manhattan+Ascent,true,true,74,74,true,0.000,47,410,0.2381,0.1146,0.6216,0.697
smooth64,49,2,23,26,1,AStar-AbsHeight,false,true,85,74,false,14.865,59,2574,1.4948,0.0229,0.3514,15.015
smooth64,50,56,21,47,45,BranchAndBound,true,true,41,41,true,0.000,34,1468,1.0000,0.0232,0.0000,7.698
smooth64,50,56,21,47,45,AStar-Euclidean,true,true,41,41,true,0.000,34,429,0.2922,0.0793,0.6098,0.795
smooth64,50,56,21,47,45,AStar-Manhattan,true,true,41,41,true,0.000,34,311,0.2119,0.1093,0.8049,0.436
smooth64,50,56,21,47,45,AStar-Ascent,true,true,41,41,true,0.000,34,907,0.6178,0.0375,0.0000,3.016
smooth64,50,56,21,47,45,AStar-Manhattan+Ascent,true,true,41,41,true,0.000,34,290,0.1975,0.1172,0.8049,0.400
smooth64,50,56,21,47,45,AStar-AbsHeight,false,true,43,41,false,4.878,34,645,0.4394,0.0527,0.5854,1.441
smooth64,51,20,27,63,58,BranchAndBound,true,true,81,81,true,0.000,75,3321,1.0000,0.0226,0.0000,38.178
smooth64,51,20,27,63,58,AStar-Euclidean,true,true,81,81,true,0.000,75,1284,0.3866,0.0584,0.6543,6.203
smooth64,51,20,27,63,58,AStar-Manhattan,true,true,81,81,true,0.000,75,619,0.1864,0.1212,0.9136,1.517
smooth64,51,20,27,63,58,AStar-Ascent,true,true,81,81,true,0.000,75,3226,0.9714,0.0232,0.0000,36.561
smooth64,51,20,27,63,58,AStar-Manhattan+Ascent,true,true,81,81,true,0.000,75,598,0.1801,0.1254,0.9136,1.360
smooth64,51,20,27,63,58,AStar-AbsHeight,false,true,81,81,true,0.000,75,2144,0.6456,0.0350,0.5926,16.254
smooth64,52,63,26,27,49,BranchAndBound,true,true,142,142,true,0.000,60,3495,1.0000,0.0172,0.0000,41.112
smooth64,52,63,26,27,49,AStar-Euclidean,true,true,142,142,true,0.000,60,2926,0.8372,0.0205,0.2958,29.653
smooth64,52,63,26,27,49,AStar-Manhattan,true,true,142,142,true,0.000,60,2784,0.7966,0.0216,0.4155,25.716
smooth64,52,63,26,27,49,AStar-Ascent,true,true,142,142,true,0.000,60,2259,0.6464,0.0266,0.2606,17.869
smooth64,52,63,26,27,49,AStar-Manhattan+Ascent,true,true,142,142,true,0.000,60,858,0.2455,0.0699,0.6761,2.381
smooth64,52,63,26,27,49,AStar-AbsHeight,false,true,142,142,true,0.000,60,2259,0.6464,0.0266,0.2606,17.884
smooth64,53,56,44,25,36,BranchAndBound,true,true,56,56,true,0.000,40,1861,1.0000,0.0215,0.0000,12.714
smooth64,53,56,44,25,36,AStar-Euclidean,true,true,56,56,true,0.000,40,936,0.5030,0.0427,0.5714,3.202
smooth64,53,56,44,25,36,AStar-Manhattan,true,true,56,56,true,0.000,40,653,0.3509,0.0613,0.6964,1.588
smooth64,53,56,44,25,36,AStar-Ascent,true,true,56,56,true,0.000,40,1372,0.7372,0.0292,0.0000,6.960
smooth64,53,56,44,25,36,AStar-Manhattan+Ascent,true,true,56,56,true,0.000,40,481,0.2585,0.0832,0.6964,0.901
smooth64,53,56,44,25,36,AStar-AbsHeight,false,true,56,56,true,0.000,40,1250,0.6717,0.0320,0.2143,5.634
smooth64,54,42,37,12,15,BranchAndBound,true,true,118,118,true,0.000,53,3372,1.0000,0.0157,0.0000,38.631
smooth64,54,42,37,12,15,AStar-Euclidean,true,true,118,118,true,0.000,53,3016,0.8944,0.0176,0.3136,31.611
smooth64,54,42,37,12,15,AStar-Manhattan,true,true,118,118,true,0.000,53,2570,0.7622,0.0206,0.4407,23.052
smooth64,54,42,37,12,15,AStar-Ascent,true,true,118,118,true,0.000,53,2518,0.7467,0.0210,0.5000,22.861
smooth64,54,42,37,12,15,AStar-Manhattan+Ascent,true,true,118,118,true,0.000,53,525,0.1557,0.1010,0.9407,1.128
smooth64,54,42,37,12,15,AStar-AbsHeight,false,true,118,118,true,0.000,53,2488,0.7378,0.0213,0.5000,21.547
smooth64,55,6,60,15,36,BranchAndBound,true,true,48,48,true,0.000,34,394,1.0000,0.0863,0.0000,0.589
smooth64,55,6,60,15,36,AStar-Euclidean,true,true,48,48,true,0.000,34,303,0.7690,0.1122,0.5208,0.408
smooth64,55,6,60,15,36,AStar-Manhattan,true,true,48,48,true,0.000,34,276,0.7005,0.1232,0.6875,0.357
smooth64,55,6,60,15,36,AStar-Ascent,true,true,48,48,true,0.000,34,322,0.8173,0.1056,0.0000,0.441
smooth64,55,6,60,15,36,AStar-Manhattan+Ascent,true,true,48,48,true,0.000,34,156,0.3959,0.2179,0.6875,0.169
smooth64,55,6,60,15,36,AStar-AbsHeight,false,true,48,48,true,0.000,34,341,0.8655,0.0997,1.0000,0.445
smooth64,56,31,37,3,2,BranchAndBound,true,true,120,120,true,0.000,64,3690,1.0000,0.0173,0.0000,47.165
smooth64,56,31,37,3,2,AStar-Euclidean,true,true,120,120,true,0.000,64,2663,0.7217,0.0240,0.3667,24.916
smooth64,56,31,37,3,2,AStar-Manhattan,true,true,120,120,true,0.000,64,2044,0.5539,0.0313,0.5250,14.792
smooth64,56,31,37,3,2,AStar-Ascent,true,true,120,120,true,0.000,64,3582,0.9707,0.0179,0.2500,45.746
smooth64,56,31,37,3,2,AStar-Manhattan+Ascent,true,true,120,120,true,0.000,64,1347,0.3650,0.0475,0.7750,6.582
smooth64,56,31,37,3,2,AStar-AbsHeight,false,true,120,120,true,0.000,64,3255,0.8821,0.0197,0.2500,36.380
smooth64,57,39,53,6,8,BranchAndBound,true,true,141,141,true,0.000,79,3656,1.0000,0.0216,0.0000,45.896
smooth64,57,39,53,6,8,AStar-Euclidean,true,true,141,141,true,0.000,79,3218,0.8802,0.0245,0.3901,35.727
smooth64,57,39,53,6,8,AStar-Manhattan,true,true,141,141,true,0.000,79,2867,0.7842,0.0276,0.5532,28.173
smooth64,57,39,53,6,8,AStar-Ascent,true,true,141,141,true,0.000,79,3291,0.9002,0.0240,0.3191,37.406
smooth64,57,39,53,6,8,AStar-Manhattan+Ascent,true,true,141,141,true,0.000,79,1395,0.3816,0.0566,0.8723,7.605
smooth64,57,39,53,6,8,AStar-AbsHeight,false,true,141,141,true,0.000,79,3128,0.8556,0.0253,0.3191,34.516
smooth64,58,0,58,13,5,BranchAndBound,true,true,133,133,true,0.000,67,2618,1.0000,0.0256,0.0000,23.494
smooth64,58,0,58,13,5,AStar-Euclidean,true,true,133,133,true,0.000,67,1438,0.5493,0.0466,0.4060,7.201
smooth64,58,0,58,13,5,AStar-Manhattan,true,true,133,133,true,0.000,67,1046,0.3995,0.0641,0.4962,3.887
smooth64,58,0,58,13,5,AStar-Ascent,true,true,133,133,true,0.000,67,1194,0.4561,0.0561,0.3308,5.210
smooth64,58,0,58,13,5,AStar-Manhattan+Ascent,true,true,133,133,true,0.000,67,694,0.2651,0.0965,0.8271,1.926
smooth64,58,0,58,13,5,AStar-AbsHeight,false,true,133,133,true,0.000,67,1125,0.4297,0.0596,0.3308,4.711
smooth64,59,0,43,45,37,BranchAndBound,true,true,105,105,true,0.000,52,1771,1.0000,0.0294,0.0000,11.398
smooth64,59,0,43,45,37,AStar-Euclidean,true,true,105,105,true,0.000,52,839,0.4737,0.0620,0.4286,2.539
smooth64,59,0,43,45,37,AStar-Manhattan,true,true,105,105,true,0.000,52,646,0.3648,0.0805,0.4857,1.509
smooth64,59,0,43,45,37,AStar-Ascent,true,true,105,105,true,0.000,52,1531,0.8645,0.0340,0.1429,8.347
smooth64,59,0,43,45,37,AStar-Manhattan+Ascent,true,true,105,105,true,0.000,52,495,0.2795,0.1051,0.6286,0.889
smooth64,59,0,43,45,37,AStar-AbsHeight,false,true,105,105,true,0.000,52,1124,0.6347,0.0463,0.1429,4.506
smooth64,60,7,12,50,14,BranchAndBound,true,true,63,63,true,0.000,46,2023,1.0000,0.0227,0.0000,13.502
smooth64,60,7,12,50,14,AStar-Euclidean,true,true,63,63,true,0.000,46,1016,0.5022,0.0453,0.6825,3.837
smooth64,60,7,12,50,14,AStar-Manhattan,true,true,63,63,true,0.000,46,600,0.2966,0.0767,0.7143,1.421
smooth64,60,7,12,50,14,AStar-Ascent,true,true,63,63,true,0.000,46,1847,0.9130,0.0249,0.0000,11.612
smooth64,60,7,12,50,14,AStar-Manhattan+Ascent,true,true,63,63,true,0.000,46,472,0.2333,0.0975,0.7143,0.929
smooth64,60,7,12,50,14,AStar-AbsHeight,false,true,64,63,false,1.587,46,5820,2.8769,0.0079,1.0000,55.068
smooth64,61,45,31,44,63,BranchAndBound,true,true,33,33,true,0.000,34,1158,1.0000,0.0294,0.0000,5.003
smooth64,61,45,31,44,63,AStar-Euclidean,true,true,33,33,true,0.000,34,77,0.0665,0.4416,0.9697,0.055
smooth64,61,45,31,44,63,AStar-Manhattan,true,true,33,33,true,0.000,34,66,0.0570,0.5152,1.0000,0.041
smooth64,61,45,31,44,63,AStar-Ascent,true,true,33,33,true,0.000,34,1063,0.9180,0.0320,0.0000,4.315
smooth64,61,45,31,44,63,AStar-Manhattan+Ascent,true,true,33,33,true,0.000,34,65,0.0561,0.5231,1.0000,0.044
smooth64,61,45,31,44,63,AStar-AbsHeight,false,true,37,33,false,12.121,36,792,0.6839,0.0455,1.0303,1.883
smooth64,62,54,54,38,1,BranchAndBound,true,true,78,78,true,0.000,70,1868,1.0000,0.0375,0.0000,12.479
smooth64,62,54,54,38,1,AStar-Euclidean,true,true,78,78,true,0.000,70,651,0.3485,0.1075,0.7051,1.514
smooth64,62,54,54,38,1,AStar-Manhattan,true,true,78,78,true,0.000,70,282,0.1510,0.2482,0.8846,0.377
smooth64,62,54,54,38,1,AStar-Ascent,true,true,78,78,true,0.000,70,1861,0.9963,0.0376,0.0000,12.199
smooth64,62,54,54,38,1,AStar-Manhattan+Ascent,true,true,78,78,true,0.000,70,281,0.1504,0.2491,0.8846,0.400
smooth64,62,54,54,38,1,AStar-AbsHeight,false,true,79,78,false,1.282,70,800,0.4283,0.0875,0.4487,2.106
smooth64,63,8,37,34,51,BranchAndBound,true,true,86,86,true,0.000,41,2934,1.0000,0.0140,0.0000,30.262
smooth64,63,8,37,34,51,AStar-Euclidean,true,true,86,86,true,0.000,41,1473,0.5020,0.0278,0.3372,7.884
smooth64,63,8,37,34,51,AStar-Manhattan,true,true,86,86,true,0.000,41,1223,0.4168,0.0335,0.4651,5.590
smooth64,63,8,37,34,51,AStar-Ascent,true,true,86,86,true,0.000,41,1850,0.6305,0.0222,0.0814,12.406
smooth64,63,8,37,34,51,AStar-Manhattan+Ascent,true,true,86,86,true,0.000,41,651,0.2219,0.0630,0.5465,1.577
smooth64,63,8,37,34,51,AStar-AbsHeight,false,true,86,86,true,0.000,41,1641,0.5593,0.0250,0.0814,9.919
smooth64,64,20,22,45,55,BranchAndBound,true,true,60,60,true,0.000,59,2516,1.0000,0.0234,0.0000,22.022
smooth64,64,20,22,45,55,AStar-Euclidean,true,true,60,60,true,0.000,59,755,0.3001,0.0781,0.6833,2.122
smooth64,64,20,22,45,55,AStar-Manhattan,true,true,60,60,true,0.000,59,429,0.1705,0.1375,0.9667,0.792
smooth64,64,20,22,45,55,AStar-Ascent,true,true,60,60,true,0.000,59,2327,0.9249,0.0254,0.0000,19.080
smooth64,64,20,22,45,55,AStar-Manhattan+Ascent,true,true,60,60,true,0.000,59,429,0.1705,0.1375,0.9667,0.766
smooth64,64,20,22,45,55,AStar-AbsHeight,false,true,60,60,true,0.000,59,1144,0.4547,0.0516,0.8000,4.590
smooth64,65,14,29,31,53,BranchAndBound,true,true,116,116,true,0.000,42,3790,1.0000,0.0111,0.0000,48.401
smooth64,65,14,29,31,53,AStar-Euclidean,true,true,116,116,true,0.000,42,3252,0.8580,0.0129,0.2500,38.408
smooth64,65,14,29,31,53,AStar-Manhattan,true,true,116,116,true,0.000,42,2902,0.7657,0.0145,0.3534,29.368
smooth64,65,14,29,31,53,AStar-Ascent,true,true,116,116,true,0.000,42,2049,0.5406,0.0205,0.2414,15.405
smooth64,65,14,29,31,53,AStar-Manhattan+Ascent,true,true,116,116,true,0.000,42,940,0.2480,0.0447,0.5948,3.351
smooth64,65,14,29,31,53,AStar-AbsHeight,false,true,116,116,true,0.000,42,1998,0.5272,0.0210,0.2414,13.780
smooth64,66,28,14,49,3,BranchAndBound,true,true,32,32,true,0.000,33,792,1.0000,0.0417,0.0000,2.254
smooth64,66,28,14,49,3,AStar-Euclidean,true,true,32,32,true,0.000,33,298,0.3763,0.1107,0.7188,0.390
smooth64,66,28,14,49,3,AStar-Manhattan,true,true,32,32,true,0.000,33,220,0.2778,0.1500,1.0000,0.239
smooth64,66,28,14,49,3,AStar-Ascent,true,true,32,32,true,0.000,33,787,0.9937,0.0419,0.0000,2.250
smooth64,66,28,14,49,3,AStar-Manhattan+Ascent,true,true,32,32,true,0.000,33,220,0.2778,0.1500,1.0000,0.236
smooth64,66,28,14,49,3,AStar-AbsHeight,false,true,32,32,true,0.000,33,216,0.2727,0.1528,1.2813,0.231
smooth64,67,1,42,31,37,BranchAndBound,true,true,70,70,true,0.000,36,662,1.0000,0.0544,0.0000,1.588
smooth64,67,1,42,31,37,AStar-Euclidean,true,true,70,70,true,0.000,36,265,0.4003,0.1358,0.4286,0.313
smooth64,67,1,42,31,37,AStar-Manhattan,true,true,70,70,true,0.000,36,187,0.2825,0.1925,0.5000,0.152
smooth64,67,1,42,31,37,AStar-Ascent,true,true,70,70,true,0.000,36,662,1.0000,0.0544,0.0000,1.580
smooth64,67,1,42,31,37,AStar-Manhattan+Ascent,true,true,70,70,true,0.000,36,187,0.2825,0.1925,0.5000,0.161
smooth64,67,1,42,31,37,AStar-AbsHeight,false,true,70,70,true,0.000,36,352,0.5317,0.1023,0.0143,0.516
smooth64,68,60,49,1,42,BranchAndBound,true,true,114,114,true,0.000,71,2815,1.0000,0.0252,0.0000,27.641
smooth64,68,60,49,1,42,AStar-Euclidean,true,true,114,114,true,0.000,73,1862,0.6615,0.0392,0.5175,12.194
smooth64,68,60,49,1,42,AStar-Manhattan,true,true,114,114,true,0.000,71,1437,0.5105,0.0494,0.5789,7.239
smooth64,68,60,49,1,42,AStar-Ascent,true,true,114,114,true,0.000,71,2764,0.9819,0.0257,0.0000,27.089
smooth64,68,60,49,1,42,AStar-Manhattan+Ascent,true,true,114,114,true,0.000,71,1379,0.4899,0.0515,0.5789,6.975
smooth64,68,60,49,1,42,AStar-AbsHeight,false,true,115,114,false,0.877,75,3163,1.1236,0.0237,0.1316,30.360
smooth64,69,59,10,43,44,BranchAndBound,true,true,83,83,true,0.000,51,1499,1.0000,0.0340,0.0000,7.711
smooth64,69,59,10,43,44,AStar-Euclidean,true,true,83,83,true,0.000,51,888,0.5924,0.0574,0.4458,2.776
smooth64,69,59,10,43,44,AStar-Manhattan,true,true,83,83,true,0.000,51,658,0.4390,0.0775,0.6024,1.509
smooth64,69,59,10,43,44,AStar-Ascent,true,true,83,83,true,0.000,51,1487,0.9920,0.0343,0.1566,7.702
smooth64,69,59,10,43,44,AStar-Manhattan+Ascent,true,true,83,83,true,0.000,51,337,0.2248,0.1513,0.7590,0.478
smooth64,69,59,10,43,44,AStar-AbsHeight,false,true,83,83,true,0.000,51,1151,0.7678,0.0443,0.1566,4.752
smooth64,70,59,46,61,8,BranchAndBound,true,true,64,64,true,0.000,41,1925,1.0000,0.0213,0.0000,13.612
smooth64,70,59,46,61,8,AStar-Euclidean,true,true,64,64,true,0.000,41,829,0.4306,0.0495,0.5938,2.598
smooth64,70,59,46,61,8,AStar-Manhattan,true,true,64,64,true,0.000,41,402,0.2088,0.1020,0.6250,0.638
smooth64,70,59,46,61,8,AStar-Ascent,true,true,64,64,true,0.000,41,1831,0.9512,0.0224,0.0000,12.171
smooth64,70,59,46,61,8,AStar-Manhattan+Ascent,true,true,64,64,true,0.000,41,402,0.2088,0.1020,0.6250,0.642
smooth64,70,59,46,61,8,AStar-AbsHeight,false,true,79,64,false,23.438,63,1990,1.0338,0.0317,0.6406,11.937
smooth64,71,51,14,20,61,BranchAndBound,true,true,309,309,true,0.000,79,4089,1.0000,0.0193,0.0000,56.407
smooth64,71,51,14,20,61,AStar-Euclidean,true,true,309,309,true,0.000,79,4081,0.9980,0.0194,0.1812,55.063
smooth64,71,51,14,20,61,AStar-Manhattan,true,true,309,309,true,0.000,79,4079,0.9976,0.0194,0.2524,56.084
smooth64,71,51,14,20,61,AStar-Ascent,true,true,309,309,true,0.000,79,3489,0.8533,0.0226,0.7055,42.309
smooth64,71,51,14,20,61,AStar-Manhattan+Ascent,true,true,309,309,true,0.000,79,1362,0.3331,0.0580,0.9579,6.860
smooth64,71,51,14,20,61,AStar-AbsHeight,false,true,309,309,true,0.000,79,3486,0.8525,0.0227,0.7055,41.097
smooth64,72,20,27,38,11,BranchAndBound,true,true,34,34,true,0.000,35,1151,1.0000,0.0304,0.0000,4.873
smooth64,72,20,27,38,11,AStar-Euclidean,true,true,34,34,true,0.000,35,367,0.3189,0.0954,0.7059,0.555
smooth64,72,20,27,38,11,AStar-Manhattan,true,true,34,34,true,0.000,35,225,0.1955,0.1556,1.0000,0.260
smooth64,72,20,27,38,11,AStar-Ascent,true,true,34,34,true,0.000,35,1151,1.0000,0.0304,0.0000,4.883
smooth64,72,20,27,38,11,AStar-Manhattan+Ascent,true,true,34,34,true,0.000,35,225,0.1955,0.1556,1.0000,0.254
smooth64,72,20,27,38,11,AStar-AbsHeight,false,true,34,34,true,0.000,35,90,0.0782,0.3889,1.7059,0.072
smooth64,73,14,41,54,47,BranchAndBound,true,true,68,68,true,0.000,47,2691,1.0000,0.0175,0.0000,25.626
smooth64,73,14,41,54,47,AStar-Euclidean,true,true,68,68,true,0.000,47,1025,0.3809,0.0459,0.5882,3.888
smooth64,73,14,41,54,47,AStar-Manhattan,true,true,68,68,true,0.000,47,729,0.2709,0.0645,0.6765,1.973
smooth64,73,14,41,54,47,AStar-Ascent,true,true,68,68,true,0.000,47,2127,0.7904,0.0221,0.0000,16.692
smooth64,73,14,41,54,47,AStar-Manhattan+Ascent,true,true,68,68,true,0.000,47,436,0.1620,0.1078,0.6765,0.771
smooth64,73,14,41,54,47,AStar-AbsHeight,false,true,68,68,true,0.000,47,1679,0.6239,0.0280,0.3529,9.518
smooth64,74,33,28,3,42,BranchAndBound,true,true,81,81,true,0.000,45,2920,1.0000,0.0154,0.0000,30.021
smooth64,74,33,28,3,42,AStar-Euclidean,true,true,81,81,true,0.000,45,1246,0.4267,0.0361,0.4074,5.609
smooth64,74,33,28,3,42,AStar-Manhattan,true,true,81,81,true,0.000,45,819,0.2805,0.0549,0.5432,2.343
smooth64,74,33,28,3,42,AStar-Ascent,true,true,81,81,true,0.000,45,2685,0.9195,0.0168,0.1235,25.691
smooth64,74,33,28,3,42,AStar-Manhattan+Ascent,true,true,81,81,true,0.000,45,700,0.2397,0.0643,0.6667,1.721
smooth64,74,33,28,3,42,AStar-AbsHeight,false,true,81,81,true,0.000,45,2377,0.8140,0.0189,0.1235,20.834
smooth64,75,17,0,14,45,BranchAndBound,true,true,92,92,true,0.000,49,2535,1.0000,0.0193,0.0000,22.320
smooth64,75,17,0,14,45,AStar-Euclidean,true,true,92,92,true,0.000,49,1837,0.7247,0.0267,0.4891,12.072
smooth64,75,17,0,14,45,AStar-Manhattan,true,true,92,92,true,0.000,49,1475,0.5819,0.0332,0.5217,7.927
smooth64,75,17,0,14,45,AStar-Ascent,true,true,92,92,true,0.000,49,978,0.3858,0.0501,0.2391,3.564
smooth64,75,17,0,14,45,AStar-Manhattan+Ascent,true,true,92,92,true,0.000,49,462,0.1822,0.1061,0.7609,0.871
smooth64,75,17,0,14,45,AStar-AbsHeight,false,true,92,92,true,0.000,49,978,0.3858,0.0501,0.2391,3.629
smooth64,76,35,62,48,24,BranchAndBound,true,true,74,74,true,0.000,52,1715,1.0000,0.0303,0.0000,11.224
smooth64,76,35,62,48,24,AStar-Euclidean,true,true,74,74,true,0.000,52,1055,0.6152,0.0493,0.5405,4.327
smooth64,76,35,62,48,24,AStar-Manhattan,true,true,74,74,true,0.000,52,887,0.5172,0.0586,0.6892,3.014
smooth64,76,35,62,48,24,AStar-Ascent,true,true,74,74,true,0.000,52,1346,0.7848,0.0386,0.0000,6.508
smooth64,76,35,62,48,24,AStar-Manhattan+Ascent,true,true,74,74,true,0.000,52,479,0.2793,0.1086,0.6892,0.918
smooth64,76,35,62,48,24,AStar-AbsHeight,false,true,74,74,true,0.000,52,1213,0.7073,0.0429,0.3108,4.883
smooth64,77,42,29,51,6,BranchAndBound,true,true,34,34,true,0.000,33,1105,1.0000,0.0299,0.0000,4.626
smooth64,77,42,29,51,6,AStar-Euclidean,true,true,34,34,true,0.000,33,283,0.2561,0.1166,0.7059,0.388
smooth64,77,42,29,51,6,AStar-Manhattan,true,true,34,34,true,0.000,33,122,0.1104,0.2705,0.9412,0.105
smooth64,77,42,29,51,6,AStar-Ascent,true,true,34,34,true,0.000,33,1069,0.9674,0.0309,0.0000,4.533
smooth64,77,42,29,51,6,AStar-Manhattan+Ascent,true,true,34,34,true,0.000,33,113,0.1023,0.2920,0.9412,0.099
smooth64,77,42,29,51,6,AStar-AbsHeight,false,true,36,34,false,5.882,35,365,0.3303,0.0959,1.0588,0.556
smooth64,78,34,59,54,40,BranchAndBound,true,true,68,68,true,0.000,40,1779,1.0000,0.0225,0.0000,12.015
smooth64,78,34,59,54,40,AStar-Euclidean,true,true,68,68,true,0.000,40,1059,0.5953,0.0378,0.3971,3.922
smooth64,78,34,59,54,40,AStar-Manhattan,true,true,68,68,true,0.000,40,925,0.5200,0.0432,0.5735,3.066
smooth64,78,34,59,54,40,AStar-Ascent,true,true,68,68,true,0.000,40,1040,0.5846,0.0385,0.0000,3.837
smooth64,78,34,59,54,40,AStar-Manhattan+Ascent,true,true,68,68,true,0.000,40,308,0.1731,0.1299,0.5735,0.436
smooth64,78,34,59,54,40,AStar-AbsHeight,false,true,68,68,true,0.000,40,980,0.5509,0.0408,0.3971,3.380
smooth64,79,61,38,23,3,BranchAndBound,true,true,106,106,true,0.000,74,2760,1.0000,0.0268,0.0000,26.710
smooth64,79,61,38,23,3,AStar-Euclidean,true,true,106,106,true,0.000,74,2331,0.8446,0.0317,0.4811,20.050
smooth64,79,61,38,23,3,AStar-Manhattan,true,true,106,106,true,0.000,74,2075,0.7518,0.0357,0.6887,14.790
smooth64,79,61,38,23,3,AStar-Ascent,true,true,106,106,true,0.000,74,2519,0.9127,0.0294,0.0000,21.966
smooth64,79,61,38,23,3,AStar-Manhattan+Ascent,true,true,106,106,true,0.000,74,1244,0.4507,0.0595,0.6887,5.496
smooth64,79,61,38,23,3,AStar-AbsHeight,false,true,106,106,true,0.000,74,2433,0.8815,0.0304,0.0660,19.783
smooth64,80,36,60,55,25,BranchAndBound,true,true,94,94,true,0.000,55,2563,1.0000,0.0215,0.0000,23.941
smooth64,80,36,60,55,25,AStar-Euclidean,true,true,94,94,true,0.000,55,1863,0.7269,0.0295,0.4149,12.305
smooth64,80,36,60,55,25,AStar-Manhattan,true,true,94,94,true,0.000,55,1630,0.6360,0.0337,0.5745,9.576
smooth64,80,36,60,55,25,AStar-Ascent,true,true,94,94,true,0.000,55,1784,0.6961,0.0308,0.0638,11.001
smooth64,80,36,60,55,25,AStar-Manhattan+Ascent,true,true,94,94,true,0.000,55,562,0.2193,0.0979,0.6383,1.336
smooth64,80,36,60,55,25,AStar-AbsHeight,false,true,94,94,true,0.000,55,1702,0.6641,0.0323,0.0638,10.134
smooth64,81,29,61,16,26,BranchAndBound,true,true,95,95,true,0.000,49,2986,1.0000,0.0164,0.0000,31.268
smooth64,81,29,61,16,26,AStar-Euclidean,true,true,95,95,true,0.000,49,1870,0.6263,0.0262,0.3895,12.585
smooth64,81,29,61,16,26,AStar-Manhattan,true,true,95,95,true,0.000,49,1497,0.5013,0.0327,0.5053,8.223
smooth64,81,29,61,16,26,AStar-Ascent,true,true,95,95,true,0.000,49,1579,0.5288,0.0310,0.0000,8.945
smooth64,81,29,61,16,26,AStar-Manhattan+Ascent,true,true,95,95,true,0.000,49,436,0.1460,0.1124,0.5053,0.774
smooth64,81,29,61,16,26,AStar-AbsHeight,false,true,95,95,true,0.000,49,1677,0.5616,0.0292,0.8000,7.360
smooth64,82,49,54,10,33,BranchAndBound,true,true,110,110,true,0.000,61,2747,1.0000,0.0222,0.0000,25.992
smooth64,82,49,54,10,33,AStar-Euclidean,true,true,110,110,true,0.000,61,1878,0.6837,0.0325,0.4000,12.615
smooth64,82,49,54,10,33,AStar-Manhattan,true,true,110,110,true,0.000,61,1574,0.5730,0.0388,0.5455,8.912
smooth64,82,49,54,10,33,AStar-Ascent,true,true,110,110,true,0.000,61,2015,0.7335,0.0303,0.3909,14.237
smooth64,82,49,54,10,33,AStar-Manhattan+Ascent,true,true,110,110,true,0.000,61,733,0.2668,0.0832,0.9364,2.008
smooth64,82,49,54,10,33,AStar-AbsHeight,false,true,110,110,true,0.000,61,1958,0.7128,0.0312,0.3909,13.489
smooth64,83,2,6,50,47,BranchAndBound,true,true,130,130,true,0.000,90,2989,1.0000,0.0301,0.0000,30.483
smooth64,83,2,6,50,47,AStar-Euclidean,true,true,130,130,true,0.000,90,2378,0.7956,0.0378,0.4846,19.628
smooth64,83,2,6,50,47,AStar-Manhattan,true,true,130,130,true,0.000,90,2194,0.7340,0.0410,0.6846,16.766
smooth64,83,2,6,50,47,AStar-Ascent,true,true,130,130,true,0.000,90,2711,0.9070,0.0332,0.0000,24.243
smooth64,83,2,6,50,47,AStar-Manhattan+Ascent,true,true,130,130,true,0.000,90,1634,0.5467,0.0551,0.6846,9.141
smooth64,83,2,6,50,47,AStar-AbsHeight,false,true,130,130,true,0.000,90,5427,1.8157,0.0166,0.1385,49.527
smooth64,84,29,57,42,23,BranchAndBound,true,true,52,52,true,0.000,48,1358,1.0000,0.0353,0.0000,6.731
smooth64,84,29,57,42,23,AStar-Euclidean,true,true,52,52,true,0.000,48,693,0.5103,0.0693,0.6923,1.844
smooth64,84,29,57,42,23,AStar-Manhattan,true,true,52,52,true,0.000,48,558,0.4109,0.0860,0.9038,1.234
smooth64,84,29,57,42,23,AStar-Ascent,true,true,52,52,true,0.000,48,1246,0.9175,0.0385,0.0000,5.751
smooth64,84,29,57,42,23,AStar-Manhattan+Ascent,true,true,52,52,true,0.000,48,525,0.3866,0.0914,0.9038,1.158
smooth64,84,29,57,42,23,AStar-AbsHeight,false,true,52,52,true,0.000,48,989,0.7283,0.0485,2.3654,3.144
smooth64,85,59,48,29,41,BranchAndBound,true,true,52,52,true,0.000,38,1312,1.0000,0.0290,0.0000,6.226
smooth64,85,59,48,29,41,AStar-Euclidean,true,true,52,52,true,0.000,38,728,0.5549,0.0522,0.5769,1.898
smooth64,85,59,48,29,41,AStar-Manhattan,true,true,52,52,true,0.000,38,520,0.3963,0.0731,0.7115,1.011
smooth64,85,59,48,29,41,AStar-Ascent,true,true,52,52,true,0.000,38,1062,0.8095,0.0358,0.0000,4.108
smooth64,85,59,48,29,41,AStar-Manhattan+Ascent,true,true,52,52,true,0.000,38,339,0.2584,0.1121,0.7115,0.478
smooth64,85,59,48,29,41,AStar-AbsHeight,false,true,52,52,true,0.000,38,885,0.6745,0.0429,0.1154,2.783
smooth64,86,43,38,18,56,BranchAndBound,true,true,242,242,true,0.000,44,4037,1.0000,0.0109,0.0000,54.606
smooth64,86,43,38,18,56,AStar-Euclidean,true,true,242,242,true,0.000,44,4029,0.9980,0.0109,0.1240,54.537
smooth64,86,43,38,18,56,AStar-Manhattan,true,true,242,242,true,0.000,44,4023,0.9965,0.0109,0.1777,55.352
smooth64,86,43,38,18,56,AStar-Ascent,true,true,242,242,true,0.000,44,2192,0.5430,0.0201,0.7975,17.102
smooth64,86,43,38,18,56,AStar-Manhattan+Ascent,true,true,242,242,true,0.000,44,365,0.0904,0.1205,0.9752,0.606
smooth64,86,43,38,18,56,AStar-AbsHeight,false,true,242,242,true,0.000,44,2189,0.5422,0.0201,0.7975,17.191
smooth64,87,40,58,17,34,BranchAndBound,true,true,86,86,true,0.000,48,2324,1.0000,0.0207,0.0000,18.952
smooth64,87,40,58,17,34,AStar-Euclidean,true,true,86,86,true,0.000,48,1363,0.5865,0.0352,0.3837,6.863
smooth64,87,40,58,17,34,AStar-Manhattan,true,true,86,86,true,0.000,48,1055,0.4540,0.0455,0.5465,3.911
smooth64,87,40,58,17,34,AStar-Ascent,true,true,86,86,true,0.000,48,1559,0.6708,0.0308,0.3837,8.476
smooth64,87,40,58,17,34,AStar-Manhattan+Ascent,true,true,86,86,true,0.000,48,371,0.1596,0.1294,0.9302,0.609
smooth64,87,40,58,17,34,AStar-AbsHeight,false,true,86,86,true,0.000,48,1497,0.6441,0.0321,0.3837,7.873
smooth64,88,20,49,54,19,BranchAndBound,true,true,94,94,true,0.000,65,3803,1.0000,0.0171,0.0000,49.617
smooth64,88,20,49,54,19,AStar-Euclidean,true,true,94,94,true,0.000,65,2667,0.7013,0.0244,0.4787,25.835
smooth64,88,20,49,54,19,AStar-Manhattan,true,true,94,94,true,0.000,65,2170,0.5706,0.0300,0.6809,17.131
smooth64,88,20,49,54,19,AStar-Ascent,true,true,94,94,true,0.000,65,3347,0.8801,0.0194,0.0000,38.466
smooth64,88,20,49,54,19,AStar-Manhattan+Ascent,true,true,94,94,true,0.000,65,1596,0.4197,0.0407,0.6809,9.497
smooth64,88,20,49,54,19,AStar-AbsHeight,false,true,94,94,true,0.000,65,4703,1.2367,0.0138,1.0213,45.565
smooth64,89,21,25,42,40,BranchAndBound,true,true,41,41,true,0.000,37,1447,1.0000,0.0256,0.0000,7.667
smooth64,89,21,25,42,40,AStar-Euclidean,true,true,41,41,true,0.000,37,499,0.3449,0.0741,0.6098,0.995
smooth64,89,21,25,42,40,AStar-Manhattan,true,true,41,41,true,0.000,37,373,0.2578,0.0992,0.8780,0.596
smooth64,89,21,25,42,40,AStar-Ascent,true,true,41,41,true,0.000,37,1252,0.8652,0.0296,0.0000,5.891
smooth64,89,21,25,42,40,AStar-Manhattan+Ascent,true,true,41,41,true,0.000,37,322,0.2225,0.1149,0.8780,0.469
smooth64,89,21,25,42,40,AStar-AbsHeight,false,true,41,41,true,0.000,37,710,0.4907,0.0521,0.7561,1.964
smooth64,90,13,63,60,48,BranchAndBound,true,true,107,107,true,0.000,73,3498,1.0000,0.0209,0.0000,41.088
smooth64,90,13,63,60,48,AStar-Euclidean,true,true,107,107,true,0.000,73,1935,0.5532,0.0377,0.4579,13.054
smooth64,90,13,63,60,48,AStar-Manhattan,true,true,107,107,true,0.000,73,1488,0.4254,0.0491,0.5794,7.792
smooth64,90,13,63,60,48,AStar-Ascent,true,true,107,107,true,0.000,67,2884,0.8245,0.0232,0.0000,28.842
smooth64,90,13,63,60,48,AStar-Manhattan+Ascent,true,true,107,107,true,0.000,67,1037,0.2965,0.0646,0.5794,3.876
smooth64,90,13,63,60,48,AStar-AbsHeight,false,true,123,107,false,14.953,87,5193,1.4846,0.0168,1.3645,42.378
smooth64,91,61,25,29,8,BranchAndBound,true,true,57,57,true,0.000,50,2082,1.0000,0.0240,0.0000,14.340
smooth64,91,61,25,29,8,AStar-Euclidean,true,true,57,57,true,0.000,50,1123,0.5394,0.0445,0.6316,4.438
smooth64,91,61,25,29,8,AStar-Manhattan,true,true,57,57,true,0.000,50,815,0.3915,0.0613,0.8596,2.365
smooth64,91,61,25,29,8,AStar-Ascent,true,true,57,57,true,0.000,50,1766,0.8482,0.0283,0.0000,11.191
smooth64,91,61,25,29,8,AStar-Manhattan+Ascent,true,true,57,57,true,0.000,50,559,0.2685,0.0894,0.8596,1.142
smooth64,91,61,25,29,8,AStar-AbsHeight,false,true,57,57,true,0.000,50,4321,2.0754,0.0116,0.8596,28.874
smooth64,92,31,5,9,37,BranchAndBound,true,true,104,104,true,0.000,55,2660,1.0000,0.0207,0.0000,25.246
smooth64,92,31,5,9,37,AStar-Euclidean,true,true,104,104,true,0.000,55,1498,0.5632,0.0367,0.3654,8.227
smooth64,92,31,5,9,37,AStar-Manhattan,true,true,104,104,true,0.000,55,1194,0.4489,0.0461,0.5192,5.370
smooth64,92,31,5,9,37,AStar-Ascent,true,true,104,104,true,0.000,55,2258,0.8489,0.0244,0.4231,18.272
smooth64,92,31,5,9,37,AStar-Manhattan+Ascent,true,true,104,104,true,0.000,55,484,0.1820,0.1136,0.9423,0.961
smooth64,92,31,5,9,37,AStar-AbsHeight,false,true,104,104,true,0.000,55,1994,0.7496,0.0276,0.4231,14.447
smooth64,93,5,41,52,31,BranchAndBound,true,true,110,110,true,0.000,58,3275,1.0000,0.0177,0.0000,37.134
smooth64,93,5,41,52,31,AStar-Euclidean,true,true,110,110,true,0.000,58,1929,0.5890,0.0301,0.4364,13.442
smooth64,93,5,41,52,31,AStar-Manhattan,true,true,110,110,true,0.000,58,1528,0.4666,0.0380,0.5182,8.046
smooth64,93,5,41,52,31,AStar-Ascent,true,true,110,110,true,0.000,58,2314,0.7066,0.0251,0.1364,18.858
smooth64,93,5,41,52,31,AStar-Manhattan+Ascent,true,true,110,110,true,0.000,58,823,0.2513,0.0705,0.6545,2.530
smooth64,93,5,41,52,31,AStar-AbsHeight,false,true,110,110,true,0.000,58,2096,0.6400,0.0277,0.1364,15.960
smooth64,94,20,36,61,51,BranchAndBound,true,true,74,74,true,0.000,57,3053,1.0000,0.0187,0.0000,33.123
smooth64,94,20,36,61,51,AStar-Euclidean,true,true,74,74,true,0.000,57,1154,0.3780,0.0494,0.5811,4.992
smooth64,94,20,36,61,51,AStar-Manhattan,true,true,74,74,true,0.000,57,690,0.2260,0.0826,0.7568,1.840
smooth64,94,20,36,61,51,AStar-Ascent,true,true,74,74,true,0.000,57,2549,0.8349,0.0224,0.0000,23.202
smooth64,94,20,36,61,51,AStar-Manhattan+Ascent,true,true,74,74,true,0.000,57,523,0.1713,0.1090,0.7568,1.072
smooth64,94,20,36,61,51,AStar-AbsHeight,false,true,74,74,true,0.000,57,1916,0.6276,0.0297,0.2432,13.295
smooth64,95,1,51,16,0,BranchAndBound,true,true,126,126,true,0.000,67,2817,1.0000,0.0238,0.0000,27.550
smooth64,95,1,51,16,0,AStar-Euclidean,true,true,126,126,true,0.000,67,1611,0.5719,0.0416,0.4206,9.572
smooth64,95,1,51,16,0,AStar-Manhattan,true,true,126,126,true,0.000,67,1247,0.4427,0.0537,0.5238,5.668
smooth64,95,1,51,16,0,AStar-Ascent,true,true,126,126,true,0.000,67,1517,0.5385,0.0442,0.2460,8.450
smooth64,95,1,51,16,0,AStar-Manhattan+Ascent,true,true,126,126,true,0.000,67,924,0.3280,0.0725,0.7698,3.297
smooth64,95,1,51,16,0,AStar-AbsHeight,false,true,128,126,false,1.587,69,1377,0.4888,0.0501,0.2460,7.289
smooth64,96,62,31,22,3,BranchAndBound,true,true,105,105,true,0.000,69,2735,1.0000,0.0252,0.0000,26.958
smooth64,96,62,31,22,3,AStar-Euclidean,true,true,105,105,true,0.000,69,2254,0.8241,0.0306,0.4571,18.398
smooth64,96,62,31,22,3,AStar-Manhattan,true,true,105,105,true,0.000,69,1936,0.7079,0.0356,0.6476,12.915
smooth64,96,62,31,22,3,AStar-Ascent,true,true,105,105,true,0.000,69,2572,0.9404,0.0268,0.0000,23.342
smooth64,96,62,31,22,3,AStar-Manhattan+Ascent,true,true,105,105,true,0.000,69,1076,0.3934,0.0641,0.6476,3.905
smooth64,96,62,31,22,3,AStar-AbsHeight,false,true,105,105,true,0.000,69,2432,0.8892,0.0284,0.1143,20.659
smooth64,97,61,34,52,2,BranchAndBound,true,true,45,45,true,0.000,42,1688,1.0000,0.0249,0.0000,10.401
smooth64,97,61,34,52,2,AStar-Euclidean,true,true,45,45,true,0.000,42,383,0.2269,0.1097,0.7333,0.655
smooth64,97,61,34,52,2,AStar-Manhattan,true,true,45,45,true,0.000,42,111,0.0658,0.3784,0.9111,0.092
smooth64,97,61,34,52,2,AStar-Ascent,true,true,45,45,true,0.000,42,1679,0.9947,0.0250,0.0000,10.344
smooth64,97,61,34,52,2,AStar-Manhattan+Ascent,true,true,45,45,true,0.000,42,111,0.0658,0.3784,0.9111,0.096
smooth64,97,61,34,52,2,AStar-AbsHeight,false,true,68,45,false,51.111,68,2243,1.3288,0.0303,1.6222,8.084
smooth64,98,24,40,57,27,BranchAndBound,true,true,91,91,true,0.000,47,3490,1.0000,0.0135,0.0000,43.140
smooth64,98,24,40,57,27,AStar-Euclidean,true,true,91,91,true,0.000,47,2382,0.6825,0.0197,0.3846,21.058
smooth64,98,24,40,57,27,AStar-Manhattan,true,true,91,91,true,0.000,47,1953,0.5596,0.0241,0.5055,13.742
smooth64,98,24,40,57,27,AStar-Ascent,true,true,91,91,true,0.000,47,2520,0.7221,0.0187,0.1978,23.012
smooth64,98,24,40,57,27,AStar-Manhattan+Ascent,true,true,91,91,true,0.000,47,734,0.2103,0.0640,0.7033,2.082
smooth64,98,24,40,57,27,AStar-AbsHeight,false,true,91,91,true,0.000,47,2296,0.6579,0.0205,0.1978,19.352
smooth64,99,47,41,57,15,BranchAndBound,true,true,61,61,true,0.000,37,2180,1.0000,0.0170,0.0000,17.299
smooth64,99,47,41,57,15,AStar-Euclidean,true,true,61,61,true,0.000,37,1198,0.5495,0.0309,0.4426,5.562
smooth64,99,47,41,57,15,AStar-Manhattan,true,true,61,61,true,0.000,37,915,0.4197,0.0404,0.5902,3.134
smooth64,99,47,41,57,15,AStar-Ascent,true,true,61,61,true,0.000,37,1673,0.7674,0.0221,0.0000,10.579
smooth64,99,47,41,57,15,AStar-Manhattan+Ascent,true,true,61,61,true,0.000,37,549,0.2518,0.0674,0.5902,1.191
smooth64,99,47,41,57,15,AStar-AbsHeight,false,true,61,61,true,0.000,37,1464,0.6716,0.0253,0.0492,7.955
rolling64,0,55,10,20,46,BranchAndBound,true,true,226,226,true,0.000,72,3616,1.0000,0.0199,0.0000,45.002
rolling64,0,55,10,20,46,AStar-Euclidean,true,true,226,226,true,0.000,72,3160,0.8739,0.0228,0.2212,34.700
rolling64,0,55,10,20,46,AStar-Manhattan,true,true,226,226,true,0.000,72,2921,0.8078,0.0246,0.3142,29.696
rolling64,0,55,10,20,46,AStar-Ascent,true,true,226,226,true,0.000,72,2394,0.6621,0.0301,0.2434,20.463
rolling64,0,55,10,20,46,AStar-Manhattan+Ascent,true,true,226,226,true,0.000,72,1782,0.4928,0.0404,0.5575,11.961
rolling64,0,55,10,20,46,AStar-AbsHeight,false,true,226,226,true,0.000,72,2542,0.7030,0.0283,0.2434,22.227
rolling64,1,63,2,12,10,BranchAndBound,true,true,223,223,true,0.000,64,1914,1.0000,0.0334,0.0000,13.182
rolling64,1,63,2,12,10,AStar-Euclidean,true,true,223,223,true,0.000,64,1168,0.6102,0.0548,0.2287,4.779
rolling64,1,63,2,12,10,AStar-Manhattan,true,true,223,223,true,0.000,64,976,0.5099,0.0656,0.2646,3.314
rolling64,1,63,2,12,10,AStar-Ascent,true,true,223,223,true,0.000,64,1798,0.9394,0.0356,0.2332,11.390
rolling64,1,63,2,12,10,AStar-Manhattan+Ascent,true,true,223,223,true,0.000,64,889,0.4645,0.0720,0.4978,2.665
rolling64,1,63,2,12,10,AStar-AbsHeight,false,true,223,223,true,0.000,64,1066,0.5569,0.0600,0.2332,3.832
rolling64,2,54,46,12,44,BranchAndBound,true,true,173,173,true,0.000,63,2979,1.0000,0.0211,0.0000,30.682
rolling64,2,54,46,12,44,AStar-Euclidean,true,true,173,173,true,0.000,63,2243,0.7529,0.0281,0.2428,17.491
rolling64,2,54,46,12,44,AStar-Manhattan,true,true,173,173,true,0.000,63,2049,0.6878,0.0307,0.2543,14.616
rolling64,2,54,46,12,44,AStar-Ascent,true,true,173,173,true,0.000,63,2578,0.8654,0.0244,0.0000,23.447
rolling64,2,54,46,12,44,AStar-Manhattan+Ascent,true,true,173,173,true,0.000,63,1732,0.5814,0.0364,0.2543,10.916
rolling64,2,54,46,12,44,AStar-AbsHeight,false,true,182,173,false,5.202,65,4096,1.3750,0.0159,0.0694,34.490
rolling64,3,37,47,11,55,BranchAndBound,true,true,54,54,true,0.000,35,2117,1.0000,0.0165,0.0000,15.883
rolling64,3,37,47,11,55,AStar-Euclidean,true,true,54,54,true,0.000,35,987,0.4662,0.0355,0.5000,3.530
rolling64,3,37,47,11,55,AStar-Manhattan,true,true,54,54,true,0.000,35,756,0.3571,0.0463,0.6296,2.066
rolling64,3,37,47,11,55,AStar-Ascent,true,true,54,54,true,0.000,35,1674,0.7907,0.0209,0.0000,10.445
rolling64,3,37,47,11,55,AStar-Manhattan+Ascent,true,true,54,54,true,0.000,35,562,0.2655,0.0623,0.6296,1.212
rolling64,3,37,47,11,55,AStar-AbsHeight,false,true,71,54,false,31.481,37,344,0.1625,0.1076,3.0556,0.475
rolling64,4,8,10,20,40,BranchAndBound,true,true,207,207,true,0.000,49,3007,1.0000,0.0163,0.0000,32.085
rolling64,4,8,10,20,40,AStar-Euclidean,true,true,207,207,true,0.000,49,2330,0.7749,0.0210,0.1546,19.155
rolling64,4,8,10,20,40,AStar-Manhattan,true,true,207,207,true,0.000,49,2194,0.7296,0.0223,0.2029,17.032
rolling64,4,8,10,20,40,AStar-Ascent,true,true,207,207,true,0.000,53,1573,0.5231,0.0337,0.4686,8.834
rolling64,4,8,10,20,40,AStar-Manhattan+Ascent,true,true,207,207,true,0.000,53,998,0.3319,0.0531,0.6715,3.664
rolling64,4,8,10,20,40,AStar-AbsHeight,false,true,207,207,true,0.000,53,1547,0.5145,0.0343,0.4686,8.673
rolling64,5,10,8,21,29,BranchAndBound,true,true,80,80,true,0.000,33,819,1.0000,0.0403,0.0000,2.307
rolling64,5,10,8,21,29,AStar-Euclidean,true,true,80,80,true,0.000,33,701,0.8559,0.0471,0.2875,1.712
rolling64,5,10,8,21,29,AStar-Manhattan,true,true,80,80,true,0.000,33,668,0.8156,0.0494,0.4000,1.575
rolling64,5,10,8,21,29,AStar-Ascent,true,true,80,80,true,0.000,33,807,0.9853,0.0409,0.0000,2.276
rolling64,5,10,8,21,29,AStar-Manhattan+Ascent,true,true,80,80,true,0.000,33,594,0.7253,0.0556,0.4000,1.300
rolling64,5,10,8,21,29,AStar-AbsHeight,false,true,82,80,false,2.500,33,1105,1.3492,0.0299,0.4375,2.499
rolling64,6,45,59,16,18,BranchAndBound,true,true,145,145,true,0.000,71,2642,1.0000,0.0269,0.0000,24.172
rolling64,6,45,59,16,18,AStar-Euclidean,true,true,145,145,true,0.000,71,1851,0.7006,0.0384,0.3448,12.289
rolling64,6,45,59,16,18,AStar-Manhattan,true,true,145,145,true,0.000,71,1651,0.6249,0.0430,0.4828,9.961
rolling64,6,45,59,16,18,AStar-Ascent,true,true,145,145,true,0.000,71,2533,0.9587,0.0280,0.0000,22.720
rolling64,6,45,59,16,18,AStar-Manhattan+Ascent,true,true,145,145,true,0.000,71,1617,0.6120,0.0439,0.4828,9.631
rolling64,6,45,59,16,18,AStar-AbsHeight,false,true,146,145,false,0.690,73,6413,2.4273,0.0114,0.4897,59.790
rolling64,7,42,9,9,58,BranchAndBound,true,true,204,204,true,0.000,85,3935,1.0000,0.0216,0.0000,51.380
rolling64,7,42,9,9,58,AStar-Euclidean,true,true,204,204,true,0.000,85,3405,0.8653,0.0250,0.2892,38.840
rolling64,7,42,9,9,58,AStar-Manhattan,true,true,204,204,true,0.000,85,3253,0.8267,0.0261,0.4020,36.272
rolling64,7,42,9,9,58,AStar-Ascent,true,true,204,204,true,0.000,85,3788,0.9626,0.0224,0.0000,48.844
rolling64,7,42,9,9,58,AStar-Manhattan+Ascent,true,true,204,204,true,0.000,85,3181,0.8084,0.0267,0.4020,36.012
rolling64,7,42,9,9,58,AStar-AbsHeight,false,true,226,204,false,10.784,97,7906,2.0091,0.0123,0.5000,74.806
rolling64,8,55,27,30,8,BranchAndBound,true,true,137,137,true,0.000,53,2523,1.0000,0.0210,0.0000,22.504
rolling64,8,55,27,30,8,AStar-Euclidean,true,true,137,137,true,0.000,53,1752,0.6944,0.0303,0.2263,10.930
rolling64,8,55,27,30,8,AStar-Manhattan,true,true,137,137,true,0.000,53,1532,0.6072,0.0346,0.3212,8.360
rolling64,8,55,27,30,8,AStar-Ascent,true,true,137,137,true,0.000,53,2158,0.8553,0.0246,0.0000,16.713
rolling64,8,55,27,30,8,AStar-Manhattan+Ascent,true,true,137,137,true,0.000,53,1303,0.5164,0.0407,0.3212,6.352
rolling64,8,55,27,30,8,AStar-AbsHeight,false,true,157,137,false,14.599,59,2316,0.9180,0.0255,0.1241,15.755
rolling64,9,56,20,12,63,BranchAndBound,true,true,211,211,true,0.000,88,3576,1.0000,0.0246,0.0000,43.632
rolling64,9,56,20,12,63,AStar-Euclidean,true,true,211,211,true,0.000,88,2589,0.7240,0.0340,0.2891,23.463
rolling64,9,56,20,12,63,AStar-Manhattan,true,true,211,211,true,0.000,88,2224,0.6219,0.0396,0.4123,16.943
rolling64,9,56,20,12,63,AStar-Ascent,true,true,211,211,true,0.000,88,3576,1.0000,0.0246,0.0000,43.669
rolling64,9,56,20,12,63,AStar-Manhattan+Ascent,true,true,211,211,true,0.000,88,2223,0.6216,0.0396,0.4123,17.442
rolling64,9,56,20,12,63,AStar-AbsHeight,false,true,265,211,false,25.592,112,5356,1.4978,0.0209,0.2654,54.415
rolling64,10,46,19,62,60,BranchAndBound,true,true,102,102,true,0.000,58,2959,1.0000,0.0196,0.0000,30.764
rolling64,10,46,19,62,60,AStar-Euclidean,true,true,102,102,true,0.000,58,1954,0.6604,0.0297,0.4314,13.590
rolling64,10,46,19,62,60,AStar-Manhattan,true,true,102,102,true,0.000,58,1398,0.4725,0.0415,0.5588,7.325
rolling64,10,46,19,62,60,AStar-Ascent,true,true,102,102,true,0.000,58,2820,0.9530,0.0206,0.0000,28.294
rolling64,10,46,19,62,60,AStar-Manhattan+Ascent,true,true,102,102,true,0.000,58,1345,0.4545,0.0431,0.5588,6.807
rolling64,10,46,19,62,60,AStar-AbsHeight,false,true,115,102,false,12.745,58,6628,2.2399,0.0088,1.6176,58.162
rolling64,11,17,37,11,0,BranchAndBound,true,true,129,129,true,0.000,50,2375,1.0000,0.0211,0.0000,20.911
rolling64,11,17,37,11,0,AStar-Euclidean,true,true,129,129,true,0.000,50,1670,0.7032,0.0299,0.2868,10.401
rolling64,11,17,37,11,0,AStar-Manhattan,true,true,129,129,true,0.000,50,1447,0.6093,0.0346,0.3333,7.996
rolling64,11,17,37,11,0,AStar-Ascent,true,true,129,129,true,0.000,50,2316,0.9752,0.0216,0.0000,19.882
rolling64,11,17,37,11,0,AStar-Manhattan+Ascent,true,true,129,129,true,0.000,50,1332,0.5608,0.0375,0.3333,6.615
rolling64,11,17,37,11,0,AStar-AbsHeight,false,true,130,129,false,0.775,56,2489,1.0480,0.0225,0.2713,17.377
rolling64,12,13,20,63,22,BranchAndBound,true,true,178,178,true,0.000,65,2680,1.0000,0.0243,0.0000,24.972
rolling64,12,13,20,63,22,AStar-Euclidean,true,true,178,178,true,0.000,67,1859,0.6937,0.0360,0.2809,12.188
rolling64,12,13,20,63,22,AStar-Manhattan,true,true,178,178,true,0.000,65,1693,0.6317,0.0384,0.2921,10.289
rolling64,12,13,20,63,22,AStar-Ascent,true,true,178,178,true,0.000,65,2642,0.9858,0.0246,0.0112,24.146
rolling64,12,13,20,63,22,AStar-Manhattan+Ascent,true,true,178,178,true,0.000,65,1654,0.6172,0.0393,0.3034,9.676
rolling64,12,13,20,63,22,AStar-AbsHeight,false,true,188,178,false,5.618,67,2992,1.1164,0.0224,0.0112,26.942
rolling64,13,9,38,25,1,BranchAndBound,true,true,118,118,true,0.000,54,1779,1.0000,0.0304,0.0000,11.626
rolling64,13,9,38,25,1,AStar-Euclidean,true,true,118,118,true,0.000,54,972,0.5464,0.0556,0.3390,3.659
rolling64,13,9,38,25,1,AStar-Manhattan,true,true,118,118,true,0.000,54,778,0.4373,0.0694,0.4492,2.430
rolling64,13,9,38,25,1,AStar-Ascent,true,true,118,118,true,0.000,54,1776,0.9983,0.0304,0.0000,11.744
rolling64,13,9,38,25,1,AStar-Manhattan+Ascent,true,true,118,118,true,0.000,54,774,0.4351,0.0698,0.4492,2.387
rolling64,13,9,38,25,1,AStar-AbsHeight,false,true,120,118,false,1.695,54,1262,0.7094,0.0428,0.2373,4.479
rolling64,14,60,40,17,34,BranchAndBound,true,true,170,170,true,0.000,54,1929,1.0000,0.0280,0.0000,12.954
rolling64,14,60,40,17,34,AStar-Euclidean,true,true,170,170,true,0.000,54,1544,0.8004,0.0350,0.2529,8.185
rolling64,14,60,40,17,34,AStar-Manhattan,true,true,170,170,true,0.000,54,1262,0.6542,0.0428,0.2882,5.322
rolling64,14,60,40,17,34,AStar-Ascent,true,true,170,170,true,0.000,54,1837,0.9523,0.0294,0.0000,11.511
rolling64,14,60,40,17,34,AStar-Manhattan+Ascent,true,true,170,170,true,0.000,54,1222,0.6335,0.0442,0.2882,5.284
rolling64,14,60,40,17,34,AStar-AbsHeight,false,true,174,170,false,2.353,60,1470,0.7621,0.0408,0.0235,6.144
rolling64,15,51,30,33,1,BranchAndBound,true,true,122,122,true,0.000,50,2724,1.0000,0.0184,0.0000,26.215
rolling64,15,51,30,33,1,AStar-Euclidean,true,true,122,122,true,0.000,50,1645,0.6039,0.0304,0.2787,9.725
rolling64,15,51,30,33,1,AStar-Manhattan,true,true,122,122,true,0.000,50,1394,0.5117,0.0359,0.3852,7.138
rolling64,15,51,30,33,1,AStar-Ascent,true,true,122,122,true,0.000,50,2635,0.9673,0.0190,0.0000,24.256
rolling64,15,51,30,33,1,AStar-Manhattan+Ascent,true,true,122,122,true,0.000,50,1394,0.5117,0.0359,0.3852,7.241
rolling64,15,51,30,33,1,AStar-AbsHeight,false,true,139,122,false,13.934,74,3796,1.3935,0.0195,0.6721,20.301
rolling64,16,2,48,36,57,BranchAndBound,true,true,149,149,true,0.000,46,1514,1.0000,0.0304,0.0000,8.242
rolling64,16,2,48,36,57,AStar-Euclidean,true,true,149,149,true,0.000,46,967,0.6387,0.0476,0.2349,3.220
rolling64,16,2,48,36,57,AStar-Manhattan,true,true,149,149,true,0.000,46,883,0.5832,0.0521,0.2886,2.692
rolling64,16,2,48,36,57,AStar-Ascent,true,true,149,149,true,0.000,46,1181,0.7801,0.0390,0.3020,4.983
rolling64,16,2,48,36,57,AStar-Manhattan+Ascent,true,true,149,149,true,0.000,46,636,0.4201,0.0723,0.5906,1.455
rolling64,16,2,48,36,57,AStar-AbsHeight,false,true,149,149,true,0.000,46,1086,0.7173,0.0424,0.3020,4.202
rolling64,17,38,48,48,26,BranchAndBound,true,true,42,42,true,0.000,33,1579,1.0000,0.0209,0.0000,9.157
rolling64,17,38,48,48,26,AStar-Euclidean,true,true,42,42,true,0.000,33,599,0.3794,0.0551,0.5714,1.386
rolling64,17,38,48,48,26,AStar-Manhattan,true,true,42,42,true,0.000,33,400,0.2533,0.0825,0.7619,0.677
rolling64,17,38,48,48,26,AStar-Ascent,true,true,42,42,true,0.000,33,702,0.4446,0.0470,0.0000,1.876
rolling64,17,38,48,48,26,AStar-Manhattan+Ascent,true,true,42,42,true,0.000,33,270,0.1710,0.1222,0.7619,0.346
rolling64,17,38,48,48,26,AStar-AbsHeight,false,true,67,42,false,59.524,37,2143,1.3572,0.0173,2.6905,7.443
rolling64,18,28,39,45,15,BranchAndBound,true,true,199,199,true,0.000,44,4068,1.0000,0.0108,0.0000,57.402
rolling64,18,28,39,45,15,AStar-Euclidean,true,true,199,199,true,0.000,44,4059,0.9978,0.0108,0.1457,56.446
rolling64,18,28,39,45,15,AStar-Manhattan,true,true,199,199,true,0.000,44,4058,0.9975,0.0108,0.2060,57.381
rolling64,18,28,39,45,15,AStar-Ascent,true,true,199,199,true,0.000,44,1309,0.3218,0.0336,0.5226,6.526
rolling64,18,28,39,45,15,AStar-Manhattan+Ascent,true,true,199,199,true,0.000,44,785,0.1930,0.0561,0.7286,2.497
rolling64,18,28,39,45,15,AStar-AbsHeight,false,true,199,199,true,0.000,44,1308,0.3215,0.0336,0.5226,6.560
rolling64,19,19,57,55,24,BranchAndBound,true,true,206,206,true,0.000,70,3156,1.0000,0.0222,0.0000,34.221
rolling64,19,19,57,55,24,AStar-Euclidean,true,true,206,206,true,0.000,70,2540,0.8048,0.0276,0.2330,22.545
rolling64,19,19,57,55,24,AStar-Manhattan,true,true,206,206,true,0.000,70,2358,0.7471,0.0297,0.3350,19.709
rolling64,19,19,57,55,24,AStar-Ascent,true,true,206,206,true,0.000,70,2851,0.9034,0.0246,0.1359,27.038
rolling64,19,19,57,55,24,AStar-Manhattan+Ascent,true,true,206,206,true,0.000,70,2048,0.6489,0.0342,0.4709,14.926
rolling64,19,19,57,55,24,AStar-AbsHeight,false,true,223,206,false,8.252,74,4318,1.3682,0.0171,0.1359,47.506
rolling64,20,27,6,61,27,BranchAndBound,true,true,190,190,true,0.000,62,2544,1.0000,0.0244,0.0000,21.847
rolling64,20,27,6,61,27,AStar-Euclidean,true,true,190,190,true,0.000,62,2028,0.7972,0.0306,0.2053,13.466
rolling64,20,27,6,61,27,AStar-Manhattan,true,true,190,190,true,0.000,62,1927,0.7575,0.0322,0.2895,12.703
rolling64,20,27,6,61,27,AStar-Ascent,true,true,190,190,true,0.000,62,2298,0.9033,0.0270,0.1632,18.460
rolling64,20,27,6,61,27,AStar-Manhattan+Ascent,true,true,190,190,true,0.000,62,1634,0.6423,0.0379,0.4526,9.653
rolling64,20,27,6,61,27,AStar-AbsHeight,false,true,192,190,false,1.053,60,2392,0.9403,0.0251,0.1632,18.185
rolling64,21,60,51,48,3,BranchAndBound,true,true,203,203,true,0.000,61,3277,1.0000,0.0186,0.0000,37.089
rolling64,21,60,51,48,3,AStar-Euclidean,true,true,203,203,true,0.000,61,2076,0.6335,0.0294,0.2414,14.683
rolling64,21,60,51,48,3,AStar-Manhattan,true,true,203,203,true,0.000,61,1822,0.5560,0.0335,0.2956,10.805
rolling64,21,60,51,48,3,AStar-Ascent,true,true,203,203,true,0.000,61,1883,0.5746,0.0324,0.2759,12.668
rolling64,21,60,51,48,3,AStar-Manhattan+Ascent,true,true,203,203,true,0.000,61,1185,0.3616,0.0515,0.5714,5.287
rolling64,21,60,51,48,3,AStar-AbsHeight,false,true,205,203,false,0.985,61,1891,0.5771,0.0323,0.2759,12.679
rolling64,22,14,60,52,51,BranchAndBound,true,true,180,180,true,0.000,48,1635,1.0000,0.0294,0.0000,9.561
rolling64,22,14,60,52,51,AStar-Euclidean,true,true,180,180,true,0.000,48,1078,0.6593,0.0445,0.2167,3.860
rolling64,22,14,60,52,51,AStar-Manhattan,true,true,180,180,true,0.000,48,992,0.6067,0.0484,0.2611,3.293
rolling64,22,14,60,52,51,AStar-Ascent,true,true,180,180,true,0.000,48,1228,0.7511,0.0391,0.4167,5.349
rolling64,22,14,60,52,51,AStar-Manhattan+Ascent,true,true,180,180,true,0.000,48,729,0.4459,0.0658,0.6778,1.829
rolling64,22,14,60,52,51,AStar-AbsHeight,false,true,194,180,false,7.778,52,1332,0.8147,0.0390,0.4167,6.299
rolling64,23,14,48,11,10,BranchAndBound,true,true,122,122,true,0.000,44,1937,1.0000,0.0227,0.0000,13.916
rolling64,23,14,48,11,10,AStar-Euclidean,true,true,122,122,true,0.000,44,1469,0.7584,0.0300,0.3115,7.913
rolling64,23,14,48,11,10,AStar-Manhattan,true,true,122,122,true,0.000,44,1346,0.6949,0.0327,0.3361,6.667
rolling64,23,14,48,11,10,AStar-Ascent,true,true,122,122,true,0.000,44,1758,0.9076,0.0250,0.0000,11.296
rolling64,23,14,48,11,10,AStar-Manhattan+Ascent,true,true,122,122,true,0.000,44,966,0.4987,0.0455,0.3361,3.729
rolling64,23,14,48,11,10,AStar-AbsHeight,false,true,122,122,true,0.000,44,1622,0.8374,0.0271,0.1885,7.562
rolling64,24,47,43,21,30,BranchAndBound,true,true,52,52,true,0.000,40,1233,1.0000,0.0324,0.0000,5.579
rolling64,24,47,43,21,30,AStar-Euclidean,true,true,52,52,true,0.000,40,402,0.3260,0.0995,0.5577,0.689
rolling64,24,47,43,21,30,AStar-Manhattan,true,true,52,52,true,0.000,40,257,0.2084,0.1556,0.7500,0.320
rolling64,24,47,43,21,30,AStar-Ascent,true,true,52,52,true,0.000,40,1195,0.9692,0.0335,0.0000,5.330
rolling64,24,47,43,21,30,AStar-Manhattan+Ascent,true,true,52,52,true,0.000,40,256,0.2076,0.1563,0.7500,0.315
rolling64,24,47,43,21,30,AStar-AbsHeight,false,true,62,52,false,19.231,40,3763,3.0519,0.0106,1.8077,14.205
rolling64,25,12,27,20,59,BranchAndBound,true,true,103,103,true,0.000,41,1779,1.0000,0.0230,0.0000,11.731
rolling64,25,12,27,20,59,AStar-Euclidean,true,true,103,103,true,0.000,41,1048,0.5891,0.0391,0.3107,4.070
rolling64,25,12,27,20,59,AStar-Manhattan,true,true,103,103,true,0.000,41,902,0.5070,0.0455,0.3883,3.094
rolling64,25,12,27,20,59,AStar-Ascent,true,true,103,103,true,0.000,41,1740,0.9781,0.0236,0.0000,11.067
rolling64,25,12,27,20,59,AStar-Manhattan+Ascent,true,true,103,103,true,0.000,41,870,0.4890,0.0471,0.3883,2.952
rolling64,25,12,27,20,59,AStar-AbsHeight,false,true,145,103,false,40.777,61,1953,1.0978,0.0312,0.3883,10.698
rolling64,26,61,7,35,28,BranchAndBound,true,true,178,178,true,0.000,48,1111,1.0000,0.0432,0.0000,4.259
rolling64,26,61,7,35,28,AStar-Euclidean,true,true,178,178,true,0.000,48,864,0.7777,0.0556,0.1854,2.588
rolling64,26,61,7,35,28,AStar-Manhattan,true,true,178,178,true,0.000,48,785,0.7066,0.0611,0.2640,1.996
rolling64,26,61,7,35,28,AStar-Ascent,true,true,178,178,true,0.000,50,945,0.8506,0.0529,0.3371,2.941
rolling64,26,61,7,35,28,AStar-Manhattan+Ascent,true,true,178,178,true,0.000,50,663,0.5968,0.0754,0.6011,1.501
rolling64,26,61,7,35,28,AStar-AbsHeight,false,true,178,178,true,0.000,48,800,0.7201,0.0600,0.3371,2.238
rolling64,27,62,10,29,41,BranchAndBound,true,true,240,240,true,0.000,65,2752,1.0000,0.0236,0.0000,26.104
rolling64,27,62,10,29,41,AStar-Euclidean,true,true,240,240,true,0.000,65,2129,0.7736,0.0305,0.1875,15.997
rolling64,27,62,10,29,41,AStar-Manhattan,true,true,240,240,true,0.000,65,1925,0.6995,0.0338,0.2667,13.221
rolling64,27,62,10,29,41,AStar-Ascent,true,true,240,240,true,0.000,65,1654,0.6010,0.0393,0.5167,10.063
rolling64,27,62,10,29,41,AStar-Manhattan+Ascent,true,true,240,240,true,0.000,65,1068,0.3881,0.0609,0.7833,4.226
rolling64,27,62,10,29,41,AStar-AbsHeight,false,true,240,240,true,0.000,65,1559,0.5665,0.0417,0.5167,8.983
rolling64,28,33,32,39,5,BranchAndBound,true,true,143,143,true,0.000,46,3744,1.0000,0.0123,0.0000,48.551
rolling64,28,33,32,39,5,AStar-Euclidean,true,true,143,143,true,0.000,46,2317,0.6189,0.0199,0.1888,19.271
rolling64,28,33,32,39,5,AStar-Manhattan,true,true,143,143,true,0.000,46,1978,0.5283,0.0233,0.2308,14.072
rolling64,28,33,32,39,5,AStar-Ascent,true,true,143,143,true,0.000,46,2840,0.7585,0.0162,0.0210,29.534
rolling64,28,33,32,39,5,AStar-Manhattan+Ascent,true,true,143,143,true,0.000,46,1251,0.3341,0.0368,0.2517,5.784
rolling64,28,33,32,39,5,AStar-AbsHeight,false,true,143,143,true,0.000,46,2949,0.7877,0.0156,0.0210,28.008
rolling64,29,35,39,63,35,BranchAndBound,true,true,80,80,true,0.000,35,2221,1.0000,0.0158,0.0000,18.786
rolling64,29,35,39,63,35,AStar-Euclidean,true,true,80,80,true,0.000,35,796,0.3584,0.0440,0.3500,2.306
rolling64,29,35,39,63,35,AStar-Manhattan,true,true,80,80,true,0.000,35,670,0.3017,0.0522,0.4000,1.685
rolling64,29,35,39,63,35,AStar-Ascent,true,true,80,80,true,0.000,35,1705,0.7677,0.0205,0.0000,11.197
rolling64,29,35,39,63,35,AStar-Manhattan+Ascent,true,true,80,80,true,0.000,35,595,0.2679,0.0588,0.4000,1.367
rolling64,29,35,39,63,35,AStar-AbsHeight,false,true,102,80,false,27.500,45,1539,0.6929,0.0292,0.7375,6.347
rolling64,30,23,47,63,20,BranchAndBound,true,true,140,140,true,0.000,68,3329,1.0000,0.0204,0.0000,37.701
rolling64,30,23,47,63,20,AStar-Euclidean,true,true,140,140,true,0.000,68,2166,0.6506,0.0314,0.3429,16.836
rolling64,30,23,47,63,20,AStar-Manhattan,true,true,140,140,true,0.000,68,1806,0.5425,0.0377,0.4786,11.554
rolling64,30,23,47,63,20,AStar-Ascent,true,true,140,140,true,0.000,68,3318,0.9967,0.0205,0.0000,37.357
rolling64,30,23,47,63,20,AStar-Manhattan+Ascent,true,true,140,140,true,0.000,68,1756,0.5275,0.0387,0.4786,11.438
rolling64,30,23,47,63,20,AStar-AbsHeight,false,true,151,140,false,7.857,68,8429,2.5320,0.0081,0.7143,75.809
rolling64,31,61,57,34,30,BranchAndBound,true,true,166,166,true,0.000,55,1529,1.0000,0.0360,0.0000,8.232
rolling64,31,61,57,34,30,AStar-Euclidean,true,true,166,166,true,0.000,55,1236,0.8084,0.0445,0.2289,5.362
rolling64,31,61,57,34,30,AStar-Manhattan,true,true,166,166,true,0.000,55,1130,0.7390,0.0487,0.3253,4.395
rolling64,31,61,57,34,30,AStar-Ascent,true,true,166,166,true,0.000,55,1281,0.8378,0.0429,0.1265,5.912
rolling64,31,61,57,34,30,AStar-Manhattan+Ascent,true,true,166,166,true,0.000,55,1003,0.6560,0.0548,0.4518,3.582
rolling64,31,61,57,34,30,AStar-AbsHeight,false,true,178,166,false,7.229,59,1500,0.9810,0.0393,0.1265,6.506
rolling64,32,37,3,3,46,BranchAndBound,true,true,192,192,true,0.000,78,2562,1.0000,0.0304,0.0000,22.350
rolling64,32,37,3,3,46,AStar-Euclidean,true,true,192,192,true,0.000,78,1874,0.7315,0.0416,0.2813,11.906
rolling64,32,37,3,3,46,AStar-Manhattan,true,true,192,192,true,0.000,78,1501,0.5859,0.0520,0.4010,7.733
rolling64,32,37,3,3,46,AStar-Ascent,true,true,192,192,true,0.000,78,2541,0.9918,0.0307,0.0000,22.396
rolling64,32,37,3,3,46,AStar-Manhattan+Ascent,true,true,192,192,true,0.000,78,1465,0.5718,0.0532,0.4010,7.447
rolling64,32,37,3,3,46,AStar-AbsHeight,false,true,192,192,true,0.000,78,2300,0.8977,0.0339,0.1510,13.540
rolling64,33,29,5,60,23,BranchAndBound,true,true,177,177,true,0.000,50,2330,1.0000,0.0215,0.0000,18.869
rolling64,33,29,5,60,23,AStar-Euclidean,true,true,177,177,true,0.000,50,1817,0.7798,0.0275,0.1977,11.479
rolling64,33,29,5,60,23,AStar-Manhattan,true,true,177,177,true,0.000,50,1722,0.7391,0.0290,0.2768,10.337
rolling64,33,29,5,60,23,AStar-Ascent,true,true,177,177,true,0.000,50,2203,0.9455,0.0227,0.0169,16.719
rolling64,33,29,5,60,23,AStar-Manhattan+Ascent,true,true,177,177,true,0.000,50,1564,0.6712,0.0320,0.2938,8.242
rolling64,33,29,5,60,23,AStar-AbsHeight,false,true,204,177,false,15.254,58,2402,1.0309,0.0241,0.0169,16.441
rolling64,34,2,21,29,54,BranchAndBound,true,true,172,172,true,0.000,61,2191,1.0000,0.0278,0.0000,17.314
rolling64,34,2,21,29,54,AStar-Euclidean,true,true,172,172,true,0.000,61,1864,0.8508,0.0327,0.2442,12.621
rolling64,34,2,21,29,54,AStar-Manhattan,true,true,172,172,true,0.000,61,1753,0.8001,0.0348,0.3488,11.505
rolling64,34,2,21,29,54,AStar-Ascent,true,true,172,172,true,0.000,61,1974,0.9010,0.0309,0.1744,14.159
rolling64,34,2,21,29,54,AStar-Manhattan+Ascent,true,true,172,172,true,0.000,61,1427,0.6513,0.0427,0.5233,7.806
rolling64,34,2,21,29,54,AStar-AbsHeight,false,true,172,172,true,0.000,61,1819,0.8302,0.0335,0.1744,11.819
rolling64,35,8,19,25,62,BranchAndBound,true,true,181,181,true,0.000,61,2179,1.0000,0.0280,0.0000,16.972
rolling64,35,8,19,25,62,AStar-Euclidean,true,true,181,181,true,0.000,61,1691,0.7760,0.0361,0.2541,10.685
rolling64,35,8,19,25,62,AStar-Manhattan,true,true,181,181,true,0.000,61,1544,0.7086,0.0395,0.3315,8.500
rolling64,35,8,19,25,62,AStar-Ascent,true,true,181,181,true,0.000,61,2161,0.9917,0.0282,0.0000,16.550
rolling64,35,8,19,25,62,AStar-Manhattan+Ascent,true,true,181,181,true,0.000,61,1535,0.7045,0.0397,0.3315,8.743
rolling64,35,8,19,25,62,AStar-AbsHeight,false,true,219,181,false,20.994,79,2016,0.9252,0.0392,0.0055,12.137
rolling64,36,44,9,15,15,BranchAndBound,true,true,63,63,true,0.000,38,899,1.0000,0.0423,0.0000,2.761
rolling64,36,44,9,15,15,AStar-Euclidean,true,true,63,63,true,0.000,38,452,0.5028,0.0841,0.4603,0.788
rolling64,36,44,9,15,15,AStar-Manhattan,true,true,63,63,true,0.000,38,389,0.4327,0.0977,0.5556,0.648
rolling64,36,44,9,15,15,AStar-Ascent,true,true,63,63,true,0.000,38,900,1.0011,0.0422,0.0000,2.856
rolling64,36,44,9,15,15,AStar-Manhattan+Ascent,true,true,63,63,true,0.000,38,380,0.4227,0.1000,0.5556,0.621
rolling64,36,44,9,15,15,AStar-AbsHeight,false,true,81,63,false,28.571,44,564,0.6274,0.0780,1.9524,0.659
rolling64,37,17,7,62,47,BranchAndBound,true,true,231,231,true,0.000,86,3622,1.0000,0.0237,0.0000,45.071
rolling64,37,17,7,62,47,AStar-Euclidean,true,true,231,231,true,0.000,88,3154,0.8708,0.0279,0.2597,34.006
rolling64,37,17,7,62,47,AStar-Manhattan,true,true,231,231,true,0.000,88,2862,0.7902,0.0307,0.3680,28.213
rolling64,37,17,7,62,47,AStar-Ascent,true,true,231,231,true,0.000,86,3598,0.9934,0.0239,0.0000,44.526
rolling64,37,17,7,62,47,AStar-Manhattan+Ascent,true,true,231,231,true,0.000,88,2757,0.7612,0.0319,0.3680,27.522
rolling64,37,17,7,62,47,AStar-AbsHeight,false,true,236,231,false,2.165,90,3785,1.0450,0.0238,0.0130,42.335
rolling64,38,47,49,13,31,BranchAndBound,true,true,106,106,true,0.000,55,2206,1.0000,0.0249,0.0000,17.277
rolling64,38,47,49,13,31,AStar-Euclidean,true,true,106,106,true,0.000,55,1603,0.7267,0.0343,0.3585,9.485
rolling64,38,47,49,13,31,AStar-Manhattan,true,true,106,106,true,0.000,55,1467,0.6650,0.0375,0.4906,8.188
rolling64,38,47,49,13,31,AStar-Ascent,true,true,106,106,true,0.000,55,2060,0.9338,0.0267,0.0000,15.195
rolling64,38,47,49,13,31,AStar-Manhattan+Ascent,true,true,106,106,true,0.000,55,1302,0.5902,0.0422,0.4906,6.516
rolling64,38,47,49,13,31,AStar-AbsHeight,false,true,120,106,false,13.208,61,6902,3.1287,0.0088,0.7453,46.788
rolling64,39,21,56,46,38,BranchAndBound,true,true,174,174,true,0.000,44,2607,1.0000,0.0169,0.0000,23.840
rolling64,39,21,56,46,38,AStar-Euclidean,true,true,174,174,true,0.000,44,2083,0.7990,0.0211,0.1724,15.059
rolling64,39,21,56,46,38,AStar-Manhattan,true,true,174,174,true,0.000,44,1883,0.7223,0.0234,0.2471,12.444
rolling64,39,21,56,46,38,AStar-Ascent,true,true,174,174,true,0.000,44,1117,0.4285,0.0394,0.5345,4.193
rolling64,39,21,56,46,38,AStar-Manhattan+Ascent,true,true,174,174,true,0.000,44,653,0.2505,0.0674,0.7816,1.694
rolling64,39,21,56,46,38,AStar-AbsHeight,false,true,175,174,false,0.575,46,1094,0.4196,0.0420,0.5345,4.228
rolling64,40,20,15,49,59,BranchAndBound,true,true,206,206,true,0.000,74,3651,1.0000,0.0203,0.0000,45.647
rolling64,40,20,15,49,59,AStar-Euclidean,true,true,206,206,true,0.000,74,2969,0.8132,0.0249,0.2524,31.166
rolling64,40,20,15,49,59,AStar-Manhattan,true,true,206,206,true,0.000,74,2648,0.7253,0.0279,0.3544,25.823
rolling64,40,20,15,49,59,AStar-Ascent,true,true,206,206,true,0.000,74,3086,0.8452,0.0240,0.2282,32.685
rolling64,40,20,15,49,59,AStar-Manhattan+Ascent,true,true,206,206,true,0.000,74,2040,0.5588,0.0363,0.5825,15.548
rolling64,40,20,15,49,59,AStar-AbsHeight,false,true,234,206,false,13.592,78,3651,1.0000,0.0214,0.2282,45.235
rolling64,41,34,54,45,32,BranchAndBound,true,true,123,123,true,0.000,36,2068,1.0000,0.0174,0.0000,14.426
rolling64,41,34,54,45,32,AStar-Euclidean,true,true,123,123,true,0.000,36,1506,0.7282,0.0239,0.1951,8.141
rolling64,41,34,54,45,32,AStar-Manhattan,true,true,123,123,true,0.000,36,1153,0.5575,0.0312,0.2683,4.930
rolling64,41,34,54,45,32,AStar-Ascent,true,true,123,123,true,0.000,36,1233,0.5962,0.0292,0.0894,5.690
rolling64,41,34,54,45,32,AStar-Manhattan+Ascent,true,true,123,123,true,0.000,36,582,0.2814,0.0619,0.3577,1.386
rolling64,41,34,54,45,32,AStar-AbsHeight,false,true,144,123,false,17.073,46,1700,0.8221,0.0271,0.0894,9.545
rolling64,42,18,53,32,13,BranchAndBound,true,true,202,202,true,0.000,65,3512,1.0000,0.0185,0.0000,42.029
rolling64,42,18,53,32,13,AStar-Euclidean,true,true,202,202,true,0.000,65,3129,0.8909,0.0208,0.2079,33.579
rolling64,42,18,53,32,13,AStar-Manhattan,true,true,202,202,true,0.000,65,2777,0.7907,0.0234,0.2673,26.343
rolling64,42,18,53,32,13,AStar-Ascent,true,true,202,202,true,0.000,57,2360,0.6720,0.0242,0.2921,19.517
rolling64,42,18,53,32,13,AStar-Manhattan+Ascent,true,true,202,202,true,0.000,57,1492,0.4248,0.0382,0.5594,8.536
rolling64,42,18,53,32,13,AStar-AbsHeight,false,true,202,202,true,0.000,57,2337,0.6654,0.0244,0.2921,18.871
rolling64,43,24,47,30,9,BranchAndBound,true,true,129,129,true,0.000,49,3013,1.0000,0.0163,0.0000,31.623
rolling64,43,24,47,30,9,AStar-Euclidean,true,true,129,129,true,0.000,49,2006,0.6658,0.0244,0.2946,14.551
rolling64,43,24,47,30,9,AStar-Manhattan,true,true,129,129,true,0.000,49,1879,0.6236,0.0261,0.3411,13.284
rolling64,43,24,47,30,9,AStar-Ascent,true,true,129,129,true,0.000,49,2373,0.7876,0.0206,0.0000,20.708
rolling64,43,24,47,30,9,AStar-Manhattan+Ascent,true,true,129,129,true,0.000,49,1140,0.3784,0.0430,0.3411,5.104
rolling64,43,24,47,30,9,AStar-AbsHeight,false,true,129,129,true,0.000,49,2307,0.7657,0.0212,0.2558,15.201
rolling64,44,33,56,51,30,BranchAndBound,true,true,149,149,true,0.000,47,2284,1.0000,0.0206,0.0000,17.790
rolling64,44,33,56,51,30,AStar-Euclidean,true,true,149,149,true,0.000,47,1795,0.7859,0.0262,0.2081,11.434
rolling64,44,33,56,51,30,AStar-Manhattan,true,true,149,149,true,0.000,47,1483,0.6493,0.0317,0.2953,7.959
rolling64,44,33,56,51,30,AStar-Ascent,true,true,149,149,true,0.000,47,1533,0.6712,0.0307,0.2416,8.717
rolling64,44,33,56,51,30,AStar-Manhattan+Ascent,true,true,149,149,true,0.000,47,737,0.3227,0.0638,0.5369,2.223
rolling64,44,33,56,51,30,AStar-AbsHeight,false,true,156,149,false,4.698,47,1907,0.8349,0.0246,0.2416,12.218
rolling64,45,10,22,41,34,BranchAndBound,true,true,122,122,true,0.000,44,1562,1.0000,0.0282,0.0000,9.117
rolling64,45,10,22,41,34,AStar-Euclidean,true,true,122,122,true,0.000,44,1262,0.8079,0.0349,0.2705,5.889
rolling64,45,10,22,41,34,AStar-Manhattan,true,true,122,122,true,0.000,44,1062,0.6799,0.0414,0.3525,4.337
rolling64,45,10,22,41,34,AStar-Ascent,true,true,122,122,true,0.000,44,1332,0.8528,0.0330,0.3525,6.813
rolling64,45,10,22,41,34,AStar-Manhattan+Ascent,true,true,122,122,true,0.000,44,567,0.3630,0.0776,0.7049,1.320
rolling64,45,10,22,41,34,AStar-AbsHeight,false,true,122,122,true,0.000,44,1250,0.8003,0.0352,0.3525,6.042
rolling64,46,41,20,46,60,BranchAndBound,true,true,113,113,true,0.000,52,3187,1.0000,0.0163,0.0000,35.261
rolling64,46,41,20,46,60,AStar-Euclidean,true,true,113,113,true,0.000,52,2356,0.7393,0.0221,0.3540,19.822
rolling64,46,41,20,46,60,AStar-Manhattan,true,true,113,113,true,0.000,52,2006,0.6294,0.0259,0.3982,14.746
rolling64,46,41,20,46,60,AStar-Ascent,true,true,113,113,true,0.000,52,2053,0.6442,0.0253,0.0000,15.880
rolling64,46,41,20,46,60,AStar-Manhattan+Ascent,true,true,113,113,true,0.000,52,1144,0.3590,0.0455,0.3982,5.275
rolling64,46,41,20,46,60,AStar-AbsHeight,false,true,113,113,true,0.000,52,4678,1.4678,0.0111,0.8584,34.856
rolling64,47,53,8,6,60,BranchAndBound,true,true,235,235,true,0.000,100,4052,1.0000,0.0247,0.0000,54.832
rolling64,47,53,8,6,60,AStar-Euclidean,true,true,235,235,true,0.000,100,3866,0.9541,0.0259,0.2979,51.724
rolling64,47,53,8,6,60,AStar-Manhattan,true,true,235,235,true,0.000,100,3784,0.9339,0.0264,0.4213,50.469
rolling64,47,53,8,6,60,AStar-Ascent,true,true,235,235,true,0.000,100,4022,0.9926,0.0249,0.0000,55.687
rolling64,47,53,8,6,60,AStar-Manhattan+Ascent,true,true,235,235,true,0.000,100,3733,0.9213,0.0268,0.4213,47.128
rolling64,47,53,8,6,60,AStar-AbsHeight,false,true,243,235,false,3.404,112,7593,1.8739,0.0148,0.3787,74.000
rolling64,48,8,61,16,29,BranchAndBound,true,true,144,144,true,0.000,41,893,1.0000,0.0459,0.0000,2.799
rolling64,48,8,61,16,29,AStar-Euclidean,true,true,144,144,true,0.000,41,793,0.8880,0.0517,0.2222,2.188
rolling64,48,8,61,16,29,AStar-Manhattan,true,true,144,144,true,0.000,41,765,0.8567,0.0536,0.2778,1.986
rolling64,48,8,61,16,29,AStar-Ascent,true,true,144,144,true,0.000,41,881,0.9866,0.0465,0.1875,2.492
rolling64,48,8,61,16,29,AStar-Manhattan+Ascent,true,true,144,144,true,0.000,41,726,0.8130,0.0565,0.4653,1.788
rolling64,48,8,61,16,29,AStar-AbsHeight,false,true,144,144,true,0.000,41,840,0.9406,0.0488,0.1875,2.323
rolling64,49,60,26,47,58,BranchAndBound,true,true,141,141,true,0.000,46,1788,1.0000,0.0257,0.0000,11.397
rolling64,49,60,26,47,58,AStar-Euclidean,true,true,141,141,true,0.000,46,1194,0.6678,0.0385,0.2411,5.157
rolling64,49,60,26,47,58,AStar-Manhattan,true,true,141,141,true,0.000,46,1125,0.6292,0.0409,0.3191,4.615
rolling64,49,60,26,47,58,AStar-Ascent,true,true,141,141,true,0.000,48,1327,0.7422,0.0362,0.2979,6.675
rolling64,49,60,26,47,58,AStar-Manhattan+Ascent,true,true,141,141,true,0.000,48,702,0.3926,0.0684,0.6170,1.957
rolling64,49,60,26,47,58,AStar-AbsHeight,false,true,141,141,true,0.000,46,1168,0.6532,0.0394,0.2979,5.252
rolling64,50,42,10,24,35,BranchAndBound,true,true,107,107,true,0.000,44,2289,1.0000,0.0192,0.0000,18.196
rolling64,50,42,10,24,35,AStar-Euclidean,true,true,107,107,true,0.000,44,1701,0.7431,0.0259,0.2804,10.241
rolling64,50,42,10,24,35,AStar-Manhattan,true,true,107,107,true,0.000,44,1521,0.6645,0.0289,0.4019,8.381
rolling64,50,42,10,24,35,AStar-Ascent,true,true,107,107,true,0.000,44,1519,0.6636,0.0290,0.0000,8.543
rolling64,50,42,10,24,35,AStar-Manhattan+Ascent,true,true,107,107,true,0.000,44,782,0.3416,0.0563,0.4019,2.493
rolling64,50,42,10,24,35,AStar-AbsHeight,false,true,107,107,true,0.000,44,2809,1.2272,0.0157,0.6449,14.924
rolling64,51,48,30,59,61,BranchAndBound,true,true,77,77,true,0.000,43,1497,1.0000,0.0287,0.0000,8.385
rolling64,51,48,30,59,61,AStar-Euclidean,true,true,77,77,true,0.000,43,768,0.5130,0.0560,0.4156,2.186
rolling64,51,48,30,59,61,AStar-Manhattan,true,true,77,77,true,0.000,43,636,0.4248,0.0676,0.5455,1.510
rolling64,51,48,30,59,61,AStar-Ascent,true,true,77,77,true,0.000,43,1412,0.9432,0.0305,0.0000,7.077
rolling64,51,48,30,59,61,AStar-Manhattan+Ascent,true,true,77,77,true,0.000,43,600,0.4008,0.0717,0.5455,1.415
rolling64,51,48,30,59,61,AStar-AbsHeight,false,true,108,77,false,40.260,49,2554,1.7061,0.0192,0.8182,11.557
rolling64,52,1,61,62,39,BranchAndBound,true,true,252,252,true,0.000,86,2852,1.0000,0.0302,0.0000,28.559
rolling64,52,1,61,62,39,AStar-Euclidean,true,true,252,252,true,0.000,86,2156,0.7560,0.0399,0.2540,16.719
rolling64,52,1,61,62,39,AStar-Manhattan,true,true,252,252,true,0.000,86,1897,0.6651,0.0453,0.3294,13.567
rolling64,52,1,61,62,39,AStar-Ascent,true,true,252,252,true,0.000,86,2822,0.9895,0.0305,0.1429,28.018
rolling64,52,1,61,62,39,AStar-Manhattan+Ascent,true,true,252,252,true,0.000,86,1807,0.6336,0.0476,0.4722,11.699
rolling64,52,1,61,62,39,AStar-AbsHeight,false,true,275,252,false,9.127,92,2697,0.9457,0.0341,0.1429,23.995
rolling64,53,14,27,41,44,BranchAndBound,true,true,193,193,true,0.000,45,3417,1.0000,0.0132,0.0000,40.065
rolling64,53,14,27,41,44,AStar-Euclidean,true,true,193,193,true,0.000,45,3002,0.8785,0.0150,0.1606,31.618
rolling64,53,14,27,41,44,AStar-Manhattan,true,true,193,193,true,0.000,45,2848,0.8335,0.0158,0.2280,28.445
rolling64,53,14,27,41,44,AStar-Ascent,true,true,193,193,true,0.000,47,1429,0.4182,0.0329,0.6580,7.787
rolling64,53,14,27,41,44,AStar-Manhattan+Ascent,true,true,193,193,true,0.000,47,605,0.1771,0.0777,0.8860,1.522
rolling64,53,14,27,41,44,AStar-AbsHeight,false,true,193,193,true,0.000,47,1412,0.4132,0.0333,0.6580,7.842
rolling64,54,18,54,42,1,BranchAndBound,true,true,224,224,true,0.000,90,3549,1.0000,0.0254,0.0000,43.933
rolling64,54,18,54,42,1,AStar-Euclidean,true,true,224,224,true,0.000,90,3238,0.9124,0.0278,0.2589,36.809
rolling64,54,18,54,42,1,AStar-Manhattan,true,true,224,224,true,0.000,90,3006,0.8470,0.0299,0.3438,31.344
rolling64,54,18,54,42,1,AStar-Ascent,true,true,224,224,true,0.000,90,3508,0.9884,0.0257,0.0000,41.835
rolling64,54,18,54,42,1,AStar-Manhattan+Ascent,true,true,224,224,true,0.000,92,2955,0.8326,0.0311,0.3438,31.432
rolling64,54,18,54,42,1,AStar-AbsHeight,false,true,224,224,true,0.000,90,5422,1.5278,0.0166,0.0714,66.185
rolling64,55,51,3,36,26,BranchAndBound,true,true,103,103,true,0.000,45,1225,1.0000,0.0367,0.0000,5.029
rolling64,55,51,3,36,26,AStar-Euclidean,true,true,103,103,true,0.000,45,889,0.7257,0.0506,0.2621,2.638
rolling64,55,51,3,36,26,AStar-Manhattan,true,true,103,103,true,0.000,45,794,0.6482,0.0567,0.3689,2.123
rolling64,55,51,3,36,26,AStar-Ascent,true,true,103,103,true,0.000,45,814,0.6645,0.0553,0.0000,2.378
rolling64,55,51,3,36,26,AStar-Manhattan+Ascent,true,true,103,103,true,0.000,45,468,0.3820,0.0962,0.3689,0.887
rolling64,55,51,3,36,26,AStar-AbsHeight,false,true,108,103,false,4.854,45,971,0.7927,0.0463,0.3495,2.565
rolling64,56,50,3,15,20,BranchAndBound,true,true,113,113,true,0.000,53,1624,1.0000,0.0326,0.0000,8.954
rolling64,56,50,3,15,20,AStar-Euclidean,true,true,113,113,true,0.000,53,1056,0.6502,0.0502,0.3363,3.825
rolling64,56,50,3,15,20,AStar-Manhattan,true,true,113,113,true,0.000,53,954,0.5874,0.0556,0.4602,3.090
rolling64,56,50,3,15,20,AStar-Ascent,true,true,113,113,true,0.000,53,1573,0.9686,0.0337,0.0000,8.603
rolling64,56,50,3,15,20,AStar-Manhattan+Ascent,true,true,113,113,true,0.000,53,891,0.5486,0.0595,0.4602,2.783
rolling64,56,50,3,15,20,AStar-AbsHeight,false,true,113,113,true,0.000,53,2063,1.2703,0.0257,0.8761,5.739
rolling64,57,60,60,32,30,BranchAndBound,true,true,168,168,true,0.000,59,1539,1.0000,0.0383,0.0000,8.139
rolling64,57,60,60,32,30,AStar-Euclidean,true,true,168,168,true,0.000,59,1226,0.7966,0.0481,0.2440,5.193
rolling64,57,60,60,32,30,AStar-Manhattan,true,true,168,168,true,0.000,59,1129,0.7336,0.0523,0.3452,4.505
rolling64,57,60,60,32,30,AStar-Ascent,true,true,168,168,true,0.000,59,1250,0.8122,0.0472,0.1726,5.604
rolling64,57,60,60,32,30,AStar-Manhattan+Ascent,true,true,168,168,true,0.000,59,957,0.6218,0.0617,0.5179,3.289
rolling64,57,60,60,32,30,AStar-AbsHeight,false,true,191,168,false,13.690,63,1432,0.9305,0.0440,0.1726,6.110
rolling64,58,6,8,44,62,BranchAndBound,true,true,265,265,true,0.000,93,3995,1.0000,0.0233,0.0000,53.997
rolling64,58,6,8,44,62,AStar-Euclidean,true,true,265,265,true,0.000,93,3728,0.9332,0.0249,0.2491,47.516
rolling64,58,6,8,44,62,AStar-Manhattan,true,true,265,265,true,0.000,93,3522,0.8816,0.0264,0.3472,42.742
rolling64,58,6,8,44,62,AStar-Ascent,true,true,265,265,true,0.000,93,3328,0.8330,0.0279,0.1660,38.428
rolling64,58,6,8,44,62,AStar-Manhattan+Ascent,true,true,265,265,true,0.000,93,2634,0.6593,0.0353,0.5132,24.656
rolling64,58,6,8,44,62,AStar-AbsHeight,false,true,272,265,false,2.642,97,3505,0.8773,0.0277,0.1660,41.449
rolling64,59,30,25,56,3,BranchAndBound,true,true,141,141,true,0.000,53,3540,1.0000,0.0150,0.0000,43.546
rolling64,59,30,25,56,3,AStar-Euclidean,true,true,141,141,true,0.000,53,2170,0.6130,0.0244,0.2411,16.647
rolling64,59,30,25,56,3,AStar-Manhattan,true,true,141,141,true,0.000,53,1917,0.5415,0.0276,0.3404,13.202
rolling64,59,30,25,56,3,AStar-Ascent,true,true,141,141,true,0.000,53,3282,0.9271,0.0161,0.0000,37.810
rolling64,59,30,25,56,3,AStar-Manhattan+Ascent,true,true,141,141,true,0.000,53,1728,0.4881,0.0307,0.3404,10.877
rolling64,59,30,25,56,3,AStar-AbsHeight,false,true,144,141,false,2.128,57,3310,0.9350,0.0172,0.2766,27.839
rolling64,60,49,54,7,49,BranchAndBound,true,true,141,141,true,0.000,50,2690,1.0000,0.0186,0.0000,24.842
rolling64,60,49,54,7,49,AStar-Euclidean,true,true,141,141,true,0.000,50,1940,0.7212,0.0258,0.2979,12.988
rolling64,60,49,54,7,49,AStar-Manhattan,true,true,141,141,true,0.000,50,1709,0.6353,0.0293,0.3333,9.899
rolling64,60,49,54,7,49,AStar-Ascent,true,true,141,141,true,0.000,50,2038,0.7576,0.0245,0.0000,14.651
rolling64,60,49,54,7,49,AStar-Manhattan+Ascent,true,true,141,141,true,0.000,50,1238,0.4602,0.0404,0.3333,5.442
rolling64,60,49,54,7,49,AStar-AbsHeight,false,true,141,141,true,0.000,50,3338,1.2409,0.0150,0.1418,23.804
rolling64,61,19,6,1,30,BranchAndBound,true,true,128,128,true,0.000,43,1404,1.0000,0.0306,0.0000,6.872
rolling64,61,19,6,1,30,AStar-Euclidean,true,true,128,128,true,0.000,43,1103,0.7856,0.0390,0.2344,4.293
rolling64,61,19,6,1,30,AStar-Manhattan,true,true,128,128,true,0.000,43,1031,0.7343,0.0417,0.3281,3.770
rolling64,61,19,6,1,30,AStar-Ascent,true,true,128,128,true,0.000,43,1259,0.8967,0.0342,0.2734,5.513
rolling64,61,19,6,1,30,AStar-Manhattan+Ascent,true,true,128,128,true,0.000,43,798,0.5684,0.0539,0.6016,2.324
rolling64,61,19,6,1,30,AStar-AbsHeight,false,true,128,128,true,0.000,43,1191,0.8483,0.0361,0.2734,5.134
rolling64,62,58,18,59,63,BranchAndBound,true,true,150,150,true,0.000,51,1486,1.0000,0.0343,0.0000,7.764
rolling64,62,58,18,59,63,AStar-Euclidean,true,true,150,150,true,0.000,51,843,0.5673,0.0605,0.3000,2.585
rolling64,62,58,18,59,63,AStar-Manhattan,true,true,150,150,true,0.000,51,718,0.4832,0.0710,0.3067,1.896
rolling64,62,58,18,59,63,AStar-Ascent,true,true,150,150,true,0.000,51,1461,0.9832,0.0349,0.0000,7.774
rolling64,62,58,18,59,63,AStar-Manhattan+Ascent,true,true,150,150,true,0.000,51,712,0.4791,0.0716,0.3067,1.904
rolling64,62,58,18,59,63,AStar-AbsHeight,false,true,164,150,false,9.333,55,718,0.4832,0.0766,0.0400,1.643
rolling64,63,49,12,12,31,BranchAndBound,true,true,143,143,true,0.000,63,2892,1.0000,0.0218,0.0000,28.485
rolling64,63,49,12,12,31,AStar-Euclidean,true,true,143,143,true,0.000,63,2304,0.7967,0.0273,0.2867,18.174
rolling64,63,49,12,12,31,AStar-Manhattan,true,true,143,143,true,0.000,63,2165,0.7486,0.0291,0.3916,16.594
rolling64,63,49,12,12,31,AStar-Ascent,true,true,143,143,true,0.000,67,2616,0.9046,0.0256,0.0000,23.708
rolling64,63,49,12,12,31,AStar-Manhattan+Ascent,true,true,143,143,true,0.000,67,1873,0.6476,0.0358,0.3916,13.029
rolling64,63,49,12,12,31,AStar-AbsHeight,false,true,143,143,true,0.000,67,3614,1.2497,0.0185,0.6084,23.404
rolling64,64,61,2,33,44,BranchAndBound,true,true,293,293,true,0.000,75,3537,1.0000,0.0212,0.0000,42.899
rolling64,64,61,2,33,44,AStar-Euclidean,true,true,293,293,true,0.000,75,3167,0.8954,0.0237,0.1706,35.296
rolling64,64,61,2,33,44,AStar-Manhattan,true,true,293,293,true,0.000,75,2932,0.8290,0.0256,0.2389,29.526
rolling64,64,61,2,33,44,AStar-Ascent,true,true,293,293,true,0.000,75,1456,0.4116,0.0515,0.5973,7.550
rolling64,64,61,2,33,44,AStar-Manhattan+Ascent,true,true,293,293,true,0.000,75,1037,0.2932,0.0723,0.8362,4.029
rolling64,64,61,2,33,44,AStar-AbsHeight,false,true,299,293,false,2.048,75,1575,0.4453,0.0476,0.5973,9.037
rolling64,65,39,46,9,3,BranchAndBound,true,true,143,143,true,0.000,74,3895,1.0000,0.0190,0.0000,51.671
rolling64,65,39,46,9,3,AStar-Euclidean,true,true,143,143,true,0.000,74,3478,0.8929,0.0213,0.3636,42.621
rolling64,65,39,46,9,3,AStar-Manhattan,true,true,143,143,true,0.000,74,3333,0.8557,0.0222,0.5105,38.641
rolling64,65,39,46,9,3,AStar-Ascent,true,true,143,143,true,0.000,74,3620,0.9294,0.0204,0.0000,44.860
rolling64,65,39,46,9,3,AStar-Manhattan+Ascent,true,true,143,143,true,0.000,74,2554,0.6557,0.0290,0.5105,24.059
rolling64,65,39,46,9,3,AStar-AbsHeight,false,true,143,143,true,0.000,74,20047,5.1469,0.0037,1.0490,279.815
rolling64,66,58,32,39,45,BranchAndBound,true,true,167,167,true,0.000,33,3153,1.0000,0.0105,0.0000,34.675
rolling64,66,58,32,39,45,AStar-Euclidean,true,true,167,167,true,0.000,33,2083,0.6606,0.0158,0.1377,14.937
rolling64,66,58,32,39,45,AStar-Manhattan,true,true,167,167,true,0.000,33,1896,0.6013,0.0174,0.1916,12.817
rolling64,66,58,32,39,45,AStar-Ascent,true,true,167,167,true,0.000,33,414,0.1313,0.0797,0.7725,0.713
rolling64,66,58,32,39,45,AStar-Manhattan+Ascent,true,true,167,167,true,0.000,33,123,0.0390,0.2683,0.9641,0.104
rolling64,66,58,32,39,45,AStar-AbsHeight,false,true,167,167,true,0.000,33,414,0.1313,0.0797,0.7725,0.703
rolling64,67,40,43,47,12,BranchAndBound,true,true,139,139,true,0.000,45,3867,1.0000,0.0116,0.0000,51.077
rolling64,67,40,43,47,12,AStar-Euclidean,true,true,139,139,true,0.000,45,3240,0.8379,0.0139,0.2230,36.179
rolling64,67,40,43,47,12,AStar-Manhattan,true,true,139,139,true,0.000,45,2927,0.7569,0.0154,0.2734,30.613
rolling64,67,40,43,47,12,AStar-Ascent,true,true,139,139,true,0.000,45,1458,0.3770,0.0309,0.0000,8.021
rolling64,67,40,43,47,12,AStar-Manhattan+Ascent,true,true,139,139,true,0.000,45,761,0.1968,0.0591,0.2734,2.515
rolling64,67,40,43,47,12,AStar-AbsHeight,false,true,139,139,true,0.000,45,1557,0.4026,0.0289,0.0144,8.477
rolling64,68,49,57,26,3,BranchAndBound,true,true,179,179,true,0.000,82,3287,1.0000,0.0249,0.0000,37.428
rolling64,68,49,57,26,3,AStar-Euclidean,true,true,179,179,true,0.000,82,2478,0.7539,0.0331,0.3240,21.596
rolling64,68,49,57,26,3,AStar-Manhattan,true,true,179,179,true,0.000,82,2223,0.6763,0.0369,0.4302,17.614
rolling64,68,49,57,26,3,AStar-Ascent,true,true,179,179,true,0.000,82,3274,0.9960,0.0250,0.0000,38.108
rolling64,68,49,57,26,3,AStar-Manhattan+Ascent,true,true,179,179,true,0.000,82,2196,0.6681,0.0373,0.4302,17.259
rolling64,68,49,57,26,3,AStar-AbsHeight,false,true,194,179,false,8.380,92,8053,2.4500,0.0114,0.4413,81.124
rolling64,69,43,56,41,14,BranchAndBound,true,true,234,234,true,0.000,55,4085,1.0000,0.0135,0.0000,58.019
rolling64,69,43,56,41,14,AStar-Euclidean,true,true,234,234,true,0.000,55,4059,0.9936,0.0136,0.1795,56.068
rolling64,69,43,56,41,14,AStar-Manhattan,true,true,234,234,true,0.000,55,3975,0.9731,0.0138,0.1880,53.067
rolling64,69,43,56,41,14,AStar-Ascent,true,true,234,234,true,0.000,55,1538,0.3765,0.0358,0.4615,8.638
rolling64,69,43,56,41,14,AStar-Manhattan+Ascent,true,true,234,234,true,0.000,55,809,0.1980,0.0680,0.6496,2.503
rolling64,69,43,56,41,14,AStar-AbsHeight,false,true,234,234,true,0.000,55,1529,0.3743,0.0360,0.4615,8.413
rolling64,70,16,43,38,3,BranchAndBound,true,true,171,171,true,0.000,71,3393,1.0000,0.0209,0.0000,39.052
rolling64,70,16,43,38,3,AStar-Euclidean,true,true,171,171,true,0.000,71,2461,0.7253,0.0289,0.2632,21.289
rolling64,70,16,43,38,3,AStar-Manhattan,true,true,171,171,true,0.000,71,2431,0.7165,0.0292,0.3626,21.231
rolling64,70,16,43,38,3,AStar-Ascent,true,true,171,171,true,0.000,67,3298,0.9720,0.0203,0.0000,37.132
rolling64,70,16,43,38,3,AStar-Manhattan+Ascent,true,true,171,171,true,0.000,67,2261,0.6664,0.0296,0.3626,19.171
rolling64,70,16,43,38,3,AStar-AbsHeight,false,true,171,171,true,0.000,69,2745,0.8090,0.0251,0.2398,21.763
rolling64,71,52,7,28,15,BranchAndBound,true,true,109,109,true,0.000,33,1480,1.0000,0.0223,0.0000,7.547
rolling64,71,52,7,28,15,AStar-Euclidean,true,true,109,109,true,0.000,33,1081,0.7304,0.0305,0.2294,4.059
rolling64,71,52,7,28,15,AStar-Manhattan,true,true,109,109,true,0.000,33,964,0.6514,0.0342,0.2936,3.147
rolling64,71,52,7,28,15,AStar-Ascent,true,true,109,109,true,0.000,33,740,0.5000,0.0446,0.0000,2.153
rolling64,71,52,7,28,15,AStar-Manhattan+Ascent,true,true,109,109,true,0.000,33,369,0.2493,0.0894,0.2936,0.593
rolling64,71,52,7,28,15,AStar-AbsHeight,false,true,117,109,false,7.339,33,787,0.5318,0.0419,0.0367,2.331
rolling64,72,1,8,45,54,BranchAndBound,true,true,273,273,true,0.000,91,3690,1.0000,0.0247,0.0000,46.756
rolling64,72,1,8,45,54,AStar-Euclidean,true,true,273,273,true,0.000,91,3195,0.8659,0.0285,0.2308,36.637
rolling64,72,1,8,45,54,AStar-Manhattan,true,true,273,273,true,0.000,91,2940,0.7967,0.0310,0.3297,30.585
rolling64,72,1,8,45,54,AStar-Ascent,true,true,273,273,true,0.000,91,2787,0.7553,0.0327,0.3810,27.160
rolling64,72,1,8,45,54,AStar-Manhattan+Ascent,true,true,273,273,true,0.000,91,2162,0.5859,0.0421,0.7106,17.299
rolling64,72,1,8,45,54,AStar-AbsHeight,false,true,281,273,false,2.930,93,2809,0.7612,0.0331,0.3810,28.084
rolling64,73,59,39,54,3,BranchAndBound,true,true,150,150,true,0.000,42,1585,1.0000,0.0265,0.0000,8.847
rolling64,73,59,39,54,3,AStar-Euclidean,true,true,150,150,true,0.000,42,1041,0.6568,0.0403,0.2400,4.032
rolling64,73,59,39,54,3,AStar-Manhattan,true,true,150,150,true,0.000,42,943,0.5950,0.0445,0.2733,3.304
rolling64,73,59,39,54,3,AStar-Ascent,true,true,150,150,true,0.000,42,1387,0.8751,0.0303,0.2267,7.033
rolling64,73,59,39,54,3,AStar-Manhattan+Ascent,true,true,150,150,true,0.000,42,761,0.4801,0.0552,0.5000,2.216
rolling64,73,59,39,54,3,AStar-AbsHeight,false,true,150,150,true,0.000,42,1215,0.7666,0.0346,0.2267,5.079
rolling64,74,55,13,27,55,BranchAndBound,true,true,201,201,true,0.000,71,3084,1.0000,0.0230,0.0000,33.158
rolling64,74,55,13,27,55,AStar-Euclidean,true,true,201,201,true,0.000,71,2286,0.7412,0.0311,0.2488,18.808
rolling64,74,55,13,27,55,AStar-Manhattan,true,true,201,201,true,0.000,71,2093,0.6787,0.0339,0.3483,15.736
rolling64,74,55,13,27,55,AStar-Ascent,true,true,201,201,true,0.000,71,2834,0.9189,0.0251,0.0000,28.235
rolling64,74,55,13,27,55,AStar-Manhattan+Ascent,true,true,201,201,true,0.000,71,1939,0.6287,0.0366,0.3483,14.110
rolling64,74,55,13,27,55,AStar-AbsHeight,false,true,235,201,false,16.915,85,4793,1.5542,0.0177,0.0448,52.871
rolling64,75,23,5,9,61,BranchAndBound,true,true,200,200,true,0.000,71,2884,1.0000,0.0246,0.0000,29.243
rolling64,75,23,5,9,61,AStar-Euclidean,true,true,200,200,true,0.000,71,1941,0.6730,0.0366,0.2850,13.530
rolling64,75,23,5,9,61,AStar-Manhattan,true,true,200,200,true,0.000,71,1769,0.6134,0.0401,0.3500,11.484
rolling64,75,23,5,9,61,AStar-Ascent,true,true,200,200,true,0.000,71,2850,0.9882,0.0249,0.0000,28.018
rolling64,75,23,5,9,61,AStar-Manhattan+Ascent,true,true,200,200,true,0.000,71,1752,0.6075,0.0405,0.3500,11.241
rolling64,75,23,5,9,61,AStar-AbsHeight,false,true,215,200,false,7.500,91,2190,0.7594,0.0416,0.0900,12.580
rolling64,76,23,48,54,41,BranchAndBound,true,true,121,121,true,0.000,45,2582,1.0000,0.0174,0.0000,23.647
rolling64,76,23,48,54,41,AStar-Euclidean,true,true,121,121,true,0.000,45,1668,0.6460,0.0270,0.2562,10.039
rolling64,76,23,48,54,41,AStar-Manhattan,true,true,121,121,true,0.000,45,1477,0.5720,0.0305,0.3140,7.867
rolling64,76,23,48,54,41,AStar-Ascent,true,true,121,121,true,0.000,45,2024,0.7839,0.0222,0.0000,15.378
rolling64,76,23,48,54,41,AStar-Manhattan+Ascent,true,true,121,121,true,0.000,45,890,0.3447,0.0506,0.3140,3.069
rolling64,76,23,48,54,41,AStar-AbsHeight,false,true,146,121,false,20.661,51,3031,1.1739,0.0168,0.1983,28.377
rolling64,77,54,7,21,44,BranchAndBound,true,true,223,223,true,0.000,71,3767,1.0000,0.0188,0.0000,48.037
rolling64,77,54,7,21,44,AStar-Euclidean,true,true,223,223,true,0.000,71,3501,0.9294,0.0203,0.2197,41.921
rolling64,77,54,7,21,44,AStar-Manhattan,true,true,223,223,true,0.000,71,3306,0.8776,0.0215,0.3139,37.814
rolling64,77,54,7,21,44,AStar-Ascent,true,true,223,223,true,0.000,71,2107,0.5593,0.0337,0.2646,16.411
rolling64,77,54,7,21,44,AStar-Manhattan+Ascent,true,true,223,223,true,0.000,71,1470,0.3902,0.0483,0.5785,8.500
rolling64,77,54,7,21,44,AStar-AbsHeight,false,true,223,223,true,0.000,71,2181,0.5790,0.0326,0.2646,17.130
rolling64,78,44,52,3,12,BranchAndBound,true,true,144,144,true,0.000,82,3383,1.0000,0.0242,0.0000,40.334
rolling64,78,44,52,3,12,AStar-Euclidean,true,true,144,144,true,0.000,82,2812,0.8312,0.0292,0.3958,27.723
rolling64,78,44,52,3,12,AStar-Manhattan,true,true,144,144,true,0.000,82,2545,0.7523,0.0322,0.5625,23.665
rolling64,78,44,52,3,12,AStar-Ascent,true,true,144,144,true,0.000,82,3341,0.9876,0.0245,0.0000,39.905
rolling64,78,44,52,3,12,AStar-Manhattan+Ascent,true,true,144,144,true,0.000,82,2453,0.7251,0.0334,0.5625,22.748
rolling64,78,44,52,3,12,AStar-AbsHeight,false,true,149,144,false,3.472,84,12203,3.6072,0.0069,0.8056,96.807
rolling64,79,28,2,43,49,BranchAndBound,true,true,268,268,true,0.000,71,3752,1.0000,0.0189,0.0000,48.789
rolling64,79,28,2,43,49,AStar-Euclidean,true,true,268,268,true,0.000,71,3589,0.9566,0.0198,0.1828,44.061
rolling64,79,28,2,43,49,AStar-Manhattan,true,true,268,268,true,0.000,71,3483,0.9283,0.0204,0.2313,42.399
rolling64,79,28,2,43,49,AStar-Ascent,true,true,268,268,true,0.000,65,2340,0.6237,0.0278,0.5560,20.298
rolling64,79,28,2,43,49,AStar-Manhattan+Ascent,true,true,268,268,true,0.000,65,1390,0.3705,0.0468,0.7873,7.287
rolling64,79,28,2,43,49,AStar-AbsHeight,false,true,268,268,true,0.000,65,2267,0.6042,0.0287,0.5560,18.307
rolling64,80,29,6,3,36,BranchAndBound,true,true,139,139,true,0.000,59,1586,1.0000,0.0372,0.0000,8.755
rolling64,80,29,6,3,36,AStar-Euclidean,true,true,139,139,true,0.000,59,1216,0.7667,0.0485,0.2806,5.176
rolling64,80,29,6,3,36,AStar-Manhattan,true,true,139,139,true,0.000,59,1123,0.7081,0.0525,0.4029,4.376
rolling64,80,29,6,3,36,AStar-Ascent,true,true,139,139,true,0.000,59,1546,0.9748,0.0382,0.0000,8.263
rolling64,80,29,6,3,36,AStar-Manhattan+Ascent,true,true,139,139,true,0.000,59,1116,0.7037,0.0529,0.4029,4.432
rolling64,80,29,6,3,36,AStar-AbsHeight,false,true,142,139,false,2.158,59,1335,0.8417,0.0442,0.1367,5.297
rolling64,81,0,37,18,62,BranchAndBound,true,true,112,112,true,0.000,46,767,1.0000,0.0600,0.0000,2.289
rolling64,81,0,37,18,62,AStar-Euclidean,true,true,112,112,true,0.000,46,408,0.5319,0.1127,0.2679,0.660
rolling64,81,0,37,18,62,AStar-Manhattan,true,true,112,112,true,0.000,46,371,0.4837,0.1240,0.3839,0.550
rolling64,81,0,37,18,62,AStar-Ascent,true,true,112,112,true,0.000,46,767,1.0000,0.0600,0.0000,2.294
rolling64,81,0,37,18,62,AStar-Manhattan+Ascent,true,true,112,112,true,0.000,46,371,0.4837,0.1240,0.3839,0.541
rolling64,81,0,37,18,62,AStar-AbsHeight,false,true,112,112,true,0.000,46,291,0.3794,0.1581,0.0446,0.325
rolling64,82,28,48,50,37,BranchAndBound,true,true,103,103,true,0.000,36,2198,1.0000,0.0164,0.0000,17.516
rolling64,82,28,48,50,37,AStar-Euclidean,true,true,103,103,true,0.000,36,1442,0.6561,0.0250,0.2330,7.567
rolling64,82,28,48,50,37,AStar-Manhattan,true,true,103,103,true,0.000,36,1245,0.5664,0.0289,0.3204,5.701
rolling64,82,28,48,50,37,AStar-Ascent,true,true,103,103,true,0.000,36,648,0.2948,0.0556,0.1650,1.630
rolling64,82,28,48,50,37,AStar-Manhattan+Ascent,true,true,103,103,true,0.000,36,306,0.1392,0.1176,0.4854,0.427
rolling64,82,28,48,50,37,AStar-AbsHeight,false,true,103,103,true,0.000,36,585,0.2662,0.0615,0.1650,1.354
rolling64,83,1,23,42,13,BranchAndBound,true,true,269,269,true,0.000,60,4031,1.0000,0.0149,0.0000,56.551
rolling64,83,1,23,42,13,AStar-Euclidean,true,true,269,269,true,0.000,60,3630,0.9005,0.0165,0.1561,46.054
rolling64,83,1,23,42,13,AStar-Manhattan,true,true,269,269,true,0.000,60,3561,0.8834,0.0168,0.1896,43.050
rolling64,83,1,23,42,13,AStar-Ascent,true,true,269,269,true,0.000,60,1741,0.4319,0.0345,0.6320,11.171
rolling64,83,1,23,42,13,AStar-Manhattan+Ascent,true,true,269,269,true,0.000,60,714,0.1771,0.0840,0.8216,2.001
rolling64,83,1,23,42,13,AStar-AbsHeight,false,true,269,269,true,0.000,60,1896,0.4704,0.0316,0.6320,13.418
rolling64,84,42,7,47,52,BranchAndBound,true,true,183,183,true,0.000,61,3031,1.0000,0.0201,0.0000,31.185
rolling64,84,42,7,47,52,AStar-Euclidean,true,true,183,183,true,0.000,61,2609,0.8608,0.0234,0.2459,23.238
rolling64,84,42,7,47,52,AStar-Manhattan,true,true,183,183,true,0.000,61,2379,0.7849,0.0256,0.2732,19.761
rolling64,84,42,7,47,52,AStar-Ascent,true,true,183,183,true,0.000,61,2070,0.6829,0.0295,0.0820,15.432
rolling64,84,42,7,47,52,AStar-Manhattan+Ascent,true,true,183,183,true,0.000,61,1011,0.3336,0.0603,0.3552,4.023
rolling64,84,42,7,47,52,AStar-AbsHeight,false,true,183,183,true,0.000,61,2036,0.6717,0.0300,0.0820,14.600
rolling64,85,33,39,15,3,BranchAndBound,true,true,104,104,true,0.000,55,3229,1.0000,0.0170,0.0000,38.359
rolling64,85,33,39,15,3,AStar-Euclidean,true,true,104,104,true,0.000,55,1361,0.4215,0.0404,0.3846,7.065
rolling64,85,33,39,15,3,AStar-Manhattan,true,true,104,104,true,0.000,55,1099,0.3404,0.0500,0.5192,4.657
rolling64,85,33,39,15,3,AStar-Ascent,true,true,104,104,true,0.000,55,2795,0.8656,0.0197,0.0000,28.668
rolling64,85,33,39,15,3,AStar-Manhattan+Ascent,true,true,104,104,true,0.000,55,912,0.2824,0.0603,0.5192,3.225
rolling64,85,33,39,15,3,AStar-AbsHeight,false,true,104,104,true,0.000,55,1773,0.5491,0.0310,0.6538,6.697
rolling64,86,9,63,12,3,BranchAndBound,true,true,251,251,true,0.000,74,2892,1.0000,0.0256,0.0000,29.547
rolling64,86,9,63,12,3,AStar-Euclidean,true,true,251,251,true,0.000,74,2037,0.7044,0.0363,0.2390,14.958
rolling64,86,9,63,12,3,AStar-Manhattan,true,true,251,251,true,0.000,74,1804,0.6238,0.0410,0.2510,12.201
rolling64,86,9,63,12,3,AStar-Ascent,true,true,251,251,true,0.000,72,2722,0.9412,0.0265,0.2271,26.316
rolling64,86,9,63,12,3,AStar-Manhattan+Ascent,true,true,251,251,true,0.000,72,1566,0.5415,0.0460,0.4781,8.579
rolling64,86,9,63,12,3,AStar-AbsHeight,false,true,251,251,true,0.000,72,2320,0.8022,0.0310,0.2271,18.002
rolling64,87,10,28,23,9,BranchAndBound,true,true,66,66,true,0.000,33,981,1.0000,0.0336,0.0000,3.592
rolling64,87,10,28,23,9,AStar-Euclidean,true,true,66,66,true,0.000,33,690,0.7034,0.0478,0.3485,1.873
rolling64,87,10,28,23,9,AStar-Manhattan,true,true,66,66,true,0.000,33,561,0.5719,0.0588,0.4848,1.291
rolling64,87,10,28,23,9,AStar-Ascent,true,true,66,66,true,0.000,33,917,0.9348,0.0360,0.0000,3.256
rolling64,87,10,28,23,9,AStar-Manhattan+Ascent,true,true,66,66,true,0.000,33,491,0.5005,0.0672,0.4848,1.089
rolling64,87,10,28,23,9,AStar-AbsHeight,false,true,67,66,false,1.515,33,1289,1.3140,0.0256,0.7424,4.038
rolling64,88,46,62,38,2,BranchAndBound,true,true,218,218,true,0.000,81,3681,1.0000,0.0220,0.0000,48.245
rolling64,88,46,62,38,2,AStar-Euclidean,true,true,218,218,true,0.000,81,3274,0.8894,0.0247,0.2752,37.367
rolling64,88,46,62,38,2,AStar-Manhattan,true,true,218,218,true,0.000,81,2926,0.7949,0.0277,0.3119,30.812
rolling64,88,46,62,38,2,AStar-Ascent,true,true,218,218,true,0.000,81,3571,0.9701,0.0227,0.0000,44.662
rolling64,88,46,62,38,2,AStar-Manhattan+Ascent,true,true,218,218,true,0.000,81,2699,0.7332,0.0300,0.3119,26.048
rolling64,88,46,62,38,2,AStar-AbsHeight,false,true,240,218,false,10.092,95,8645,2.3485,0.0110,0.2156,114.349
rolling64,89,58,3,20,13,BranchAndBound,true,true,182,182,true,0.000,55,1186,1.0000,0.0464,0.0000,4.857
rolling64,89,58,3,20,13,AStar-Euclidean,true,true,182,182,true,0.000,55,767,0.6467,0.0717,0.2143,2.019
rolling64,89,58,3,20,13,AStar-Manhattan,true,true,182,182,true,0.000,55,679,0.5725,0.0810,0.2637,1.426
rolling64,89,58,3,20,13,AStar-Ascent,true,true,182,182,true,0.000,55,1183,0.9975,0.0465,0.0330,4.806
rolling64,89,58,3,20,13,AStar-Manhattan+Ascent,true,true,182,182,true,0.000,55,676,0.5700,0.0814,0.2967,1.547
rolling64,89,58,3,20,13,AStar-AbsHeight,false,true,182,182,true,0.000,55,753,0.6349,0.0730,0.0330,1.857
rolling64,90,58,63,8,32,BranchAndBound,true,true,267,267,true,0.000,84,3637,1.0000,0.0231,0.0000,46.723
rolling64,90,58,63,8,32,AStar-Euclidean,true,true,267,267,true,0.000,84,3116,0.8568,0.0270,0.2172,33.895
rolling64,90,58,63,8,32,AStar-Manhattan,true,true,267,267,true,0.000,84,2933,0.8064,0.0286,0.3034,29.958
rolling64,90,58,63,8,32,AStar-Ascent,true,true,267,267,true,0.000,84,2895,0.7960,0.0290,0.2247,29.628
rolling64,90,58,63,8,32,AStar-Manhattan+Ascent,true,true,267,267,true,0.000,84,2195,0.6035,0.0383,0.5281,16.959
rolling64,90,58,63,8,32,AStar-AbsHeight,false,true,267,267,true,0.000,84,3098,0.8518,0.0271,0.2247,27.245
rolling64,91,33,6,42,47,BranchAndBound,true,true,238,238,true,0.000,65,3952,1.0000,0.0164,0.0000,50.838
rolling64,91,33,6,42,47,AStar-Euclidean,true,true,238,238,true,0.000,65,3632,0.9190,0.0179,0.1723,45.425
rolling64,91,33,6,42,47,AStar-Manhattan,true,true,238,238,true,0.000,65,3474,0.8790,0.0187,0.2101,41.378
rolling64,91,33,6,42,47,AStar-Ascent,true,true,238,238,true,0.000,65,2179,0.5514,0.0298,0.4118,17.014
rolling64,91,33,6,42,47,AStar-Manhattan+Ascent,true,true,238,238,true,0.000,65,1151,0.2912,0.0565,0.6218,5.145
rolling64,91,33,6,42,47,AStar-AbsHeight,false,true,238,238,true,0.000,65,2169,0.5488,0.0300,0.4118,17.068
rolling64,92,37,40,0,30,BranchAndBound,true,true,119,119,true,0.000,54,3560,1.0000,0.0152,0.0000,44.864
rolling64,92,37,40,0,30,AStar-Euclidean,true,true,119,119,true,0.000,52,2508,0.7045,0.0207,0.3193,23.765
rolling64,92,37,40,0,30,AStar-Manhattan,true,true,119,119,true,0.000,54,1994,0.5601,0.0271,0.3950,14.720
rolling64,92,37,40,0,30,AStar-Ascent,true,true,119,119,true,0.000,52,3187,0.8952,0.0163,0.0000,36.248
rolling64,92,37,40,0,30,AStar-Manhattan+Ascent,true,true,119,119,true,0.000,52,1696,0.4764,0.0307,0.3950,10.759
rolling64,92,37,40,0,30,AStar-AbsHeight,false,true,119,119,true,0.000,52,3561,1.0003,0.0146,0.7311,23.019
rolling64,93,50,27,48,61,BranchAndBound,true,true,90,90,true,0.000,37,1546,1.0000,0.0239,0.0000,8.827
rolling64,93,50,27,48,61,AStar-Euclidean,true,true,90,90,true,0.000,39,824,0.5330,0.0473,0.3778,2.516
rolling64,93,50,27,48,61,AStar-Manhattan,true,true,90,90,true,0.000,39,725,0.4690,0.0538,0.4000,1.977
rolling64,93,50,27,48,61,AStar-Ascent,true,true,90,90,true,0.000,37,1231,0.7962,0.0301,0.0000,5.903
rolling64,93,50,27,48,61,AStar-Manhattan+Ascent,true,true,90,90,true,0.000,39,554,0.3583,0.0704,0.4000,1.240
rolling64,93,50,27,48,61,AStar-AbsHeight,false,true,113,90,false,25.556,41,1626,1.0517,0.0252,0.2556,8.106
rolling64,94,38,40,20,61,BranchAndBound,true,true,76,76,true,0.000,40,2306,1.0000,0.0173,0.0000,19.461
rolling64,94,38,40,20,61,AStar-Euclidean,true,true,76,76,true,0.000,40,737,0.3196,0.0543,0.3553,2.117
rolling64,94,38,40,20,61,AStar-Manhattan,true,true,76,76,true,0.000,40,510,0.2212,0.0784,0.5132,1.135
rolling64,94,38,40,20,61,AStar-Ascent,true,true,76,76,true,0.000,40,2289,0.9926,0.0175,0.0000,19.592
rolling64,94,38,40,20,61,AStar-Manhattan+Ascent,true,true,76,76,true,0.000,40,509,0.2207,0.0786,0.5132,1.110
rolling64,94,38,40,20,61,AStar-AbsHeight,false,true,172,76,false,126.316,86,10694,4.6375,0.0080,1.7237,130.046
rolling64,95,19,13,15,54,BranchAndBound,true,true,162,162,true,0.000,52,2024,1.0000,0.0257,0.0000,14.879
rolling64,95,19,13,15,54,AStar-Euclidean,true,true,162,162,true,0.000,52,1668,0.8241,0.0312,0.2531,9.933
rolling64,95,19,13,15,54,AStar-Manhattan,true,true,162,162,true,0.000,52,1550,0.7658,0.0335,0.2778,8.649
rolling64,95,19,13,15,54,AStar-Ascent,true,true,162,162,true,0.000,52,1890,0.9338,0.0275,0.2593,12.913
rolling64,95,19,13,15,54,AStar-Manhattan+Ascent,true,true,162,162,true,0.000,52,1282,0.6334,0.0406,0.5370,6.185
rolling64,95,19,13,15,54,AStar-AbsHeight,false,true,166,162,false,2.469,54,1661,0.8207,0.0325,0.2593,9.945
rolling64,96,2,24,59,17,BranchAndBound,true,true,182,182,true,0.000,71,2701,1.0000,0.0263,0.0000,25.631
rolling64,96,2,24,59,17,AStar-Euclidean,true,true,182,182,true,0.000,73,1990,0.7368,0.0367,0.3132,13.965
rolling64,96,2,24,59,17,AStar-Manhattan,true,true,182,182,true,0.000,71,1743,0.6453,0.0407,0.3516,10.861
rolling64,96,2,24,59,17,AStar-Ascent,true,true,182,182,true,0.000,71,2694,0.9974,0.0264,0.0000,25.446
rolling64,96,2,24,59,17,AStar-Manhattan+Ascent,true,true,182,182,true,0.000,71,1735,0.6424,0.0409,0.3516,10.737
rolling64,96,2,24,59,17,AStar-AbsHeight,false,true,195,182,false,7.143,75,3125,1.1570,0.0240,0.2198,27.067
rolling64,97,30,19,54,31,BranchAndBound,true,true,90,90,true,0.000,37,1925,1.0000,0.0192,0.0000,13.464
rolling64,97,30,19,54,31,AStar-Euclidean,true,true,90,90,true,0.000,37,1160,0.6026,0.0319,0.2889,5.059
rolling64,97,30,19,54,31,AStar-Manhattan,true,true,90,90,true,0.000,37,1017,0.5283,0.0364,0.4000,3.840
rolling64,97,30,19,54,31,AStar-Ascent,true,true,90,90,true,0.000,37,1051,0.5460,0.0352,0.0000,4.305
rolling64,97,30,19,54,31,AStar-Manhattan+Ascent,true,true,90,90,true,0.000,37,568,0.2951,0.0651,0.4000,1.296
rolling64,97,30,19,54,31,AStar-AbsHeight,false,true,90,90,true,0.000,37,1071,0.5564,0.0345,0.3444,3.469
rolling64,98,53,61,4,6,BranchAndBound,true,true,271,271,true,0.000,105,3959,1.0000,0.0265,0.0000,54.840
rolling64,98,53,61,4,6,AStar-Euclidean,true,true,271,271,true,0.000,105,3576,0.9033,0.0294,0.2694,43.915
rolling64,98,53,61,4,6,AStar-Manhattan,true,true,271,271,true,0.000,105,3447,0.8707,0.0305,0.3838,41.958
rolling64,98,53,61,4,6,AStar-Ascent,true,true,271,271,true,0.000,105,3869,0.9773,0.0271,0.0074,51.287
rolling64,98,53,61,4,6,AStar-Manhattan+Ascent,true,true,271,271,true,0.000,105,3196,0.8073,0.0329,0.3911,35.751
rolling64,98,53,61,4,6,AStar-AbsHeight,false,true,272,271,false,0.369,105,6711,1.6951,0.0156,0.0074,83.309
rolling64,99,31,51,47,12,BranchAndBound,true,true,229,229,true,0.000,68,4021,1.0000,0.0169,0.0000,55.225
rolling64,99,31,51,47,12,AStar-Euclidean,true,true,229,229,true,0.000,68,3973,0.9881,0.0171,0.1834,54.018
rolling64,99,31,51,47,12,AStar-Manhattan,true,true,229,229,true,0.000,68,3955,0.9836,0.0172,0.2402,53.589
rolling64,99,31,51,47,12,AStar-Ascent,true,true,229,229,true,0.000,68,2753,0.6847,0.0247,0.2445,27.158
rolling64,99,31,51,47,12,AStar-Manhattan+Ascent,true,true,229,229,true,0.000,68,1730,0.4302,0.0393,0.4847,11.421
rolling64,99,31,51,47,12,AStar-AbsHeight,false,true,229,229,true,0.000,68,2798,0.6958,0.0243,0.2445,27.991
rugged64,0,23,61,13,17,BranchAndBound,true,true,282,282,true,0.000,59,2159,1.0000,0.0273,0.0000,16.893
rugged64,0,23,61,13,17,AStar-Euclidean,true,true,282,282,true,0.000,59,1839,0.8518,0.0321,0.1596,12.100
rugged64,0,23,61,13,17,AStar-Manhattan,true,true,282,282,true,0.000,59,1718,0.7957,0.0343,0.1915,10.607
rugged64,0,23,61,13,17,AStar-Ascent,true,true,282,282,true,0.000,59,2065,0.9565,0.0286,0.0000,15.097
rugged64,0,23,61,13,17,AStar-Manhattan+Ascent,true,true,282,282,true,0.000,59,1677,0.7767,0.0352,0.1915,10.073
rugged64,0,23,61,13,17,AStar-AbsHeight,false,true,288,282,false,2.128,59,2524,1.1691,0.0234,0.0000,19.498
rugged64,1,43,1,25,56,BranchAndBound,true,true,373,373,true,0.000,78,3288,1.0000,0.0237,0.0000,36.886
rugged64,1,43,1,25,56,AStar-Euclidean,true,true,373,373,true,0.000,78,3100,0.9428,0.0252,0.1528,33.394
rugged64,1,43,1,25,56,AStar-Manhattan,true,true,373,373,true,0.000,78,3009,0.9151,0.0259,0.1957,31.740
rugged64,1,43,1,25,56,AStar-Ascent,true,true,373,373,true,0.000,78,3199,0.9729,0.0244,0.0241,35.822
rugged64,1,43,1,25,56,AStar-Manhattan+Ascent,true,true,373,373,true,0.000,78,2945,0.8957,0.0265,0.2198,29.569
rugged64,1,43,1,25,56,AStar-AbsHeight,false,true,373,373,true,0.000,78,4016,1.2214,0.0194,0.0241,44.397
rugged64,2,7,20,39,41,BranchAndBound,true,true,212,212,true,0.000,54,2166,1.0000,0.0249,0.0000,16.718
rugged64,2,7,20,39,41,AStar-Euclidean,true,true,212,212,true,0.000,54,1863,0.8601,0.0290,0.1792,12.895
rugged64,2,7,20,39,41,AStar-Manhattan,true,true,212,212,true,0.000,54,1809,0.8352,0.0299,0.2500,11.906
rugged64,2,7,20,39,41,AStar-Ascent,true,true,212,212,true,0.000,54,1929,0.8906,0.0280,0.0000,13.408
rugged64,2,7,20,39,41,AStar-Manhattan+Ascent,true,true,212,212,true,0.000,54,1507,0.6958,0.0358,0.2500,8.238
rugged64,2,7,20,39,41,AStar-AbsHeight,false,true,212,212,true,0.000,54,1929,0.8906,0.0280,0.1557,12.489
rugged64,3,51,43,15,8,BranchAndBound,true,true,354,354,true,0.000,74,3972,1.0000,0.0186,0.0000,53.980
rugged64,3,51,43,15,8,AStar-Euclidean,true,true,354,354,true,0.000,74,3793,0.9549,0.0195,0.1412,49.757
rugged64,3,51,43,15,8,AStar-Manhattan,true,true,354,354,true,0.000,74,3746,0.9431,0.0198,0.2006,48.954
rugged64,3,51,43,15,8,AStar-Ascent,true,true,354,354,true,0.000,74,3775,0.9504,0.0196,0.0480,48.976
rugged64,3,51,43,15,8,AStar-Manhattan+Ascent,true,true,354,354,true,0.000,74,3464,0.8721,0.0214,0.2486,43.072
rugged64,3,51,43,15,8,AStar-AbsHeight,false,true,354,354,true,0.000,74,4112,1.0352,0.0180,0.0480,52.688
rugged64,4,51,21,10,49,BranchAndBound,true,true,324,324,true,0.000,74,3423,1.0000,0.0216,0.0000,40.913
rugged64,4,51,21,10,49,AStar-Euclidean,true,true,324,324,true,0.000,74,3017,0.8814,0.0245,0.1512,32.375
rugged64,4,51,21,10,49,AStar-Manhattan,true,true,324,324,true,0.000,74,2954,0.8630,0.0251,0.2130,31.262
rugged64,4,51,21,10,49,AStar-Ascent,true,true,324,324,true,0.000,74,3150,0.9202,0.0235,0.1944,34.356
rugged64,4,51,21,10,49,AStar-Manhattan+Ascent,true,true,324,324,true,0.000,74,2604,0.7607,0.0284,0.4074,24.410
rugged64,4,51,21,10,49,AStar-AbsHeight,false,true,325,324,false,0.309,74,3198,0.9343,0.0231,0.1944,34.251
rugged64,5,42,39,26,62,BranchAndBound,true,true,162,162,true,0.000,46,1696,1.0000,0.0271,0.0000,10.765
rugged64,5,42,39,26,62,AStar-Euclidean,true,true,162,162,true,0.000,46,1339,0.7895,0.0344,0.1728,6.840
rugged64,5,42,39,26,62,AStar-Manhattan,true,true,162,162,true,0.000,46,1224,0.7217,0.0376,0.2407,5.852
rugged64,5,42,39,26,62,AStar-Ascent,true,true,162,162,true,0.000,46,1696,1.0000,0.0271,0.0000,10.488
rugged64,5,42,39,26,62,AStar-Manhattan+Ascent,true,true,162,162,true,0.000,46,1223,0.7211,0.0376,0.2407,5.681
rugged64,5,42,39,26,62,AStar-AbsHeight,false,true,172,162,false,6.173,40,2379,1.4027,0.0168,0.5000,14.175
rugged64,6,47,42,7,20,BranchAndBound,true,true,297,297,true,0.000,63,3741,1.0000,0.0168,0.0000,48.559
rugged64,6,47,42,7,20,AStar-Euclidean,true,true,297,297,true,0.000,63,3528,0.9431,0.0179,0.1515,43.518
rugged64,6,47,42,7,20,AStar-Manhattan,true,true,297,297,true,0.000,63,3423,0.9150,0.0184,0.2088,41.486
rugged64,6,47,42,7,20,AStar-Ascent,true,true,297,297,true,0.000,63,3101,0.8289,0.0203,0.0875,34.860
rugged64,6,47,42,7,20,AStar-Manhattan+Ascent,true,true,297,297,true,0.000,63,2533,0.6771,0.0249,0.2963,23.638
rugged64,6,47,42,7,20,AStar-AbsHeight,false,true,297,297,true,0.000,63,3107,0.8305,0.0203,0.0875,34.702
rugged64,7,24,11,19,47,BranchAndBound,true,true,259,259,true,0.000,52,2621,1.0000,0.0198,0.0000,24.015
rugged64,7,24,11,19,47,AStar-Euclidean,true,true,259,259,true,0.000,52,2365,0.9023,0.0220,0.1390,20.098
rugged64,7,24,11,19,47,AStar-Manhattan,true,true,259,259,true,0.000,52,2224,0.8485,0.0234,0.1583,17.939
rugged64,7,24,11,19,47,AStar-Ascent,true,true,259,259,true,0.000,52,2054,0.7837,0.0253,0.2471,15.030
rugged64,7,24,11,19,47,AStar-Manhattan+Ascent,true,true,259,259,true,0.000,52,1591,0.6070,0.0327,0.4054,9.202
rugged64,7,24,11,19,47,AStar-AbsHeight,false,true,259,259,true,0.000,52,2176,0.8302,0.0239,0.2471,16.004
rugged64,8,39,5,3,46,BranchAndBound,true,true,374,374,true,0.000,78,3598,1.0000,0.0217,0.0000,44.779
rugged64,8,39,5,3,46,AStar-Euclidean,true,true,374,374,true,0.000,78,3384,0.9405,0.0230,0.1444,39.386
rugged64,8,39,5,3,46,AStar-Manhattan,true,true,374,374,true,0.000,78,3311,0.9202,0.0236,0.2059,37.632
rugged64,8,39,5,3,46,AStar-Ascent,true,true,374,374,true,0.000,78,3290,0.9144,0.0237,0.0829,36.237
rugged64,8,39,5,3,46,AStar-Manhattan+Ascent,true,true,374,374,true,0.000,78,3028,0.8416,0.0258,0.2888,31.989
rugged64,8,39,5,3,46,AStar-AbsHeight,false,true,374,374,true,0.000,78,3305,0.9186,0.0236,0.0829,37.503
rugged64,9,50,17,2,59,BranchAndBound,true,true,422,422,true,0.000,97,4050,1.0000,0.0240,0.0000,55.445
rugged64,9,50,17,2,59,AStar-Euclidean,true,true,422,422,true,0.000,97,4033,0.9958,0.0241,0.1493,55.260
rugged64,9,50,17,2,59,AStar-Manhattan,true,true,422,422,true,0.000,97,4028,0.9946,0.0241,0.2133,54.462
rugged64,9,50,17,2,59,AStar-Ascent,true,true,422,422,true,0.000,97,3976,0.9817,0.0244,0.1730,54.852
rugged64,9,50,17,2,59,AStar-Manhattan+Ascent,true,true,422,422,true,0.000,97,3728,0.9205,0.0260,0.3863,47.306
rugged64,9,50,17,2,59,AStar-AbsHeight,false,true,422,422,true,0.000,97,4207,1.0388,0.0231,0.1730,58.542
rugged64,10,6,37,33,42,BranchAndBound,true,true,221,221,true,0.000,43,1685,1.0000,0.0255,0.0000,10.536
rugged64,10,6,37,33,42,AStar-Euclidean,true,true,221,221,true,0.000,43,1294,0.7680,0.0332,0.1222,6.196
rugged64,10,6,37,33,42,AStar-Manhattan,true,true,221,221,true,0.000,43,1166,0.6920,0.0369,0.1448,5.040
rugged64,10,6,37,33,42,AStar-Ascent,true,true,221,221,true,0.000,43,1333,0.7911,0.0323,0.3213,6.643
rugged64,10,6,37,33,42,AStar-Manhattan+Ascent,true,true,221,221,true,0.000,43,963,0.5715,0.0447,0.4661,3.380
rugged64,10,6,37,33,42,AStar-AbsHeight,false,true,221,221,true,0.000,43,1315,0.7804,0.0327,0.3213,6.256
rugged64,11,58,1,33,59,BranchAndBound,true,true,371,371,true,0.000,84,3047,1.0000,0.0276,0.0000,31.965
rugged64,11,58,1,33,59,AStar-Euclidean,true,true,371,371,true,0.000,84,2717,0.8917,0.0309,0.1698,25.797
rugged64,11,58,1,33,59,AStar-Manhattan,true,true,371,371,true,0.000,84,2514,0.8251,0.0334,0.2237,22.273
rugged64,11,58,1,33,59,AStar-Ascent,true,true,371,371,true,0.000,84,3011,0.9882,0.0279,0.0458,31.062
rugged64,11,58,1,33,59,AStar-Manhattan+Ascent,true,true,371,371,true,0.000,84,2447,0.8031,0.0343,0.2695,21.182
rugged64,11,58,1,33,59,AStar-AbsHeight,false,true,374,371,false,0.809,84,3058,1.0036,0.0275,0.0458,27.615
rugged64,12,1,18,41,22,BranchAndBound,true,true,284,284,true,0.000,49,2263,1.0000,0.0217,0.0000,18.411
rugged64,12,1,18,41,22,AStar-Euclidean,true,true,284,284,true,0.000,49,1969,0.8701,0.0249,0.1408,13.818
rugged64,12,1,18,41,22,AStar-Manhattan,true,true,284,284,true,0.000,49,1886,0.8334,0.0260,0.1549,12.891
rugged64,12,1,18,41,22,AStar-Ascent,true,true,284,284,true,0.000,49,1825,0.8065,0.0268,0.1056,11.505
rugged64,12,1,18,41,22,AStar-Manhattan+Ascent,true,true,284,284,true,0.000,49,1436,0.6346,0.0341,0.2606,7.495
rugged64,12,1,18,41,22,AStar-AbsHeight,false,true,284,284,true,0.000,49,1928,0.8520,0.0254,0.1056,12.653
rugged64,13,0,9,30,52,BranchAndBound,true,true,342,342,true,0.000,74,2477,1.0000,0.0299,0.0000,21.190
rugged64,13,0,9,30,52,AStar-Euclidean,true,true,342,342,true,0.000,74,2031,0.8199,0.0364,0.1520,14.701
rugged64,13,0,9,30,52,AStar-Manhattan,true,true,342,342,true,0.000,74,1933,0.7804,0.0383,0.2135,13.239
rugged64,13,0,9,30,52,AStar-Ascent,true,true,342,342,true,0.000,74,2330,0.9407,0.0318,0.1520,19.164
rugged64,13,0,9,30,52,AStar-Manhattan+Ascent,true,true,342,342,true,0.000,74,1900,0.7671,0.0389,0.3655,12.765
rugged64,13,0,9,30,52,AStar-AbsHeight,false,true,342,342,true,0.000,74,2696,1.0884,0.0274,0.1520,20.071
rugged64,14,37,2,25,54,BranchAndBound,true,true,366,366,true,0.000,71,3231,1.0000,0.0220,0.0000,36.639
rugged64,14,37,2,25,54,AStar-Euclidean,true,true,366,366,true,0.000,71,3038,0.9403,0.0234,0.1448,31.684
rugged64,14,37,2,25,54,AStar-Manhattan,true,true,366,366,true,0.000,71,2980,0.9223,0.0238,0.1749,31.034
rugged64,14,37,2,25,54,AStar-Ascent,true,true,366,366,true,0.000,71,3091,0.9567,0.0230,0.1202,32.332
rugged64,14,37,2,25,54,AStar-Manhattan+Ascent,true,true,366,366,true,0.000,71,2820,0.8728,0.0252,0.2951,27.505
rugged64,14,37,2,25,54,AStar-AbsHeight,false,true,366,366,true,0.000,71,3337,1.0328,0.0213,0.1202,35.058
rugged64,15,4,56,54,53,BranchAndBound,true,true,347,347,true,0.000,68,3253,1.0000,0.0209,0.0000,36.780
rugged64,15,4,56,54,53,AStar-Euclidean,true,true,347,347,true,0.000,68,2735,0.8408,0.0249,0.1441,26.097
rugged64,15,4,56,54,53,AStar-Manhattan,true,true,347,347,true,0.000,68,2541,0.7811,0.0268,0.1527,22.484
rugged64,15,4,56,54,53,AStar-Ascent,true,true,347,347,true,0.000,70,2232,0.6861,0.0314,0.0548,17.677
rugged64,15,4,56,54,53,AStar-Manhattan+Ascent,true,true,347,347,true,0.000,70,1841,0.5659,0.0380,0.2075,11.699
rugged64,15,4,56,54,53,AStar-AbsHeight,false,true,347,347,true,0.000,70,2236,0.6874,0.0313,0.0548,17.280
rugged64,16,54,6,8,51,BranchAndBound,true,true,398,398,true,0.000,94,3760,1.0000,0.0250,0.0000,48.144
rugged64,16,54,6,8,51,AStar-Euclidean,true,true,398,398,true,0.000,94,3539,0.9412,0.0266,0.1608,42.710
rugged64,16,54,6,8,51,AStar-Manhattan,true,true,398,398,true,0.000,94,3463,0.9210,0.0271,0.2286,40.801
rugged64,16,54,6,8,51,AStar-Ascent,true,true,398,398,true,0.000,94,3642,0.9686,0.0258,0.0427,45.819
rugged64,16,54,6,8,51,AStar-Manhattan+Ascent,true,true,398,398,true,0.000,94,3264,0.8681,0.0288,0.2714,37.627
rugged64,16,54,6,8,51,AStar-AbsHeight,false,true,401,398,false,0.754,94,3699,0.9838,0.0254,0.0427,43.874
rugged64,17,57,46,5,7,BranchAndBound,true,true,348,348,true,0.000,94,3835,1.0000,0.0245,0.0000,51.248
rugged64,17,57,46,5,7,AStar-Euclidean,true,true,348,348,true,0.000,94,3665,0.9557,0.0256,0.1868,46.152
rugged64,17,57,46,5,7,AStar-Manhattan,true,true,348,348,true,0.000,94,3612,0.9419,0.0260,0.2615,45.627
rugged64,17,57,46,5,7,AStar-Ascent,true,true,348,348,true,0.000,94,3821,0.9963,0.0246,0.0000,50.608
rugged64,17,57,46,5,7,AStar-Manhattan+Ascent,true,true,348,348,true,0.000,94,3585,0.9348,0.0262,0.2615,44.736
rugged64,17,57,46,5,7,AStar-AbsHeight,false,true,348,348,true,0.000,94,6619,1.7259,0.0142,0.5115,70.722
rugged64,18,51,42,2,12,BranchAndBound,true,true,340,340,true,0.000,80,3729,1.0000,0.0215,0.0000,47.470
rugged64,18,51,42,2,12,AStar-Euclidean,true,true,340,340,true,0.000,80,3540,0.9493,0.0226,0.1676,43.438
rugged64,18,51,42,2,12,AStar-Manhattan,true,true,340,340,true,0.000,80,3460,0.9279,0.0231,0.2324,41.792
rugged64,18,51,42,2,12,AStar-Ascent,true,true,340,340,true,0.000,80,3727,0.9995,0.0215,0.0000,48.679
rugged64,18,51,42,2,12,AStar-Manhattan+Ascent,true,true,340,340,true,0.000,80,3453,0.9260,0.0232,0.2324,42.481
rugged64,18,51,42,2,12,AStar-AbsHeight,false,true,356,340,false,4.706,84,5465,1.4655,0.0154,0.1294,65.552
rugged64,19,27,16,11,60,BranchAndBound,true,true,323,323,true,0.000,65,3509,1.0000,0.0185,0.0000,43.314
rugged64,19,27,16,11,60,AStar-Euclidean,true,true,323,323,true,0.000,65,3211,0.9151,0.0202,0.1424,35.700
rugged64,19,27,16,11,60,AStar-Manhattan,true,true,323,323,true,0.000,65,3070,0.8749,0.0212,0.1858,33.274
rugged64,19,27,16,11,60,AStar-Ascent,true,true,323,323,true,0.000,65,3480,0.9917,0.0187,0.0000,42.746
rugged64,19,27,16,11,60,AStar-Manhattan+Ascent,true,true,323,323,true,0.000,65,3045,0.8678,0.0213,0.1858,32.689
rugged64,19,27,16,11,60,AStar-AbsHeight,false,true,329,323,false,1.858,65,6519,1.8578,0.0100,0.0712,81.064
rugged64,20,2,52,1,14,BranchAndBound,true,true,257,257,true,0.000,46,1644,1.0000,0.0280,0.0000,9.438
rugged64,20,2,52,1,14,AStar-Euclidean,true,true,257,257,true,0.000,46,1277,0.7768,0.0360,0.1479,5.845
rugged64,20,2,52,1,14,AStar-Manhattan,true,true,257,257,true,0.000,46,1141,0.6940,0.0403,0.1518,4.613
rugged64,20,2,52,1,14,AStar-Ascent,true,true,257,257,true,0.000,46,1569,0.9544,0.0293,0.0000,8.567
rugged64,20,2,52,1,14,AStar-Manhattan+Ascent,true,true,257,257,true,0.000,46,1130,0.6873,0.0407,0.1518,4.584
rugged64,20,2,52,1,14,AStar-AbsHeight,false,true,257,257,true,0.000,46,2037,1.2391,0.0226,0.0506,10.474
rugged64,21,24,36,1,62,BranchAndBound,true,true,220,220,true,0.000,50,3241,1.0000,0.0154,0.0000,37.493
rugged64,21,24,36,1,62,AStar-Euclidean,true,true,220,220,true,0.000,50,2318,0.7152,0.0216,0.1545,19.410
rugged64,21,24,36,1,62,AStar-Manhattan,true,true,220,220,true,0.000,50,2064,0.6368,0.0242,0.2227,15.356
rugged64,21,24,36,1,62,AStar-Ascent,true,true,220,220,true,0.000,50,3179,0.9809,0.0157,0.0000,36.288
rugged64,21,24,36,1,62,AStar-Manhattan+Ascent,true,true,220,220,true,0.000,50,1978,0.6103,0.0253,0.2227,14.665
rugged64,21,24,36,1,62,AStar-AbsHeight,false,true,228,220,false,3.636,52,4929,1.5208,0.0105,0.2318,62.041
rugged64,22,9,31,33,41,BranchAndBound,true,true,196,196,true,0.000,39,1551,1.0000,0.0251,0.0000,8.724
rugged64,22,9,31,33,41,AStar-Euclidean,true,true,196,196,true,0.000,39,1159,0.7473,0.0336,0.1327,5.017
rugged64,22,9,31,33,41,AStar-Manhattan,true,true,196,196,true,0.000,39,1055,0.6802,0.0370,0.1735,4.135
rugged64,22,9,31,33,41,AStar-Ascent,true,true,196,196,true,0.000,39,1242,0.8008,0.0314,0.2347,5.853
rugged64,22,9,31,33,41,AStar-Manhattan+Ascent,true,true,196,196,true,0.000,39,899,0.5796,0.0434,0.4082,3.061
rugged64,22,9,31,33,41,AStar-AbsHeight,false,true,196,196,true,0.000,39,1171,0.7550,0.0333,0.2347,5.157
rugged64,23,2,35,27,48,BranchAndBound,true,true,178,178,true,0.000,39,1163,1.0000,0.0335,0.0000,5.240
rugged64,23,2,35,27,48,AStar-Euclidean,true,true,178,178,true,0.000,39,814,0.6999,0.0479,0.1573,2.463
rugged64,23,2,35,27,48,AStar-Manhattan,true,true,178,178,true,0.000,39,754,0.6483,0.0517,0.2135,2.110
rugged64,23,2,35,27,48,AStar-Ascent,true,true,178,178,true,0.000,39,1088,0.9355,0.0358,0.0000,4.464
rugged64,23,2,35,27,48,AStar-Manhattan+Ascent,true,true,178,178,true,0.000,39,742,0.6380,0.0526,0.2135,2.091
rugged64,23,2,35,27,48,AStar-AbsHeight,false,true,180,178,false,1.124,43,760,0.6535,0.0566,0.0393,2.206
rugged64,24,48,51,6,23,BranchAndBound,true,true,350,350,true,0.000,73,3844,1.0000,0.0190,0.0000,51.523
rugged64,24,48,51,6,23,AStar-Euclidean,true,true,350,350,true,0.000,73,3627,0.9435,0.0201,0.1429,45.101
rugged64,24,48,51,6,23,AStar-Manhattan,true,true,350,350,true,0.000,73,3522,0.9162,0.0207,0.2000,43.087
rugged64,24,48,51,6,23,AStar-Ascent,true,true,350,350,true,0.000,73,3046,0.7924,0.0240,0.1600,32.871
rugged64,24,48,51,6,23,AStar-Manhattan+Ascent,true,true,350,350,true,0.000,73,2564,0.6670,0.0285,0.3600,23.250
rugged64,24,48,51,6,23,AStar-AbsHeight,false,true,350,350,true,0.000,73,3246,0.8444,0.0225,0.1600,36.854
rugged64,25,2,49,55,56,BranchAndBound,true,true,404,404,true,0.000,75,3862,1.0000,0.0194,0.0000,52.350
rugged64,25,2,49,55,56,AStar-Euclidean,true,true,404,404,true,0.000,75,3496,0.9052,0.0215,0.1312,42.171
rugged64,25,2,49,55,56,AStar-Manhattan,true,true,404,404,true,0.000,75,3417,0.8848,0.0219,0.1485,40.523
rugged64,25,2,49,55,56,AStar-Ascent,true,true,404,404,true,0.000,75,2205,0.5709,0.0340,0.3317,17.181
rugged64,25,2,49,55,56,AStar-Manhattan+Ascent,true,true,404,404,true,0.000,75,1753,0.4539,0.0428,0.4802,10.863
rugged64,25,2,49,55,56,AStar-AbsHeight,false,true,404,404,true,0.000,75,2210,0.5722,0.0339,0.3317,16.716
rugged64,26,36,1,8,10,BranchAndBound,true,true,166,166,true,0.000,38,1054,1.0000,0.0361,0.0000,3.882
rugged64,26,36,1,8,10,AStar-Euclidean,true,true,166,166,true,0.000,38,750,0.7116,0.0507,0.1747,1.975
rugged64,26,36,1,8,10,AStar-Manhattan,true,true,166,166,true,0.000,38,709,0.6727,0.0536,0.2229,1.772
rugged64,26,36,1,8,10,AStar-Ascent,true,true,166,166,true,0.000,38,1046,0.9924,0.0363,0.0000,3.782
rugged64,26,36,1,8,10,AStar-Manhattan+Ascent,true,true,166,166,true,0.000,38,704,0.6679,0.0540,0.2229,1.748
rugged64,26,36,1,8,10,AStar-AbsHeight,false,true,192,166,false,15.663,46,1455,1.3805,0.0316,0.1867,4.628
rugged64,27,49,10,11,35,BranchAndBound,true,true,321,321,true,0.000,68,3335,1.0000,0.0204,0.0000,39.026
rugged64,27,49,10,11,35,AStar-Euclidean,true,true,321,321,true,0.000,68,3017,0.9046,0.0225,0.1402,31.737
rugged64,27,49,10,11,35,AStar-Manhattan,true,true,321,321,true,0.000,68,2928,0.8780,0.0232,0.1963,29.398
rugged64,27,49,10,11,35,AStar-Ascent,true,true,321,321,true,0.000,68,2920,0.8756,0.0233,0.0405,29.581
rugged64,27,49,10,11,35,AStar-Manhattan+Ascent,true,true,321,321,true,0.000,68,2531,0.7589,0.0269,0.2368,22.433
rugged64,27,49,10,11,35,AStar-AbsHeight,false,true,321,321,true,0.000,68,2920,0.8756,0.0233,0.0405,28.027
rugged64,28,7,33,48,60,BranchAndBound,true,true,340,340,true,0.000,69,3630,1.0000,0.0190,0.0000,44.917
rugged64,28,7,33,48,60,AStar-Euclidean,true,true,340,340,true,0.000,69,3348,0.9223,0.0206,0.1441,39.442
rugged64,28,7,33,48,60,AStar-Manhattan,true,true,340,340,true,0.000,69,3268,0.9003,0.0211,0.2000,37.787
rugged64,28,7,33,48,60,AStar-Ascent,true,true,340,340,true,0.000,69,3127,0.8614,0.0221,0.2029,35.314
rugged64,28,7,33,48,60,AStar-Manhattan+Ascent,true,true,340,340,true,0.000,69,2402,0.6617,0.0287,0.4029,21.300
rugged64,28,7,33,48,60,AStar-AbsHeight,false,true,340,340,true,0.000,69,3137,0.8642,0.0220,0.2029,35.239
rugged64,29,2,13,30,57,BranchAndBound,true,true,373,373,true,0.000,75,3106,1.0000,0.0241,0.0000,33.464
rugged64,29,2,13,30,57,AStar-Euclidean,true,true,373,373,true,0.000,75,2636,0.8487,0.0285,0.1394,24.342
rugged64,29,2,13,30,57,AStar-Manhattan,true,true,373,373,true,0.000,75,2482,0.7991,0.0302,0.1930,22.379
rugged64,29,2,13,30,57,AStar-Ascent,true,true,373,373,true,0.000,75,2806,0.9034,0.0267,0.1475,28.106
rugged64,29,2,13,30,57,AStar-Manhattan+Ascent,true,true,373,373,true,0.000,75,2346,0.7553,0.0320,0.3405,19.707
rugged64,29,2,13,30,57,AStar-AbsHeight,false,true,373,373,true,0.000,75,3585,1.1542,0.0209,0.1475,36.259
rugged64,30,52,37,16,7,BranchAndBound,true,true,324,324,true,0.000,67,3615,1.0000,0.0185,0.0000,45.546
rugged64,30,52,37,16,7,AStar-Euclidean,true,true,324,324,true,0.000,67,3267,0.9037,0.0205,0.1420,38.670
rugged64,30,52,37,16,7,AStar-Manhattan,true,true,324,324,true,0.000,67,3175,0.8783,0.0211,0.2037,35.516
rugged64,30,52,37,16,7,AStar-Ascent,true,true,324,324,true,0.000,67,3452,0.9549,0.0194,0.1358,42.757
rugged64,30,52,37,16,7,AStar-Manhattan+Ascent,true,true,324,324,true,0.000,67,2998,0.8293,0.0223,0.3395,32.600
rugged64,30,52,37,16,7,AStar-AbsHeight,false,true,324,324,true,0.000,67,3960,1.0954,0.0169,0.1358,48.895
rugged64,31,30,14,4,62,BranchAndBound,true,true,396,396,true,0.000,75,3951,1.0000,0.0190,0.0000,53.518
rugged64,31,30,14,4,62,AStar-Euclidean,true,true,396,396,true,0.000,75,3766,0.9532,0.0199,0.1364,49.556
rugged64,31,30,14,4,62,AStar-Manhattan,true,true,396,396,true,0.000,75,3735,0.9453,0.0201,0.1869,48.901
rugged64,31,30,14,4,62,AStar-Ascent,true,true,396,396,true,0.000,77,3774,0.9552,0.0204,0.1364,48.657
rugged64,31,30,14,4,62,AStar-Manhattan+Ascent,true,true,396,396,true,0.000,77,3452,0.8737,0.0223,0.3232,40.743
rugged64,31,30,14,4,62,AStar-AbsHeight,false,true,412,396,false,4.040,75,3877,0.9813,0.0193,0.1364,50.226
rugged64,32,52,4,1,24,BranchAndBound,true,true,356,356,true,0.000,80,3145,1.0000,0.0254,0.0000,33.584
rugged64,32,52,4,1,24,AStar-Euclidean,true,true,356,356,true,0.000,80,2683,0.8531,0.0298,0.1517,24.850
rugged64,32,52,4,1,24,AStar-Manhattan,true,true,356,356,true,0.000,80,2561,0.8143,0.0312,0.1994,22.538
rugged64,32,52,4,1,24,AStar-Ascent,true,true,356,356,true,0.000,80,3070,0.9762,0.0261,0.0449,32.912
rugged64,32,52,4,1,24,AStar-Manhattan+Ascent,true,true,356,356,true,0.000,80,2530,0.8045,0.0316,0.2444,22.020
rugged64,32,52,4,1,24,AStar-AbsHeight,false,true,390,356,false,9.551,86,4139,1.3161,0.0208,0.0449,50.162
rugged64,33,28,45,21,19,BranchAndBound,true,true,182,182,true,0.000,36,2216,1.0000,0.0162,0.0000,17.995
rugged64,33,28,45,21,19,AStar-Euclidean,true,true,182,182,true,0.000,36,1792,0.8087,0.0201,0.1429,11.913
rugged64,33,28,45,21,19,AStar-Manhattan,true,true,182,182,true,0.000,36,1626,0.7338,0.0221,0.1813,10.002
rugged64,33,28,45,21,19,AStar-Ascent,true,true,182,182,true,0.000,36,1975,0.8912,0.0182,0.0000,14.397
rugged64,33,28,45,21,19,AStar-Manhattan+Ascent,true,true,182,182,true,0.000,36,1356,0.6119,0.0265,0.1813,6.842
rugged64,33,28,45,21,19,AStar-AbsHeight,false,true,194,182,false,6.593,42,2607,1.1764,0.0161,0.0275,21.351
rugged64,34,13,9,30,41,BranchAndBound,true,true,208,208,true,0.000,52,1871,1.0000,0.0278,0.0000,12.627
rugged64,34,13,9,30,41,AStar-Euclidean,true,true,208,208,true,0.000,52,1565,0.8365,0.0332,0.1731,8.942
rugged64,34,13,9,30,41,AStar-Manhattan,true,true,208,208,true,0.000,52,1489,0.7958,0.0349,0.2356,7.973
rugged64,34,13,9,30,41,AStar-Ascent,true,true,208,208,true,0.000,52,1767,0.9444,0.0294,0.0000,11.212
rugged64,34,13,9,30,41,AStar-Manhattan+Ascent,true,true,208,208,true,0.000,52,1457,0.7787,0.0357,0.2356,7.788
rugged64,34,13,9,30,41,AStar-AbsHeight,false,true,215,208,false,3.365,52,2181,1.1657,0.0238,0.3221,11.717
rugged64,35,58,47,8,31,BranchAndBound,true,true,269,269,true,0.000,71,2766,1.0000,0.0257,0.0000,27.205
rugged64,35,58,47,8,31,AStar-Euclidean,true,true,269,269,true,0.000,71,2340,0.8460,0.0303,0.1933,19.351
rugged64,35,58,47,8,31,AStar-Manhattan,true,true,269,269,true,0.000,71,2257,0.8160,0.0315,0.2454,18.399
rugged64,35,58,47,8,31,AStar-Ascent,true,true,269,269,true,0.000,71,2690,0.9725,0.0264,0.0000,25.285
rugged64,35,58,47,8,31,AStar-Manhattan+Ascent,true,true,269,269,true,0.000,71,2189,0.7914,0.0324,0.2454,16.964
rugged64,35,58,47,8,31,AStar-AbsHeight,false,true,269,269,true,0.000,71,3831,1.3850,0.0185,0.4164,30.708
rugged64,36,54,61,14,55,BranchAndBound,true,true,324,324,true,0.000,57,3201,1.0000,0.0178,0.0000,36.211
rugged64,36,54,61,14,55,AStar-Euclidean,true,true,324,324,true,0.000,57,2679,0.8369,0.0213,0.1235,25.155
rugged64,36,54,61,14,55,AStar-Manhattan,true,true,324,324,true,0.000,57,2495,0.7794,0.0228,0.1420,21.715
rugged64,36,54,61,14,55,AStar-Ascent,true,true,324,324,true,0.000,57,1392,0.4349,0.0409,0.0463,6.825
rugged64,36,54,61,14,55,AStar-Manhattan+Ascent,true,true,324,324,true,0.000,57,1008,0.3149,0.0565,0.1883,3.515
rugged64,36,54,61,14,55,AStar-AbsHeight,false,true,324,324,true,0.000,57,1553,0.4852,0.0367,0.0463,8.352
rugged64,37,47,27,14,52,BranchAndBound,true,true,301,301,true,0.000,61,3683,1.0000,0.0166,0.0000,46.073
rugged64,37,47,27,14,52,AStar-Euclidean,true,true,301,301,true,0.000,61,3231,0.8773,0.0189,0.1362,37.061
rugged64,37,47,27,14,52,AStar-Manhattan,true,true,301,301,true,0.000,61,3165,0.8594,0.0193,0.1927,36.210
rugged64,37,47,27,14,52,AStar-Ascent,true,true,301,301,true,0.000,61,2569,0.6975,0.0237,0.3256,23.545
rugged64,37,47,27,14,52,AStar-Manhattan+Ascent,true,true,301,301,true,0.000,61,1863,0.5058,0.0327,0.5183,13.310
rugged64,37,47,27,14,52,AStar-AbsHeight,false,true,301,301,true,0.000,61,2522,0.6848,0.0242,0.3256,23.682
rugged64,38,47,48,11,52,BranchAndBound,true,true,263,263,true,0.000,45,2294,1.0000,0.0196,0.0000,18.755
rugged64,38,47,48,11,52,AStar-Euclidean,true,true,263,263,true,0.000,45,1945,0.8479,0.0231,0.1369,13.633
rugged64,38,47,48,11,52,AStar-Manhattan,true,true,263,263,true,0.000,45,1848,0.8056,0.0244,0.1521,12.485
rugged64,38,47,48,11,52,AStar-Ascent,true,true,263,263,true,0.000,45,2034,0.8867,0.0221,0.2205,15.225
rugged64,38,47,48,11,52,AStar-Manhattan+Ascent,true,true,263,263,true,0.000,45,1385,0.6037,0.0325,0.3726,7.095
rugged64,38,47,48,11,52,AStar-AbsHeight,false,true,263,263,true,0.000,45,2091,0.9115,0.0215,0.2205,15.102
rugged64,39,21,63,17,7,BranchAndBound,true,true,390,390,true,0.000,77,3474,1.0000,0.0222,0.0000,43.415
rugged64,39,21,63,17,7,AStar-Euclidean,true,true,390,390,true,0.000,77,3044,0.8762,0.0253,0.1436,33.904
rugged64,39,21,63,17,7,AStar-Manhattan,true,true,390,390,true,0.000,77,2877,0.8282,0.0268,0.1538,29.798
rugged64,39,21,63,17,7,AStar-Ascent,true,true,390,390,true,0.000,77,3227,0.9289,0.0239,0.1205,37.158
rugged64,39,21,63,17,7,AStar-Manhattan+Ascent,true,true,390,390,true,0.000,77,2540,0.7311,0.0303,0.2744,23.633
rugged64,39,21,63,17,7,AStar-AbsHeight,false,true,391,390,false,0.256,79,3099,0.8921,0.0255,0.1205,30.655
rugged64,40,11,27,61,40,BranchAndBound,true,true,364,364,true,0.000,70,3876,1.0000,0.0181,0.0000,51.396
rugged64,40,11,27,61,40,AStar-Euclidean,true,true,364,364,true,0.000,70,3814,0.9840,0.0184,0.1401,50.520
rugged64,40,11,27,61,40,AStar-Manhattan,true,true,364,364,true,0.000,70,3793,0.9786,0.0185,0.1731,50.589
rugged64,40,11,27,61,40,AStar-Ascent,true,true,364,364,true,0.000,66,3066,0.7910,0.0215,0.2198,34.040
rugged64,40,11,27,61,40,AStar-Manhattan+Ascent,true,true,364,364,true,0.000,66,2586,0.6672,0.0255,0.3929,24.438
rugged64,40,11,27,61,40,AStar-AbsHeight,false,true,364,364,true,0.000,66,3068,0.7915,0.0215,0.2198,33.754
rugged64,41,0,41,28,46,BranchAndBound,true,true,201,201,true,0.000,36,1012,1.0000,0.0356,0.0000,3.873
rugged64,41,0,41,28,46,AStar-Euclidean,true,true,201,201,true,0.000,36,853,0.8429,0.0422,0.1393,2.756
rugged64,41,0,41,28,46,AStar-Manhattan,true,true,201,201,true,0.000,36,803,0.7935,0.0448,0.1642,2.451
rugged64,41,0,41,28,46,AStar-Ascent,true,true,201,201,true,0.000,36,996,0.9842,0.0361,0.0796,3.817
rugged64,41,0,41,28,46,AStar-Manhattan+Ascent,true,true,201,201,true,0.000,36,782,0.7727,0.0460,0.2438,2.365
rugged64,41,0,41,28,46,AStar-AbsHeight,false,true,201,201,true,0.000,36,1240,1.2253,0.0290,0.0796,5.152
rugged64,42,58,20,11,31,BranchAndBound,true,true,303,303,true,0.000,73,3000,1.0000,0.0243,0.0000,31.578
rugged64,42,58,20,11,31,AStar-Euclidean,true,true,303,303,true,0.000,73,2628,0.8760,0.0278,0.1584,24.839
rugged64,42,58,20,11,31,AStar-Manhattan,true,true,303,303,true,0.000,73,2500,0.8333,0.0292,0.1914,22.661
rugged64,42,58,20,11,31,AStar-Ascent,true,true,303,303,true,0.000,73,2872,0.9573,0.0254,0.0198,29.028
rugged64,42,58,20,11,31,AStar-Manhattan+Ascent,true,true,303,303,true,0.000,73,2320,0.7733,0.0315,0.2112,19.341
rugged64,42,58,20,11,31,AStar-AbsHeight,false,true,316,303,false,4.290,79,3022,1.0073,0.0261,0.0198,30.590
rugged64,43,38,48,59,1,BranchAndBound,true,true,258,258,true,0.000,69,3244,1.0000,0.0213,0.0000,37.971
rugged64,43,38,48,59,1,AStar-Euclidean,true,true,258,258,true,0.000,73,2519,0.7765,0.0290,0.1977,23.095
rugged64,43,38,48,59,1,AStar-Manhattan,true,true,258,258,true,0.000,69,2261,0.6970,0.0305,0.2636,18.745
rugged64,43,38,48,59,1,AStar-Ascent,true,true,258,258,true,0.000,69,3231,0.9960,0.0214,0.0000,37.334
rugged64,43,38,48,59,1,AStar-Manhattan+Ascent,true,true,258,258,true,0.000,69,2245,0.6920,0.0307,0.2636,18.371
rugged64,43,38,48,59,1,AStar-AbsHeight,false,true,260,258,false,0.775,69,4094,1.2620,0.0169,0.2713,37.176
rugged64,44,34,50,41,13,BranchAndBound,true,true,276,276,true,0.000,49,3466,1.0000,0.0141,0.0000,41.796
rugged64,44,34,50,41,13,AStar-Euclidean,true,true,276,276,true,0.000,49,3096,0.8932,0.0158,0.1341,34.499
rugged64,44,34,50,41,13,AStar-Manhattan,true,true,276,276,true,0.000,49,2971,0.8572,0.0165,0.1594,31.090
rugged64,44,34,50,41,13,AStar-Ascent,true,true,276,276,true,0.000,49,2813,0.8116,0.0174,0.0833,28.096
rugged64,44,34,50,41,13,AStar-Manhattan+Ascent,true,true,276,276,true,0.000,49,2134,0.6157,0.0230,0.2428,17.011
rugged64,44,34,50,41,13,AStar-AbsHeight,false,true,276,276,true,0.000,49,2850,0.8223,0.0172,0.0833,28.639
rugged64,45,0,5,39,9,BranchAndBound,true,true,256,256,true,0.000,54,1325,1.0000,0.0408,0.0000,6.367
rugged64,45,0,5,39,9,AStar-Euclidean,true,true,256,256,true,0.000,54,1088,0.8211,0.0496,0.1523,4.247
rugged64,45,0,5,39,9,AStar-Manhattan,true,true,256,256,true,0.000,54,1006,0.7592,0.0537,0.1680,3.514
rugged64,45,0,5,39,9,AStar-Ascent,true,true,256,256,true,0.000,52,1117,0.8430,0.0466,0.1680,4.313
rugged64,45,0,5,39,9,AStar-Manhattan+Ascent,true,true,256,256,true,0.000,52,897,0.6770,0.0580,0.3359,2.554
rugged64,45,0,5,39,9,AStar-AbsHeight,false,true,258,256,false,0.781,54,1281,0.9668,0.0422,0.1680,5.528
rugged64,46,58,49,34,6,BranchAndBound,true,true,344,344,true,0.000,70,3501,1.0000,0.0200,0.0000,42.247
rugged64,46,58,49,34,6,AStar-Euclidean,true,true,344,344,true,0.000,70,3139,0.8966,0.0223,0.1424,34.835
rugged64,46,58,49,34,6,AStar-Manhattan,true,true,344,344,true,0.000,70,2981,0.8515,0.0235,0.1948,31.137
rugged64,46,58,49,34,6,AStar-Ascent,true,true,344,344,true,0.000,70,2774,0.7923,0.0252,0.0000,26.382
rugged64,46,58,49,34,6,AStar-Manhattan+Ascent,true,true,344,344,true,0.000,70,2287,0.6532,0.0306,0.1948,18.911
rugged64,46,58,49,34,6,AStar-AbsHeight,false,true,344,344,true,0.000,70,2838,0.8106,0.0247,0.0203,27.355
rugged64,47,14,17,53,23,BranchAndBound,true,true,234,234,true,0.000,50,2350,1.0000,0.0213,0.0000,19.528
rugged64,47,14,17,53,23,AStar-Euclidean,true,true,234,234,true,0.000,50,1981,0.8430,0.0252,0.1667,14.404
rugged64,47,14,17,53,23,AStar-Manhattan,true,true,234,234,true,0.000,50,1837,0.7817,0.0272,0.1923,12.230
rugged64,47,14,17,53,23,AStar-Ascent,true,true,234,234,true,0.000,50,2350,1.0000,0.0213,0.0000,20.029
rugged64,47,14,17,53,23,AStar-Manhattan+Ascent,true,true,234,234,true,0.000,50,1837,0.7817,0.0272,0.1923,12.384
rugged64,47,14,17,53,23,AStar-AbsHeight,false,true,274,234,false,17.094,78,3425,1.4574,0.0228,0.2436,25.525
rugged64,48,30,38,60,48,BranchAndBound,true,true,241,241,true,0.000,43,3544,1.0000,0.0121,0.0000,43.964
rugged64,48,30,38,60,48,AStar-Euclidean,true,true,241,241,true,0.000,43,2688,0.7585,0.0160,0.1286,26.329
rugged64,48,30,38,60,48,AStar-Manhattan,true,true,241,241,true,0.000,43,2495,0.7040,0.0172,0.1660,23.520
rugged64,48,30,38,60,48,AStar-Ascent,true,true,241,241,true,0.000,43,2768,0.7810,0.0155,0.1784,28.327
rugged64,48,30,38,60,48,AStar-Manhattan+Ascent,true,true,241,241,true,0.000,43,1794,0.5062,0.0240,0.3444,12.505
rugged64,48,30,38,60,48,AStar-AbsHeight,false,true,262,241,false,8.714,45,3500,0.9876,0.0129,0.1784,43.433
rugged64,49,19,46,6,20,BranchAndBound,true,true,198,198,true,0.000,40,2443,1.0000,0.0164,0.0000,21.695
rugged64,49,19,46,6,20,AStar-Euclidean,true,true,198,198,true,0.000,40,1962,0.8031,0.0204,0.1465,14.073
rugged64,49,19,46,6,20,AStar-Manhattan,true,true,198,198,true,0.000,40,1810,0.7409,0.0221,0.1970,12.037
rugged64,49,19,46,6,20,AStar-Ascent,true,true,198,198,true,0.000,40,1769,0.7241,0.0226,0.0000,11.637
rugged64,49,19,46,6,20,AStar-Manhattan+Ascent,true,true,198,198,true,0.000,40,1320,0.5403,0.0303,0.1970,6.626
rugged64,49,19,46,6,20,AStar-AbsHeight,false,true,198,198,true,0.000,40,1839,0.7528,0.0218,0.0000,12.262
rugged64,50,38,13,0,46,BranchAndBound,true,true,319,319,true,0.000,74,3451,1.0000,0.0214,0.0000,40.864
rugged64,50,38,13,0,46,AStar-Euclidean,true,true,319,319,true,0.000,74,3213,0.9310,0.0230,0.1567,36.263
rugged64,50,38,13,0,46,AStar-Manhattan,true,true,319,319,true,0.000,74,3141,0.9102,0.0236,0.2226,34.651
rugged64,50,38,13,0,46,AStar-Ascent,true,true,319,319,true,0.000,74,3415,0.9896,0.0217,0.0000,40.430
rugged64,50,38,13,0,46,AStar-Manhattan+Ascent,true,true,319,319,true,0.000,74,3121,0.9044,0.0237,0.2226,34.065
rugged64,50,38,13,0,46,AStar-AbsHeight,false,true,319,319,true,0.000,74,4807,1.3929,0.0154,0.1254,51.644
rugged64,51,16,18,43,35,BranchAndBound,true,true,244,244,true,0.000,51,2237,1.0000,0.0228,0.0000,17.981
rugged64,51,16,18,43,35,AStar-Euclidean,true,true,244,244,true,0.000,51,1910,0.8538,0.0267,0.1270,13.344
rugged64,51,16,18,43,35,AStar-Manhattan,true,true,244,244,true,0.000,51,1850,0.8270,0.0276,0.1803,12.124
rugged64,51,16,18,43,35,AStar-Ascent,true,true,244,244,true,0.000,51,2142,0.9575,0.0238,0.0984,16.458
rugged64,51,16,18,43,35,AStar-Manhattan+Ascent,true,true,244,244,true,0.000,51,1807,0.8078,0.0282,0.2787,12.122
rugged64,51,16,18,43,35,AStar-AbsHeight,false,true,244,244,true,0.000,51,2471,1.1046,0.0206,0.0984,17.537
rugged64,52,14,58,63,30,BranchAndBound,true,true,319,319,true,0.000,82,2956,1.0000,0.0277,0.0000,31.276
rugged64,52,14,58,63,30,AStar-Euclidean,true,true,319,319,true,0.000,82,2385,0.8068,0.0344,0.1755,19.963
rugged64,52,14,58,63,30,AStar-Manhattan,true,true,319,319,true,0.000,82,2260,0.7645,0.0363,0.2414,17.914
rugged64,52,14,58,63,30,AStar-Ascent,true,true,319,319,true,0.000,82,2872,0.9716,0.0286,0.0000,29.247
rugged64,52,14,58,63,30,AStar-Manhattan+Ascent,true,true,319,319,true,0.000,82,2231,0.7547,0.0368,0.2414,17.751
rugged64,52,14,58,63,30,AStar-AbsHeight,false,true,319,319,true,0.000,82,3740,1.2652,0.0219,0.2696,31.314
rugged64,53,57,37,2,29,BranchAndBound,true,true,324,324,true,0.000,74,3539,1.0000,0.0209,0.0000,43.505
rugged64,53,57,37,2,29,AStar-Euclidean,true,true,324,324,true,0.000,74,3244,0.9166,0.0228,0.1698,37.539
rugged64,53,57,37,2,29,AStar-Manhattan,true,true,324,324,true,0.000,74,3110,0.8788,0.0238,0.1944,35.325
rugged64,53,57,37,2,29,AStar-Ascent,true,true,324,324,true,0.000,74,3466,0.9794,0.0214,0.0000,42.323
rugged64,53,57,37,2,29,AStar-Manhattan+Ascent,true,true,324,324,true,0.000,74,3050,0.8618,0.0243,0.1944,33.540
rugged64,53,57,37,2,29,AStar-AbsHeight,false,true,324,324,true,0.000,76,4203,1.1876,0.0181,0.1358,48.195
rugged64,54,11,4,45,49,BranchAndBound,true,true,372,372,true,0.000,80,3427,1.0000,0.0233,0.0000,40.555
rugged64,54,11,4,45,49,AStar-Euclidean,true,true,372,372,true,0.000,80,3217,0.9387,0.0249,0.1505,36.185
rugged64,54,11,4,45,49,AStar-Manhattan,true,true,372,372,true,0.000,80,3150,0.9192,0.0254,0.2124,34.242
rugged64,54,11,4,45,49,AStar-Ascent,true,true,372,372,true,0.000,80,3220,0.9396,0.0248,0.0860,35.315
rugged64,54,11,4,45,49,AStar-Manhattan+Ascent,true,true,372,372,true,0.000,80,2864,0.8357,0.0279,0.2984,29.203
rugged64,54,11,4,45,49,AStar-AbsHeight,false,true,372,372,true,0.000,80,3796,1.1077,0.0211,0.0860,43.449
rugged64,55,26,60,4,40,BranchAndBound,true,true,194,194,true,0.000,43,1280,1.0000,0.0336,0.0000,6.132
rugged64,55,26,60,4,40,AStar-Euclidean,true,true,194,194,true,0.000,43,948,0.7406,0.0454,0.1495,3.319
rugged64,55,26,60,4,40,AStar-Manhattan,true,true,194,194,true,0.000,43,905,0.7070,0.0475,0.2165,3.069
rugged64,55,26,60,4,40,AStar-Ascent,true,true,194,194,true,0.000,43,1270,0.9922,0.0339,0.0000,5.910
rugged64,55,26,60,4,40,AStar-Manhattan+Ascent,true,true,194,194,true,0.000,43,902,0.7047,0.0477,0.2165,3.056
rugged64,55,26,60,4,40,AStar-AbsHeight,false,true,197,194,false,1.546,43,1221,0.9539,0.0352,0.0000,5.091
rugged64,56,50,51,34,3,BranchAndBound,true,true,334,334,true,0.000,69,3572,1.0000,0.0193,0.0000,44.041
rugged64,56,50,51,34,3,AStar-Euclidean,true,true,334,334,true,0.000,69,3286,0.9199,0.0210,0.1497,37.571
rugged64,56,50,51,34,3,AStar-Manhattan,true,true,334,334,true,0.000,69,3109,0.8704,0.0222,0.1916,34.447
rugged64,56,50,51,34,3,AStar-Ascent,true,true,334,334,true,0.000,69,3380,0.9462,0.0204,0.0210,39.713
rugged64,56,50,51,34,3,AStar-Manhattan+Ascent,true,true,334,334,true,0.000,69,2859,0.8004,0.0241,0.2126,29.016
rugged64,56,50,51,34,3,AStar-AbsHeight,false,true,334,334,true,0.000,69,3653,1.0227,0.0189,0.0210,40.855
rugged64,57,59,53,36,14,BranchAndBound,true,true,297,297,true,0.000,63,2297,1.0000,0.0274,0.0000,18.847
rugged64,57,59,53,36,14,AStar-Euclidean,true,true,297,297,true,0.000,63,2006,0.8733,0.0314,0.1515,14.310
rugged64,57,59,53,36,14,AStar-Manhattan,true,true,297,297,true,0.000,63,1931,0.8407,0.0326,0.2088,13.562
rugged64,57,59,53,36,14,AStar-Ascent,true,true,297,297,true,0.000,63,2210,0.9621,0.0285,0.0000,17.471
rugged64,57,59,53,36,14,AStar-Manhattan+Ascent,true,true,297,297,true,0.000,63,1838,0.8002,0.0343,0.2088,11.969
rugged64,57,59,53,36,14,AStar-AbsHeight,false,true,297,297,true,0.000,63,3751,1.6330,0.0168,0.1987,28.753
rugged64,58,15,30,45,22,BranchAndBound,true,true,224,224,true,0.000,41,2909,1.0000,0.0141,0.0000,30.770
rugged64,58,15,30,45,22,AStar-Euclidean,true,true,224,224,true,0.000,41,2461,0.8460,0.0167,0.1384,22.279
rugged64,58,15,30,45,22,AStar-Manhattan,true,true,224,224,true,0.000,41,2284,0.7851,0.0180,0.1696,19.932
rugged64,58,15,30,45,22,AStar-Ascent,true,true,224,224,true,0.000,41,1946,0.6690,0.0211,0.2455,14.685
rugged64,58,15,30,45,22,AStar-Manhattan+Ascent,true,true,224,224,true,0.000,41,1363,0.4685,0.0301,0.4152,7.266
rugged64,58,15,30,45,22,AStar-AbsHeight,false,true,224,224,true,0.000,41,1938,0.6662,0.0212,0.2455,14.158
rugged64,59,2,3,25,54,BranchAndBound,true,true,330,330,true,0.000,75,2654,1.0000,0.0283,0.0000,25.476
rugged64,59,2,3,25,54,AStar-Euclidean,true,true,330,330,true,0.000,75,2153,0.8112,0.0348,0.1667,16.447
rugged64,59,2,3,25,54,AStar-Manhattan,true,true,330,330,true,0.000,75,2014,0.7589,0.0372,0.2242,14.435
rugged64,59,2,3,25,54,AStar-Ascent,true,true,330,330,true,0.000,75,2320,0.8742,0.0323,0.0000,19.173
rugged64,59,2,3,25,54,AStar-Manhattan+Ascent,true,true,330,330,true,0.000,75,1844,0.6948,0.0407,0.2242,12.167
rugged64,59,2,3,25,54,AStar-AbsHeight,false,true,330,330,true,0.000,75,2385,0.8986,0.0314,0.1121,18.850
rugged64,60,17,6,62,12,BranchAndBound,true,true,274,274,true,0.000,66,2508,1.0000,0.0263,0.0000,22.038
rugged64,60,17,6,62,12,AStar-Euclidean,true,true,274,274,true,0.000,66,2130,0.8493,0.0310,0.1642,15.810
rugged64,60,17,6,62,12,AStar-Manhattan,true,true,274,274,true,0.000,66,1914,0.7632,0.0345,0.1861,12.934
rugged64,60,17,6,62,12,AStar-Ascent,true,true,274,274,true,0.000,66,2194,0.8748,0.0301,0.1058,17.488
rugged64,60,17,6,62,12,AStar-Manhattan+Ascent,true,true,274,274,true,0.000,66,1624,0.6475,0.0406,0.2920,9.343
rugged64,60,17,6,62,12,AStar-AbsHeight,false,true,274,274,true,0.000,66,2565,1.0227,0.0257,0.1058,20.304
rugged64,61,23,4,41,26,BranchAndBound,true,true,191,191,true,0.000,43,1277,1.0000,0.0337,0.0000,5.834
rugged64,61,23,4,41,26,AStar-Euclidean,true,true,191,191,true,0.000,43,1041,0.8152,0.0413,0.1466,3.829
rugged64,61,23,4,41,26,AStar-Manhattan,true,true,191,191,true,0.000,43,983,0.7698,0.0437,0.2094,3.461
rugged64,61,23,4,41,26,AStar-Ascent,true,true,191,191,true,0.000,43,1210,0.9475,0.0355,0.0838,5.164
rugged64,61,23,4,41,26,AStar-Manhattan+Ascent,true,true,191,191,true,0.000,43,906,0.7095,0.0475,0.2932,2.970
rugged64,61,23,4,41,26,AStar-AbsHeight,false,true,191,191,true,0.000,43,1619,1.2678,0.0266,0.0838,8.488
rugged64,62,38,22,40,62,BranchAndBound,true,true,223,223,true,0.000,53,3152,1.0000,0.0168,0.0000,35.785
rugged64,62,38,22,40,62,AStar-Euclidean,true,true,223,223,true,0.000,53,2582,0.8192,0.0205,0.1794,24.148
rugged64,62,38,22,40,62,AStar-Manhattan,true,true,223,223,true,0.000,53,2396,0.7602,0.0221,0.1883,21.317
rugged64,62,38,22,40,62,AStar-Ascent,true,true,223,223,true,0.000,53,3152,1.0000,0.0168,0.0000,36.205
rugged64,62,38,22,40,62,AStar-Manhattan+Ascent,true,true,223,223,true,0.000,53,2378,0.7544,0.0223,0.1883,21.137
rugged64,62,38,22,40,62,AStar-AbsHeight,false,true,250,223,false,12.108,63,5046,1.6009,0.0125,0.3722,50.195
rugged64,63,20,59,31,27,BranchAndBound,true,true,212,212,true,0.000,44,1566,1.0000,0.0281,0.0000,8.632
rugged64,63,20,59,31,27,AStar-Euclidean,true,true,212,212,true,0.000,44,1391,0.8883,0.0316,0.1557,6.966
rugged64,63,20,59,31,27,AStar-Manhattan,true,true,212,212,true,0.000,44,1315,0.8397,0.0335,0.2028,6.195
rugged64,63,20,59,31,27,AStar-Ascent,true,true,212,212,true,0.000,44,1425,0.9100,0.0309,0.0000,7.184
rugged64,63,20,59,31,27,AStar-Manhattan+Ascent,true,true,212,212,true,0.000,44,1117,0.7133,0.0394,0.2028,4.620
rugged64,63,20,59,31,27,AStar-AbsHeight,false,true,212,212,true,0.000,44,1478,0.9438,0.0298,0.0377,7.750
rugged64,64,1,21,63,58,BranchAndBound,true,true,443,443,true,0.000,100,3974,1.0000,0.0252,0.0000,54.030
rugged64,64,1,21,63,58,AStar-Euclidean,true,true,443,443,true,0.000,100,3954,0.9950,0.0253,0.1625,54.374
rugged64,64,1,21,63,58,AStar-Manhattan,true,true,443,443,true,0.000,100,3938,0.9909,0.0254,0.2235,54.333
rugged64,64,1,21,63,58,AStar-Ascent,true,true,443,443,true,0.000,100,3970,0.9990,0.0252,0.0000,54.233
rugged64,64,1,21,63,58,AStar-Manhattan+Ascent,true,true,443,443,true,0.000,100,3931,0.9892,0.0254,0.2235,54.545
rugged64,64,1,21,63,58,AStar-AbsHeight,false,true,501,443,false,13.093,106,7276,1.8309,0.0146,0.2099,96.913
rugged64,65,24,42,37,12,BranchAndBound,true,true,225,225,true,0.000,48,2629,1.0000,0.0183,0.0000,25.036
rugged64,65,24,42,37,12,AStar-Euclidean,true,true,225,225,true,0.000,48,2191,0.8334,0.0219,0.1422,17.835
rugged64,65,24,42,37,12,AStar-Manhattan,true,true,225,225,true,0.000,48,2023,0.7695,0.0237,0.1911,15.715
rugged64,65,24,42,37,12,AStar-Ascent,true,true,225,225,true,0.000,48,2455,0.9338,0.0196,0.1244,22.425
rugged64,65,24,42,37,12,AStar-Manhattan+Ascent,true,true,225,225,true,0.000,48,1762,0.6702,0.0272,0.3156,11.887
rugged64,65,24,42,37,12,AStar-AbsHeight,false,true,225,225,true,0.000,48,3076,1.1700,0.0156,0.1244,28.935
rugged64,66,59,12,7,34,BranchAndBound,true,true,339,339,true,0.000,91,3257,1.0000,0.0279,0.0000,36.870
rugged64,66,59,12,7,34,AStar-Euclidean,true,true,339,339,true,0.000,91,2899,0.8901,0.0314,0.1652,29.789
rugged64,66,59,12,7,34,AStar-Manhattan,true,true,339,339,true,0.000,91,2769,0.8502,0.0329,0.2183,27.089
rugged64,66,59,12,7,34,AStar-Ascent,true,true,339,339,true,0.000,91,3198,0.9819,0.0285,0.0000,35.650
rugged64,66,59,12,7,34,AStar-Manhattan+Ascent,true,true,339,339,true,0.000,91,2671,0.8201,0.0341,0.2183,25.495
rugged64,66,59,12,7,34,AStar-AbsHeight,false,true,339,339,true,0.000,91,3680,1.1299,0.0247,0.1091,39.800
rugged64,67,55,48,21,51,BranchAndBound,true,true,169,169,true,0.000,44,1603,1.0000,0.0274,0.0000,9.322
rugged64,67,55,48,21,51,AStar-Euclidean,true,true,169,169,true,0.000,44,1416,0.8833,0.0311,0.2012,7.515
rugged64,67,55,48,21,51,AStar-Manhattan,true,true,169,169,true,0.000,44,1346,0.8397,0.0327,0.2189,6.633
rugged64,67,55,48,21,51,AStar-Ascent,true,true,169,169,true,0.000,44,1507,0.9401,0.0292,0.0000,8.239
rugged64,67,55,48,21,51,AStar-Manhattan+Ascent,true,true,169,169,true,0.000,44,1179,0.7355,0.0373,0.2189,5.234
rugged64,67,55,48,21,51,AStar-AbsHeight,false,true,169,169,true,0.000,44,1874,1.1691,0.0235,0.5917,9.818
rugged64,68,18,12,62,1,BranchAndBound,true,true,209,209,true,0.000,64,2223,1.0000,0.0288,0.0000,17.464
rugged64,68,18,12,62,1,AStar-Euclidean,true,true,209,209,true,0.000,64,1587,0.7139,0.0403,0.2153,8.716
rugged64,68,18,12,62,1,AStar-Manhattan,true,true,209,209,true,0.000,64,1339,0.6023,0.0478,0.2632,6.125
rugged64,68,18,12,62,1,AStar-Ascent,true,true,209,209,true,0.000,64,2199,0.9892,0.0291,0.0000,17.108
rugged64,68,18,12,62,1,AStar-Manhattan+Ascent,true,true,209,209,true,0.000,64,1333,0.5996,0.0480,0.2632,6.256
rugged64,68,18,12,62,1,AStar-AbsHeight,false,true,211,209,false,0.957,64,2555,1.1493,0.0250,0.3923,13.231
rugged64,69,9,49,51,32,BranchAndBound,true,true,232,232,true,0.000,60,1767,1.0000,0.0340,0.0000,11.206
rugged64,69,9,49,51,32,AStar-Euclidean,true,true,232,232,true,0.000,60,1450,0.8206,0.0414,0.1940,7.788
rugged64,69,9,49,51,32,AStar-Manhattan,true,true,232,232,true,0.000,60,1391,0.7872,0.0431,0.2543,7.108
rugged64,69,9,49,51,32,AStar-Ascent,true,true,232,232,true,0.000,60,1768,1.0006,0.0339,0.0000,11.283
rugged64,69,9,49,51,32,AStar-Manhattan+Ascent,true,true,232,232,true,0.000,60,1384,0.7832,0.0434,0.2543,7.163
rugged64,69,9,49,51,32,AStar-AbsHeight,false,true,232,232,true,0.000,60,2042,1.1556,0.0294,0.2198,10.025
rugged64,70,37,52,0,60,BranchAndBound,true,true,274,274,true,0.000,52,2482,1.0000,0.0210,0.0000,21.886
rugged64,70,37,52,0,60,AStar-Euclidean,true,true,274,274,true,0.000,52,1833,0.7385,0.0284,0.1350,12.234
rugged64,70,37,52,0,60,AStar-Manhattan,true,true,274,274,true,0.000,52,1626,0.6551,0.0320,0.1642,9.411
rugged64,70,37,52,0,60,AStar-Ascent,true,true,274,274,true,0.000,52,2346,0.9452,0.0222,0.1752,19.749
rugged64,70,37,52,0,60,AStar-Manhattan+Ascent,true,true,274,274,true,0.000,52,1506,0.6068,0.0345,0.3394,8.214
rugged64,70,37,52,0,60,AStar-AbsHeight,false,true,317,274,false,15.693,58,2892,1.1652,0.0201,0.1752,26.102
rugged64,71,62,45,8,0,BranchAndBound,true,true,425,425,true,0.000,100,3960,1.0000,0.0253,0.0000,54.366
rugged64,71,62,45,8,0,AStar-Euclidean,true,true,425,425,true,0.000,100,3770,0.9520,0.0265,0.1647,48.432
rugged64,71,62,45,8,0,AStar-Manhattan,true,true,425,425,true,0.000,100,3736,0.9434,0.0268,0.2329,48.889
rugged64,71,62,45,8,0,AStar-Ascent,true,true,425,425,true,0.000,100,3949,0.9972,0.0253,0.0000,53.418
rugged64,71,62,45,8,0,AStar-Manhattan+Ascent,true,true,425,425,true,0.000,100,3717,0.9386,0.0269,0.2329,48.540
rugged64,71,62,45,8,0,AStar-AbsHeight,false,true,431,425,false,1.412,100,6917,1.7467,0.0145,0.2259,77.193
rugged64,72,45,36,4,63,BranchAndBound,true,true,313,313,true,0.000,69,4024,1.0000,0.0171,0.0000,55.522
rugged64,72,45,36,4,63,AStar-Euclidean,true,true,313,313,true,0.000,69,3604,0.8956,0.0191,0.1565,45.869
rugged64,72,45,36,4,63,AStar-Manhattan,true,true,313,313,true,0.000,69,3406,0.8464,0.0203,0.2173,41.133
rugged64,72,45,36,4,63,AStar-Ascent,true,true,313,313,true,0.000,69,3789,0.9416,0.0182,0.0639,50.005
rugged64,72,45,36,4,63,AStar-Manhattan+Ascent,true,true,313,313,true,0.000,69,3011,0.7483,0.0229,0.2812,33.227
rugged64,72,45,36,4,63,AStar-AbsHeight,false,true,313,313,true,0.000,69,3950,0.9816,0.0175,0.0639,53.245
rugged64,73,50,43,4,2,BranchAndBound,true,true,382,382,true,0.000,88,4067,1.0000,0.0216,0.0000,57.078
rugged64,73,50,43,4,2,AStar-Euclidean,true,true,382,382,true,0.000,88,3994,0.9821,0.0220,0.1597,55.428
rugged64,73,50,43,4,2,AStar-Manhattan,true,true,382,382,true,0.000,88,3981,0.9789,0.0221,0.2277,54.894
rugged64,73,50,43,4,2,AStar-Ascent,true,true,382,382,true,0.000,88,4012,0.9865,0.0219,0.0000,55.426
rugged64,73,50,43,4,2,AStar-Manhattan+Ascent,true,true,382,382,true,0.000,88,3913,0.9621,0.0225,0.2277,54.643
rugged64,73,50,43,4,2,AStar-AbsHeight,false,true,382,382,true,0.000,88,5182,1.2742,0.0170,0.0157,72.442
rugged64,74,52,24,28,0,BranchAndBound,true,true,242,242,true,0.000,51,2158,1.0000,0.0236,0.0000,17.319
rugged64,74,52,24,28,0,AStar-Euclidean,true,true,242,242,true,0.000,51,1612,0.7470,0.0316,0.1364,9.567
rugged64,74,52,24,28,0,AStar-Manhattan,true,true,242,242,true,0.000,51,1523,0.7057,0.0335,0.1983,8.749
rugged64,74,52,24,28,0,AStar-Ascent,true,true,242,242,true,0.000,51,2105,0.9754,0.0242,0.1405,16.693
rugged64,74,52,24,28,0,AStar-Manhattan+Ascent,true,true,242,242,true,0.000,51,1533,0.7104,0.0333,0.3388,8.729
rugged64,74,52,24,28,0,AStar-AbsHeight,false,true,242,242,true,0.000,51,1823,0.8448,0.0280,0.1405,11.361
rugged64,75,42,38,34,13,BranchAndBound,true,true,182,182,true,0.000,36,2014,1.0000,0.0179,0.0000,15.565
rugged64,75,42,38,34,13,AStar-Euclidean,true,true,182,182,true,0.000,36,1582,0.7855,0.0228,0.1429,9.735
rugged64,75,42,38,34,13,AStar-Manhattan,true,true,182,182,true,0.000,36,1500,0.7448,0.0240,0.1813,8.823
rugged64,75,42,38,34,13,AStar-Ascent,true,true,182,182,true,0.000,36,1921,0.9538,0.0187,0.0000,13.482
rugged64,75,42,38,34,13,AStar-Manhattan+Ascent,true,true,182,182,true,0.000,36,1363,0.6768,0.0264,0.1813,7.033
rugged64,75,42,38,34,13,AStar-AbsHeight,false,true,184,182,false,1.099,38,2180,1.0824,0.0174,0.0989,15.283
rugged64,76,50,46,12,59,BranchAndBound,true,true,251,251,true,0.000,58,2655,1.0000,0.0218,0.0000,25.498
rugged64,76,50,46,12,59,AStar-Euclidean,true,true,251,251,true,0.000,58,2179,0.8207,0.0266,0.1594,17.146
rugged64,76,50,46,12,59,AStar-Manhattan,true,true,251,251,true,0.000,58,2053,0.7733,0.0283,0.2032,15.327
rugged64,76,50,46,12,59,AStar-Ascent,true,true,251,251,true,0.000,58,2590,0.9755,0.0224,0.0000,23.999
rugged64,76,50,46,12,59,AStar-Manhattan+Ascent,true,true,251,251,true,0.000,58,1994,0.7510,0.0291,0.2032,14.486
rugged64,76,50,46,12,59,AStar-AbsHeight,false,true,251,251,true,0.000,58,2853,1.0746,0.0203,0.1235,23.484
rugged64,77,11,54,62,1,BranchAndBound,true,true,382,382,true,0.000,105,3985,1.0000,0.0263,0.0000,55.948
rugged64,77,11,54,62,1,AStar-Euclidean,true,true,382,382,true,0.000,105,3636,0.9124,0.0289,0.1911,46.351
rugged64,77,11,54,62,1,AStar-Manhattan,true,true,382,382,true,0.000,105,3583,0.8991,0.0293,0.2723,45.103
rugged64,77,11,54,62,1,AStar-Ascent,true,true,382,382,true,0.000,105,3982,0.9992,0.0264,0.0000,54.862
rugged64,77,11,54,62,1,AStar-Manhattan+Ascent,true,true,382,382,true,0.000,105,3577,0.8976,0.0294,0.2723,45.124
rugged64,77,11,54,62,1,AStar-AbsHeight,false,true,384,382,false,0.524,105,5147,1.2916,0.0204,0.1937,63.603
rugged64,78,23,48,43,10,BranchAndBound,true,true,325,325,true,0.000,61,3826,1.0000,0.0159,0.0000,52.329
rugged64,78,23,48,43,10,AStar-Euclidean,true,true,325,325,true,0.000,61,3502,0.9153,0.0174,0.1292,43.905
rugged64,78,23,48,43,10,AStar-Manhattan,true,true,325,325,true,0.000,61,3442,0.8996,0.0177,0.1785,42.091
rugged64,78,23,48,43,10,AStar-Ascent,true,true,325,325,true,0.000,61,3170,0.8285,0.0192,0.2185,35.627
rugged64,78,23,48,43,10,AStar-Manhattan+Ascent,true,true,325,325,true,0.000,61,2682,0.7010,0.0227,0.3969,26.982
rugged64,78,23,48,43,10,AStar-AbsHeight,false,true,325,325,true,0.000,59,3238,0.8463,0.0182,0.2185,37.039
rugged64,79,60,53,15,19,BranchAndBound,true,true,380,380,true,0.000,80,3117,1.0000,0.0257,0.0000,33.074
rugged64,79,60,53,15,19,AStar-Euclidean,true,true,380,380,true,0.000,80,2678,0.8592,0.0299,0.1474,25.155
rugged64,79,60,53,15,19,AStar-Manhattan,true,true,380,380,true,0.000,80,2585,0.8293,0.0309,0.2079,23.924
rugged64,79,60,53,15,19,AStar-Ascent,true,true,380,380,true,0.000,80,3089,0.9910,0.0259,0.0000,33.477
rugged64,79,60,53,15,19,AStar-Manhattan+Ascent,true,true,380,380,true,0.000,80,2550,0.8181,0.0314,0.2079,22.656
rugged64,79,60,53,15,19,AStar-AbsHeight,false,true,383,380,false,0.789,80,5353,1.7174,0.0149,0.0921,56.112
rugged64,80,26,39,13,3,BranchAndBound,true,true,247,247,true,0.000,54,3277,1.0000,0.0165,0.0000,38.748
rugged64,80,26,39,13,3,AStar-Euclidean,true,true,247,247,true,0.000,54,2778,0.8477,0.0194,0.1538,28.924
rugged64,80,26,39,13,3,AStar-Manhattan,true,true,247,247,true,0.000,54,2580,0.7873,0.0209,0.1984,25.010
rugged64,80,26,39,13,3,AStar-Ascent,true,true,247,247,true,0.000,54,3184,0.9716,0.0170,0.0000,37.315
rugged64,80,26,39,13,3,AStar-Manhattan+Ascent,true,true,247,247,true,0.000,54,2396,0.7312,0.0225,0.1984,22.019
rugged64,80,26,39,13,3,AStar-AbsHeight,false,true,247,247,true,0.000,54,3779,1.1532,0.0143,0.0121,42.380
rugged64,81,28,47,59,33,BranchAndBound,true,true,182,182,true,0.000,52,2021,1.0000,0.0257,0.0000,14.997
rugged64,81,28,47,59,33,AStar-Euclidean,true,true,182,182,true,0.000,52,1503,0.7437,0.0346,0.1868,8.527
rugged64,81,28,47,59,33,AStar-Manhattan,true,true,182,182,true,0.000,52,1428,0.7066,0.0364,0.2473,7.841
rugged64,81,28,47,59,33,AStar-Ascent,true,true,182,182,true,0.000,52,2009,0.9941,0.0259,0.0000,14.994
rugged64,81,28,47,59,33,AStar-Manhattan+Ascent,true,true,182,182,true,0.000,52,1398,0.6917,0.0372,0.2473,7.224
rugged64,81,28,47,59,33,AStar-AbsHeight,false,true,183,182,false,0.549,52,1624,0.8036,0.0320,0.2967,8.385
rugged64,82,3,22,43,62,BranchAndBound,true,true,303,303,true,0.000,81,3480,1.0000,0.0233,0.0000,42.828
rugged64,82,3,22,43,62,AStar-Euclidean,true,true,303,303,true,0.000,81,3091,0.8882,0.0262,0.1848,33.753
rugged64,82,3,22,43,62,AStar-Manhattan,true,true,303,303,true,0.000,81,3016,0.8667,0.0269,0.2640,32.519
rugged64,82,3,22,43,62,AStar-Ascent,true,true,303,303,true,0.000,81,3479,0.9997,0.0233,0.0000,41.680
rugged64,82,3,22,43,62,AStar-Manhattan+Ascent,true,true,303,303,true,0.000,81,3010,0.8649,0.0269,0.2640,32.855
rugged64,82,3,22,43,62,AStar-AbsHeight,false,true,310,303,false,2.310,81,6318,1.8155,0.0128,0.4092,63.320
rugged64,83,63,6,45,49,BranchAndBound,true,true,278,278,true,0.000,62,1754,1.0000,0.0353,0.0000,10.764
rugged64,83,63,6,45,49,AStar-Euclidean,true,true,278,278,true,0.000,64,1531,0.8729,0.0418,0.1655,8.149
rugged64,83,63,6,45,49,AStar-Manhattan,true,true,278,278,true,0.000,64,1447,0.8250,0.0442,0.2194,7.487
rugged64,83,63,6,45,49,AStar-Ascent,true,true,278,278,true,0.000,62,1657,0.9447,0.0374,0.0108,9.585
rugged64,83,63,6,45,49,AStar-Manhattan+Ascent,true,true,278,278,true,0.000,64,1314,0.7491,0.0487,0.2302,6.100
rugged64,83,63,6,45,49,AStar-AbsHeight,false,true,278,278,true,0.000,62,1753,0.9994,0.0354,0.0108,10.448
rugged64,84,42,30,9,20,BranchAndBound,true,true,272,272,true,0.000,44,3153,1.0000,0.0140,0.0000,36.372
rugged64,84,42,30,9,20,AStar-Euclidean,true,true,272,272,true,0.000,44,2701,0.8566,0.0163,0.1250,26.928
rugged64,84,42,30,9,20,AStar-Manhattan,true,true,272,272,true,0.000,44,2469,0.7831,0.0178,0.1581,23.158
rugged64,84,42,30,9,20,AStar-Ascent,true,true,272,272,true,0.000,44,2625,0.8325,0.0168,0.3199,25.398
rugged64,84,42,30,9,20,AStar-Manhattan+Ascent,true,true,272,272,true,0.000,44,1801,0.5712,0.0244,0.4779,12.113
rugged64,84,42,30,9,20,AStar-AbsHeight,false,true,272,272,true,0.000,44,2612,0.8284,0.0168,0.3199,25.055
rugged64,85,29,30,48,2,BranchAndBound,true,true,233,233,true,0.000,50,3373,1.0000,0.0148,0.0000,41.719
rugged64,85,29,30,48,2,AStar-Euclidean,true,true,233,233,true,0.000,50,2515,0.7456,0.0199,0.1416,24.367
rugged64,85,29,30,48,2,AStar-Manhattan,true,true,233,233,true,0.000,50,2274,0.6742,0.0220,0.2017,19.779
rugged64,85,29,30,48,2,AStar-Ascent,true,true,233,233,true,0.000,50,3349,0.9929,0.0149,0.0000,41.133
rugged64,85,29,30,48,2,AStar-Manhattan+Ascent,true,true,233,233,true,0.000,50,2230,0.6611,0.0224,0.2017,19.296
rugged64,85,29,30,48,2,AStar-AbsHeight,false,true,263,233,false,12.876,56,4881,1.4471,0.0115,0.0944,59.194
rugged64,86,55,33,16,55,BranchAndBound,true,true,377,377,true,0.000,62,4055,1.0000,0.0153,0.0000,56.454
rugged64,86,55,33,16,55,AStar-Euclidean,true,true,377,377,true,0.000,62,3778,0.9317,0.0164,0.1167,49.574
rugged64,86,55,33,16,55,AStar-Manhattan,true,true,377,377,true,0.000,62,3744,0.9233,0.0166,0.1618,48.427
rugged64,86,55,33,16,55,AStar-Ascent,true,true,377,377,true,0.000,62,2614,0.6446,0.0237,0.2971,24.542
rugged64,86,55,33,16,55,AStar-Manhattan+Ascent,true,true,377,377,true,0.000,62,1914,0.4720,0.0324,0.4589,13.914
rugged64,86,55,33,16,55,AStar-AbsHeight,false,true,377,377,true,0.000,62,2618,0.6456,0.0237,0.2971,25.171
rugged64,87,27,10,58,2,BranchAndBound,true,true,177,177,true,0.000,42,1457,1.0000,0.0288,0.0000,7.638
rugged64,87,27,10,58,2,AStar-Euclidean,true,true,177,177,true,0.000,42,935,0.6417,0.0449,0.1808,3.167
rugged64,87,27,10,58,2,AStar-Manhattan,true,true,177,177,true,0.000,42,849,0.5827,0.0495,0.2203,2.569
rugged64,87,27,10,58,2,AStar-Ascent,true,true,177,177,true,0.000,42,1397,0.9588,0.0301,0.0000,7.059
rugged64,87,27,10,58,2,AStar-Manhattan+Ascent,true,true,177,177,true,0.000,42,815,0.5594,0.0515,0.2203,2.422
rugged64,87,27,10,58,2,AStar-AbsHeight,false,true,178,177,false,0.565,46,1138,0.7811,0.0404,0.0226,3.976
rugged64,88,19,8,60,22,BranchAndBound,true,true,357,357,true,0.000,58,3507,1.0000,0.0165,0.0000,42.908
rugged64,88,19,8,60,22,AStar-Euclidean,true,true,357,357,true,0.000,60,3080,0.8782,0.0195,0.1204,32.689
rugged64,88,19,8,60,22,AStar-Manhattan,true,true,357,357,true,0.000,60,2923,0.8335,0.0205,0.1541,29.465
rugged64,88,19,8,60,22,AStar-Ascent,true,true,357,357,true,0.000,58,2803,0.7993,0.0207,0.2521,27.317
rugged64,88,19,8,60,22,AStar-Manhattan+Ascent,true,true,357,357,true,0.000,58,2193,0.6253,0.0264,0.4062,16.869
rugged64,88,19,8,60,22,AStar-AbsHeight,false,true,357,357,true,0.000,58,2820,0.8041,0.0206,0.2521,27.355
rugged64,89,16,29,18,62,BranchAndBound,true,true,204,204,true,0.000,50,2628,1.0000,0.0190,0.0000,25.016
rugged64,89,16,29,18,62,AStar-Euclidean,true,true,204,204,true,0.000,50,2046,0.7785,0.0244,0.1618,15.959
rugged64,89,16,29,18,62,AStar-Manhattan,true,true,204,204,true,0.000,50,1911,0.7272,0.0262,0.1716,13.885
rugged64,89,16,29,18,62,AStar-Ascent,true,true,204,204,true,0.000,50,2539,0.9661,0.0197,0.0000,23.816
rugged64,89,16,29,18,62,AStar-Manhattan+Ascent,true,true,204,204,true,0.000,50,1783,0.6785,0.0280,0.1716,12.468
rugged64,89,16,29,18,62,AStar-AbsHeight,false,true,204,204,true,0.000,50,2535,0.9646,0.0197,0.1863,20.273
rugged64,90,22,61,30,31,BranchAndBound,true,true,193,193,true,0.000,41,1249,1.0000,0.0328,0.0000,5.653
rugged64,90,22,61,30,31,AStar-Euclidean,true,true,193,193,true,0.000,41,1080,0.8647,0.0380,0.1606,4.211
rugged64,90,22,61,30,31,AStar-Manhattan,true,true,193,193,true,0.000,41,990,0.7926,0.0414,0.1969,3.575
rugged64,90,22,61,30,31,AStar-Ascent,true,true,193,193,true,0.000,41,1236,0.9896,0.0332,0.0000,5.413
rugged64,90,22,61,30,31,AStar-Manhattan+Ascent,true,true,193,193,true,0.000,41,975,0.7806,0.0421,0.1969,3.480
rugged64,90,22,61,30,31,AStar-AbsHeight,false,true,196,193,false,1.554,41,1662,1.3307,0.0247,0.1554,8.104
rugged64,91,0,57,63,61,BranchAndBound,true,true,417,417,true,0.000,80,3491,1.0000,0.0229,0.0000,42.298
rugged64,91,0,57,63,61,AStar-Euclidean,true,true,417,417,true,0.000,80,2959,0.8476,0.0270,0.1511,31.231
rugged64,91,0,57,63,61,AStar-Manhattan,true,true,417,417,true,0.000,80,2741,0.7852,0.0292,0.1607,26.518
rugged64,91,0,57,63,61,AStar-Ascent,true,true,417,417,true,0.000,80,3426,0.9814,0.0234,0.0000,40.610
rugged64,91,0,57,63,61,AStar-Manhattan+Ascent,true,true,417,417,true,0.000,80,2568,0.7356,0.0312,0.1607,22.712
rugged64,91,0,57,63,61,AStar-AbsHeight,false,true,428,417,false,2.638,78,4765,1.3649,0.0164,0.0504,58.651
rugged64,92,41,42,18,62,BranchAndBound,true,true,183,183,true,0.000,44,2072,1.0000,0.0212,0.0000,15.921
rugged64,92,41,42,18,62,AStar-Euclidean,true,true,183,183,true,0.000,44,1595,0.7698,0.0276,0.1639,9.088
rugged64,92,41,42,18,62,AStar-Manhattan,true,true,183,183,true,0.000,44,1461,0.7051,0.0301,0.2350,7.868
rugged64,92,41,42,18,62,AStar-Ascent,true,true,183,183,true,0.000,44,2053,0.9908,0.0214,0.0000,15.683
rugged64,92,41,42,18,62,AStar-Manhattan+Ascent,true,true,183,183,true,0.000,44,1420,0.6853,0.0310,0.2350,7.680
rugged64,92,41,42,18,62,AStar-AbsHeight,false,true,183,183,true,0.000,44,2488,1.2008,0.0177,0.3279,15.046
rugged64,93,28,42,42,21,BranchAndBound,true,true,194,194,true,0.000,36,2424,1.0000,0.0149,0.0000,21.576
rugged64,93,28,42,42,21,AStar-Euclidean,true,true,194,194,true,0.000,36,1933,0.7974,0.0186,0.1289,14.348
rugged64,93,28,42,42,21,AStar-Manhattan,true,true,194,194,true,0.000,36,1768,0.7294,0.0204,0.1804,12.014
rugged64,93,28,42,42,21,AStar-Ascent,true,true,194,194,true,0.000,36,1415,0.5837,0.0254,0.3351,7.754
rugged64,93,28,42,42,21,AStar-Manhattan+Ascent,true,true,194,194,true,0.000,36,823,0.3395,0.0437,0.5155,2.645
rugged64,93,28,42,42,21,AStar-AbsHeight,false,true,194,194,true,0.000,36,1385,0.5714,0.0260,0.3351,7.120
rugged64,94,3,18,24,50,BranchAndBound,true,true,218,218,true,0.000,54,1579,1.0000,0.0342,0.0000,8.760
rugged64,94,3,18,24,50,AStar-Euclidean,true,true,218,218,true,0.000,54,1359,0.8607,0.0397,0.1743,6.666
rugged64,94,3,18,24,50,AStar-Manhattan,true,true,218,218,true,0.000,54,1326,0.8398,0.0407,0.2431,6.521
rugged64,94,3,18,24,50,AStar-Ascent,true,true,218,218,true,0.000,54,1576,0.9981,0.0343,0.0000,9.131
rugged64,94,3,18,24,50,AStar-Manhattan+Ascent,true,true,218,218,true,0.000,54,1322,0.8372,0.0408,0.2431,6.606
rugged64,94,3,18,24,50,AStar-AbsHeight,false,true,218,218,true,0.000,54,2099,1.3293,0.0257,0.3119,10.292
rugged64,95,63,58,50,6,BranchAndBound,true,true,349,349,true,0.000,70,1838,1.0000,0.0381,0.0000,12.088
rugged64,95,63,58,50,6,AStar-Euclidean,true,true,349,349,true,0.000,70,1549,0.8428,0.0452,0.1519,8.777
rugged64,95,63,58,50,6,AStar-Manhattan,true,true,349,349,true,0.000,70,1431,0.7786,0.0489,0.1862,7.563
rugged64,95,63,58,50,6,AStar-Ascent,true,true,349,349,true,0.000,70,1837,0.9995,0.0381,0.0000,11.899
rugged64,95,63,58,50,6,AStar-Manhattan+Ascent,true,true,349,349,true,0.000,70,1423,0.7742,0.0492,0.1862,7.433
rugged64,95,63,58,50,6,AStar-AbsHeight,false,true,349,349,true,0.000,70,3440,1.8716,0.0203,0.0344,20.577
rugged64,96,62,62,57,30,BranchAndBound,true,true,207,207,true,0.000,42,591,1.0000,0.0711,0.0000,1.290
rugged64,96,62,62,57,30,AStar-Euclidean,true,true,207,207,true,0.000,42,438,0.7411,0.0959,0.1546,0.780
rugged64,96,62,62,57,30,AStar-Manhattan,true,true,207,207,true,0.000,42,361,0.6108,0.1163,0.1787,0.535
rugged64,96,62,62,57,30,AStar-Ascent,true,true,207,207,true,0.000,42,591,1.0000,0.0711,0.0000,1.290
rugged64,96,62,62,57,30,AStar-Manhattan+Ascent,true,true,207,207,true,0.000,42,361,0.6108,0.1163,0.1787,0.527
rugged64,96,62,62,57,30,AStar-AbsHeight,false,true,252,207,false,21.739,54,922,1.5601,0.0586,0.2850,2.092
rugged64,97,9,18,39,42,BranchAndBound,true,true,237,237,true,0.000,55,2597,1.0000,0.0212,0.0000,24.417
rugged64,97,9,18,39,42,AStar-Euclidean,true,true,237,237,true,0.000,55,2185,0.8414,0.0252,0.1603,17.179
rugged64,97,9,18,39,42,AStar-Manhattan,true,true,237,237,true,0.000,55,2109,0.8121,0.0261,0.2278,16.380
rugged64,97,9,18,39,42,AStar-Ascent,true,true,237,237,true,0.000,55,2012,0.7747,0.0273,0.0211,14.931
rugged64,97,9,18,39,42,AStar-Manhattan+Ascent,true,true,237,237,true,0.000,55,1620,0.6238,0.0340,0.2489,9.777
rugged64,97,9,18,39,42,AStar-AbsHeight,false,true,237,237,true,0.000,55,2039,0.7851,0.0270,0.0211,14.381
rugged64,98,50,47,18,51,BranchAndBound,true,true,198,198,true,0.000,43,1932,1.0000,0.0223,0.0000,13.723
rugged64,98,50,47,18,51,AStar-Euclidean,true,true,198,198,true,0.000,43,1587,0.8214,0.0271,0.1616,9.427
rugged64,98,50,47,18,51,AStar-Manhattan,true,true,198,198,true,0.000,43,1492,0.7723,0.0288,0.1818,8.292
rugged64,98,50,47,18,51,AStar-Ascent,true,true,198,198,true,0.000,43,1715,0.8877,0.0251,0.0000,11.015
rugged64,98,50,47,18,51,AStar-Manhattan+Ascent,true,true,198,198,true,0.000,43,1166,0.6035,0.0369,0.1818,5.186
rugged64,98,50,47,18,51,AStar-AbsHeight,false,true,198,198,true,0.000,43,1712,0.8861,0.0251,0.0101,10.005
rugged64,99,11,57,16,10,BranchAndBound,true,true,308,308,true,0.000,61,2707,1.0000,0.0225,0.0000,25.987
rugged64,99,11,57,16,10,AStar-Euclidean,true,true,308,308,true,0.000,59,2323,0.8581,0.0254,0.1526,19.255
rugged64,99,11,57,16,10,AStar-Manhattan,true,true,308,308,true,0.000,61,2147,0.7931,0.0284,0.1688,16.045
rugged64,99,11,57,16,10,AStar-Ascent,true,true,308,308,true,0.000,61,2357,0.8707,0.0259,0.0325,19.360
rugged64,99,11,57,16,10,AStar-Manhattan+Ascent,true,true,308,308,true,0.000,61,1893,0.6993,0.0322,0.2013,12.765
rugged64,99,11,57,16,10,AStar-AbsHeight,false,true,319,308,false,3.571,59,2647,0.9778,0.0223,0.0325,22.613
